<?xml version="1.0"?>
<gpx xmlns="http://www.topografix.com/GPX/1/1" xmlns:xsi="http://www.w3.org/2001/XMLSchema-instance" version="1.1" creator="AllTrails.com" xsi:schemaLocation="http://www.topografix.com/GPX/1/1 http://www.topografix.com/GPX/1/1/gpx.xsd">
  <metadata>
    <name><![CDATA[NN Ultrabalaton 2026]]></name>
    <desc><![CDATA[]]></desc>
    <link href="http://www.alltrails.com">
      <text>AllTrails, LLC</text>
    </link>
    <bounds minlat="46.69829" minlon="17.24081" maxlat="47.06313" maxlon="18.1737"/>
  </metadata>
  <wpt lat="46.92224" lon="17.82488">
    <name><![CDATA[Aszófő, ultra frissítő és csapat váltópont]]></name>
    <desc><![CDATA[]]></desc>
  </wpt>
  <wpt lat="46.89492" lon="17.78945">
    <name><![CDATA[Fövenyes, ultra váltó és frissítő, csapat váltópont]]></name>
    <desc><![CDATA[]]></desc>
  </wpt>
  <wpt lat="46.88214" lon="17.75621">
    <name><![CDATA[Balatonakali, ultra frissítő és csapat váltópont]]></name>
    <desc><![CDATA[]]></desc>
  </wpt>
  <wpt lat="46.87095" lon="17.68638">
    <name><![CDATA[Zánka, csapat váltópont]]></name>
    <desc><![CDATA[]]></desc>
  </wpt>
  <wpt lat="46.81348" lon="17.57051">
    <name><![CDATA[Ábrahámhegy, ultra frissítő és csapat váltópont]]></name>
    <desc><![CDATA[]]></desc>
  </wpt>
  <wpt lat="46.78811" lon="17.49994">
    <name><![CDATA[Badacsony, ultra frissítő és csapat váltópont]]></name>
    <desc><![CDATA[]]></desc>
  </wpt>
  <wpt lat="46.80761" lon="17.466">
    <name><![CDATA[Badacsonytördemic, ultra váltó és frissítő és csapat váltópont]]></name>
    <desc><![CDATA[]]></desc>
  </wpt>
  <wpt lat="46.754645" lon="17.312077">
    <name><![CDATA[Vonyarcvashegy, csapat váltópont]]></name>
    <desc><![CDATA[]]></desc>
  </wpt>
  <wpt lat="46.75094" lon="17.24566">
    <name><![CDATA[Keszthely. ultra váltó és frissítőpont és csapat váltópont]]></name>
    <desc><![CDATA[]]></desc>
  </wpt>
  <wpt lat="46.710917" lon="17.24691">
    <name><![CDATA[Fenékpuszta, ultra frissítő és csapat vf]]></name>
    <desc><![CDATA[ultra frissítő és csapat váltópont]]></desc>
  </wpt>
  <wpt lat="46.714337" lon="17.322752">
    <name><![CDATA[Balatonberény focipálya, ultra váltó és frissítő és csapat váltópont]]></name>
    <desc><![CDATA[]]></desc>
  </wpt>
  <wpt lat="46.70676" lon="17.37083">
    <name><![CDATA[Balatonmáriafürdő nyugat, csapat váltópont]]></name>
    <desc><![CDATA[]]></desc>
  </wpt>
  <wpt lat="46.70597" lon="17.43501">
    <name><![CDATA[Balatonmáriafürdő kelet, ultra váltó és frissítő és csapat váltópont]]></name>
    <desc><![CDATA[]]></desc>
  </wpt>
  <wpt lat="46.712715" lon="17.476432">
    <name><![CDATA[Balatonfenyves kikötő, ultra frissítő és csapat váltópont]]></name>
    <desc><![CDATA[]]></desc>
  </wpt>
  <wpt lat="46.729919" lon="17.528815">
    <name><![CDATA[Alsóbélatelep, ultra frissítő és csapat váltópont]]></name>
    <desc><![CDATA[]]></desc>
  </wpt>
  <wpt lat="46.74994" lon="17.55627">
    <name><![CDATA[Fonyód, ultra váltó és frissítő és csapat váltópont]]></name>
    <desc><![CDATA[]]></desc>
  </wpt>
  <wpt lat="46.76029" lon="17.59218">
    <name><![CDATA[Fonyód liget, ultra frissítő és csapat váltópont]]></name>
    <desc><![CDATA[]]></desc>
  </wpt>
  <wpt lat="46.77994" lon="17.65024">
    <name><![CDATA[Balatonboglár nyugat, csapat váltópont]]></name>
    <desc><![CDATA[]]></desc>
  </wpt>
  <wpt lat="46.78998" lon="17.69646">
    <name><![CDATA[Balatonlelle nyugat, csapat váltópont]]></name>
    <desc><![CDATA[]]></desc>
  </wpt>
  <wpt lat="46.79469" lon="17.719156">
    <name><![CDATA[Balatonlelle kelet, ultra váltó és frissítő és csapat váltópont]]></name>
    <desc><![CDATA[]]></desc>
  </wpt>
  <wpt lat="46.811112" lon="17.775782">
    <name><![CDATA[Balatonlszemes, ultra frissítő és csapat váltópont]]></name>
    <desc><![CDATA[]]></desc>
  </wpt>
  <wpt lat="46.831873" lon="17.828364">
    <name><![CDATA[Balatonszárszó, ultra váltó és frissítő és csapat váltópont]]></name>
    <desc><![CDATA[]]></desc>
  </wpt>
  <wpt lat="46.84863" lon="17.86917">
    <name><![CDATA[Balatonföldvár nyugat, ultra frissítő és csapat váltópont]]></name>
    <desc><![CDATA[]]></desc>
  </wpt>
  <wpt lat="46.91978" lon="18.08091">
    <name><![CDATA[Siófok kelet, ultra frissítő és csapat váltópont]]></name>
    <desc><![CDATA[]]></desc>
  </wpt>
  <wpt lat="47.04099" lon="18.01942">
    <name><![CDATA[Balatonalmádi, ultra váltó és frissítő és csapat váltópont]]></name>
    <desc><![CDATA[]]></desc>
  </wpt>
  <wpt lat="47.02633" lon="18.01279">
    <name><![CDATA[Balatonalmádi strand, ultra váltó és frissítő és csapat váltópont]]></name>
    <desc><![CDATA[]]></desc>
  </wpt>
  <wpt lat="46.7819" lon="17.65897">
    <name><![CDATA[Balatonboglár kelet, ultra frissítő és csapat váltópont]]></name>
    <desc><![CDATA[]]></desc>
  </wpt>
  <wpt lat="46.901155" lon="18.017128">
    <name><![CDATA[Siófok nyugat, csapat váltópont]]></name>
    <desc><![CDATA[]]></desc>
  </wpt>
  <wpt lat="46.7085" lon="17.45492">
    <name><![CDATA[Balatonfenyves nyugat, csapat váltópont]]></name>
    <desc><![CDATA[]]></desc>
  </wpt>
  <wpt lat="46.80792" lon="17.43424">
    <name><![CDATA[Szigliget, ultra frissítő és csapat váltópont]]></name>
    <desc><![CDATA[]]></desc>
  </wpt>
  <wpt lat="46.70594" lon="17.289562">
    <name><![CDATA[Balatonberény nyugat, ultra frissítőpont és csapat váltópont]]></name>
    <desc><![CDATA[]]></desc>
  </wpt>
  <wpt lat="46.76627" lon="17.26968">
    <name><![CDATA[Keszthely kelet frissítő és váltópont]]></name>
    <desc><![CDATA[]]></desc>
  </wpt>
  <wpt lat="46.88104" lon="17.71035">
    <name><![CDATA[Zánka Erzsébet-tábor]]></name>
    <desc><![CDATA[Ultra váltó és frissítő, csapat váltópont]]></desc>
  </wpt>
  <wpt lat="46.82973" lon="17.63677">
    <name><![CDATA[Révfülöp kelet Ultra váltó és frissítő, csapat váltópont]]></name>
    <desc><![CDATA[]]></desc>
  </wpt>
  <wpt lat="46.82313" lon="17.61909">
    <name><![CDATA[Révfülöp nyugat]]></name>
    <desc><![CDATA[Csapat váltópont és frissítőpont]]></desc>
  </wpt>
  <wpt lat="46.84995" lon="17.65945">
    <name><![CDATA[Balatonszepezd egyéni frissítő és csapat váltó frissítőpont]]></name>
    <desc><![CDATA[Egyéni és csapat váltó és frissítőpont]]></desc>
  </wpt>
  <wpt lat="47.05578" lon="18.03117">
    <name><![CDATA[Tobruk]]></name>
    <desc><![CDATA[Csapat váltó és frissítőpont]]></desc>
  </wpt>
  <wpt lat="46.75797" lon="17.30357">
    <name><![CDATA[Vonyarcvashegy ultra  frissítőpont]]></name>
    <desc><![CDATA[]]></desc>
  </wpt>
  <wpt lat="46.94545" lon="17.87391">
    <name><![CDATA[Egyéni, 2-5 fős rajt/célzóna]]></name>
    <desc><![CDATA[]]></desc>
  </wpt>
  <wpt lat="46.70571" lon="17.36911">
    <name><![CDATA[Balatonmáriafürdő nyugat, Egyéni frissítő]]></name>
    <desc><![CDATA[]]></desc>
  </wpt>
  <wpt lat="46.85782" lon="17.88912">
    <name><![CDATA[Balatonföldvár kelet váltó és frissítőpont]]></name>
    <desc><![CDATA[]]></desc>
  </wpt>
  <wpt lat="46.88466" lon="17.9292">
    <name><![CDATA[Zamárdi ultra váltó és frissítő és csapat váltópont és]]></name>
    <desc><![CDATA[]]></desc>
  </wpt>
  <wpt lat="46.89448" lon="17.99186">
    <name><![CDATA[Balatonszéplak ultra váltó és frissítőpont és csapt váltópont]]></name>
    <desc><![CDATA[]]></desc>
  </wpt>
  <wpt lat="46.96936" lon="17.93561">
    <name><![CDATA[Csopak ultra váltó és frissítőpont csapat váltópont]]></name>
    <desc><![CDATA[]]></desc>
  </wpt>
  <wpt lat="46.91039" lon="18.04913">
    <name><![CDATA[Siófok kampusz csapat és egyéni váltó és frissítőpont]]></name>
    <desc><![CDATA[]]></desc>
  </wpt>
  <wpt lat="46.87159" lon="17.9048">
    <name><![CDATA[Szántód ultra frissítő és csapat váltó és frissítőpont]]></name>
    <desc><![CDATA[]]></desc>
  </wpt>
  <wpt lat="47.032718" lon="18.111644">
    <name><![CDATA[Balatonkenese csapat váltópont egyéni frissítőpont]]></name>
    <desc><![CDATA[]]></desc>
  </wpt>
  <wpt lat="46.821339" lon="17.795858">
    <name><![CDATA[Balatonőszöd ultra frissítő csapat váltó]]></name>
    <desc><![CDATA[]]></desc>
  </wpt>
  <wpt lat="46.791374" lon="17.380718">
    <name><![CDATA[Balatonederics ultra frissítő csapat vál]]></name>
    <desc><![CDATA[ultra frissítő csapat váltó]]></desc>
  </wpt>
  <wpt lat="46.955417" lon="18.149665">
    <name><![CDATA[Balatonvilágos nyugat, csapat váltópont]]></name>
    <desc><![CDATA[]]></desc>
  </wpt>
  <wpt lat="46.805836" lon="17.535735">
    <name><![CDATA[Varga Pincészet, ultra váltó és frissítőpont és csapat váltópont]]></name>
    <desc><![CDATA[]]></desc>
  </wpt>
  <wpt lat="46.770865" lon="17.363162">
    <name><![CDATA[Balatongyörök, ultra váltó és frissítő és csapat váltópont]]></name>
    <desc><![CDATA[]]></desc>
  </wpt>
  <wpt lat="46.763097" lon="17.29056">
    <name><![CDATA[Gyenesdiás, Csapat váltópont]]></name>
    <desc><![CDATA[]]></desc>
  </wpt>
  <wpt lat="46.939656" lon="18.128729">
    <name><![CDATA[Siófok Sós-tó, ultra váltó és frissítő és csapat váltópont]]></name>
    <desc><![CDATA[]]></desc>
  </wpt>
  <wpt lat="46.976446" lon="18.169037">
    <name><![CDATA[Balatonvilágos, ultra frissítő és csapat váltópont]]></name>
    <desc><![CDATA[]]></desc>
  </wpt>
  <wpt lat="47.05139" lon="18.054024">
    <name><![CDATA[Balatonfűzfő, ultra váltó és frissítő és csapat váltópont]]></name>
    <desc><![CDATA[]]></desc>
  </wpt>
  <wpt lat="46.985259" lon="17.978563">
    <name><![CDATA[Alsóörs, ultra frissítő és csapat váltópont]]></name>
    <desc><![CDATA[]]></desc>
  </wpt>
  <wpt lat="46.958358" lon="17.911422">
    <name><![CDATA[Balatonfüred kelet, ultra frissítő és csapat váltópont]]></name>
    <desc><![CDATA[]]></desc>
  </wpt>
  <wpt lat="47.016019" lon="18.166172">
    <name><![CDATA[Balatonakarattya, ultra váltó és frissítő és csapat váltópont]]></name>
    <desc><![CDATA[]]></desc>
  </wpt>
  <wpt lat="46.749984" lon="17.35135">
    <name><![CDATA[Balatongyörök, csapat váltópont]]></name>
    <desc><![CDATA[]]></desc>
  </wpt>
  <wpt lat="46.753336" lon="17.332896">
    <name><![CDATA[Balatongyörök, ultra frissítőpont]]></name>
    <desc><![CDATA[]]></desc>
  </wpt>
  <trk>
    <name><![CDATA[NN Ultrabalaton 2026]]></name>
    <src>AllTrails</src>
    <trkseg>
      <trkpt lat="46.94829" lon="17.87243">
        <ele>110.74</ele>
      </trkpt>
      <trkpt lat="46.94828" lon="17.87242">
        <ele>110.53</ele>
      </trkpt>
      <trkpt lat="46.94809" lon="17.87258">
        <ele>108.24</ele>
      </trkpt>
      <trkpt lat="46.94817" lon="17.87278">
        <ele>109.06</ele>
      </trkpt>
      <trkpt lat="46.94825" lon="17.873">
        <ele>109.94</ele>
      </trkpt>
      <trkpt lat="46.94833" lon="17.87322">
        <ele>112.71</ele>
      </trkpt>
      <trkpt lat="46.94841" lon="17.87343">
        <ele>114.46</ele>
      </trkpt>
      <trkpt lat="46.94849" lon="17.87365">
        <ele>114.56</ele>
      </trkpt>
      <trkpt lat="46.94857" lon="17.87387">
        <ele>114.85</ele>
      </trkpt>
      <trkpt lat="46.94864" lon="17.87406">
        <ele>114.28</ele>
      </trkpt>
      <trkpt lat="46.94876" lon="17.8744">
        <ele>113.07</ele>
      </trkpt>
      <trkpt lat="46.94891" lon="17.87474">
        <ele>110.37</ele>
      </trkpt>
      <trkpt lat="46.94899" lon="17.87496">
        <ele>107.18</ele>
      </trkpt>
      <trkpt lat="46.949" lon="17.87497">
        <ele>106.99</ele>
      </trkpt>
      <trkpt lat="46.94902" lon="17.87509">
        <ele>107.5</ele>
      </trkpt>
      <trkpt lat="46.94897" lon="17.87511">
        <ele>107.82</ele>
      </trkpt>
      <trkpt lat="46.94897" lon="17.87511">
        <ele>107.82</ele>
      </trkpt>
      <trkpt lat="46.94844" lon="17.87531">
        <ele>105.04</ele>
      </trkpt>
      <trkpt lat="46.94821" lon="17.8754">
        <ele>102.07</ele>
      </trkpt>
      <trkpt lat="46.94787" lon="17.87552">
        <ele>97.77</ele>
      </trkpt>
      <trkpt lat="46.94761" lon="17.87561">
        <ele>97.08</ele>
      </trkpt>
      <trkpt lat="46.94736" lon="17.87561">
        <ele>99.73</ele>
      </trkpt>
      <trkpt lat="46.9472" lon="17.87565">
        <ele>102.12</ele>
      </trkpt>
      <trkpt lat="46.9472" lon="17.87565">
        <ele>102.12</ele>
      </trkpt>
      <trkpt lat="46.94715" lon="17.87566">
        <ele>102.36</ele>
      </trkpt>
      <trkpt lat="46.94706" lon="17.87567">
        <ele>102.97</ele>
      </trkpt>
      <trkpt lat="46.94702" lon="17.87563">
        <ele>103.17</ele>
      </trkpt>
      <trkpt lat="46.94697" lon="17.87561">
        <ele>103.3</ele>
      </trkpt>
      <trkpt lat="46.94692" lon="17.87562">
        <ele>103.64</ele>
      </trkpt>
      <trkpt lat="46.94687" lon="17.87565">
        <ele>104.22</ele>
      </trkpt>
      <trkpt lat="46.94684" lon="17.8757">
        <ele>104.79</ele>
      </trkpt>
      <trkpt lat="46.94681" lon="17.8758">
        <ele>105.73</ele>
      </trkpt>
      <trkpt lat="46.94676" lon="17.87588">
        <ele>106.66</ele>
      </trkpt>
      <trkpt lat="46.94672" lon="17.87592">
        <ele>107.24</ele>
      </trkpt>
      <trkpt lat="46.94661" lon="17.87599">
        <ele>107.49</ele>
      </trkpt>
      <trkpt lat="46.9465" lon="17.87604">
        <ele>106.4</ele>
      </trkpt>
      <trkpt lat="46.94634" lon="17.87606">
        <ele>104.82</ele>
      </trkpt>
      <trkpt lat="46.94629" lon="17.87604">
        <ele>104.64</ele>
      </trkpt>
      <trkpt lat="46.94629" lon="17.87604">
        <ele>104.64</ele>
      </trkpt>
      <trkpt lat="46.94622" lon="17.87602">
        <ele>104.39</ele>
      </trkpt>
      <trkpt lat="46.94604" lon="17.87571">
        <ele>105.66</ele>
      </trkpt>
      <trkpt lat="46.94543" lon="17.87463">
        <ele>111.55</ele>
      </trkpt>
      <trkpt lat="46.94543" lon="17.87463">
        <ele>111.55</ele>
      </trkpt>
      <trkpt lat="46.94532" lon="17.87445">
        <ele>111.15</ele>
      </trkpt>
      <trkpt lat="46.94495" lon="17.87341">
        <ele>107.16</ele>
      </trkpt>
      <trkpt lat="46.94492" lon="17.87332">
        <ele>106.68</ele>
      </trkpt>
      <trkpt lat="46.94486" lon="17.87312">
        <ele>104.58</ele>
      </trkpt>
      <trkpt lat="46.94458" lon="17.87213">
        <ele>102.61</ele>
      </trkpt>
      <trkpt lat="46.94431" lon="17.87134">
        <ele>106.48</ele>
      </trkpt>
      <trkpt lat="46.944" lon="17.87062">
        <ele>109.25</ele>
      </trkpt>
      <trkpt lat="46.94386" lon="17.87036">
        <ele>108.3</ele>
      </trkpt>
      <trkpt lat="46.94358" lon="17.86986">
        <ele>106.16</ele>
      </trkpt>
      <trkpt lat="46.94341" lon="17.86963">
        <ele>108.1</ele>
      </trkpt>
      <trkpt lat="46.94309" lon="17.8692">
        <ele>111.3</ele>
      </trkpt>
      <trkpt lat="46.94309" lon="17.8692">
        <ele>111.3</ele>
      </trkpt>
      <trkpt lat="46.94293" lon="17.86899">
        <ele>111.05</ele>
      </trkpt>
      <trkpt lat="46.94267" lon="17.86864">
        <ele>112.55</ele>
      </trkpt>
      <trkpt lat="46.94205" lon="17.86782">
        <ele>111.12</ele>
      </trkpt>
      <trkpt lat="46.94178" lon="17.86746">
        <ele>108.58</ele>
      </trkpt>
      <trkpt lat="46.9417" lon="17.86735">
        <ele>107.95</ele>
      </trkpt>
      <trkpt lat="46.94113" lon="17.86662">
        <ele>107.09</ele>
      </trkpt>
      <trkpt lat="46.94037" lon="17.86567">
        <ele>99.59</ele>
      </trkpt>
      <trkpt lat="46.93939" lon="17.86442">
        <ele>109.21</ele>
      </trkpt>
      <trkpt lat="46.93873" lon="17.86356">
        <ele>104.6</ele>
      </trkpt>
      <trkpt lat="46.93812" lon="17.86282">
        <ele>106.12</ele>
      </trkpt>
      <trkpt lat="46.93792" lon="17.86258">
        <ele>106.94</ele>
      </trkpt>
      <trkpt lat="46.93778" lon="17.86241">
        <ele>106.68</ele>
      </trkpt>
      <trkpt lat="46.93767" lon="17.86224">
        <ele>104.51</ele>
      </trkpt>
      <trkpt lat="46.93719" lon="17.86161">
        <ele>107.01</ele>
      </trkpt>
      <trkpt lat="46.93689" lon="17.86122">
        <ele>109.87</ele>
      </trkpt>
      <trkpt lat="46.93671" lon="17.86098">
        <ele>110.72</ele>
      </trkpt>
      <trkpt lat="46.93667" lon="17.86093">
        <ele>111.58</ele>
      </trkpt>
      <trkpt lat="46.9366" lon="17.86082">
        <ele>112.42</ele>
      </trkpt>
      <trkpt lat="46.93649" lon="17.86069">
        <ele>111.28</ele>
      </trkpt>
      <trkpt lat="46.93635" lon="17.86055">
        <ele>110.73</ele>
      </trkpt>
      <trkpt lat="46.93617" lon="17.86039">
        <ele>106.98</ele>
      </trkpt>
      <trkpt lat="46.93593" lon="17.8602">
        <ele>102.28</ele>
      </trkpt>
      <trkpt lat="46.93575" lon="17.86008">
        <ele>100.49</ele>
      </trkpt>
      <trkpt lat="46.93575" lon="17.86008">
        <ele>100.49</ele>
      </trkpt>
      <trkpt lat="46.93568" lon="17.86003">
        <ele>100.36</ele>
      </trkpt>
      <trkpt lat="46.93504" lon="17.85968">
        <ele>94.32</ele>
      </trkpt>
      <trkpt lat="46.93463" lon="17.85954">
        <ele>90.74</ele>
      </trkpt>
      <trkpt lat="46.9343" lon="17.8595">
        <ele>90.81</ele>
      </trkpt>
      <trkpt lat="46.93262" lon="17.8594">
        <ele>86.71</ele>
      </trkpt>
      <trkpt lat="46.93255" lon="17.85941">
        <ele>88.7</ele>
      </trkpt>
      <trkpt lat="46.9325" lon="17.85942">
        <ele>90.5</ele>
      </trkpt>
      <trkpt lat="46.93247" lon="17.85943">
        <ele>91.16</ele>
      </trkpt>
      <trkpt lat="46.93243" lon="17.85942">
        <ele>90.66</ele>
      </trkpt>
      <trkpt lat="46.93239" lon="17.85941">
        <ele>90.24</ele>
      </trkpt>
      <trkpt lat="46.93233" lon="17.8594">
        <ele>89.97</ele>
      </trkpt>
      <trkpt lat="46.93215" lon="17.85941">
        <ele>91.08</ele>
      </trkpt>
      <trkpt lat="46.93208" lon="17.8594">
        <ele>91.22</ele>
      </trkpt>
      <trkpt lat="46.93187" lon="17.85939">
        <ele>91.78</ele>
      </trkpt>
      <trkpt lat="46.93182" lon="17.8594">
        <ele>91.62</ele>
      </trkpt>
      <trkpt lat="46.93178" lon="17.85941">
        <ele>91.48</ele>
      </trkpt>
      <trkpt lat="46.93174" lon="17.85942">
        <ele>91.33</ele>
      </trkpt>
      <trkpt lat="46.9317" lon="17.85942">
        <ele>91.2</ele>
      </trkpt>
      <trkpt lat="46.93166" lon="17.85941">
        <ele>91.2</ele>
      </trkpt>
      <trkpt lat="46.93163" lon="17.8594">
        <ele>91.6</ele>
      </trkpt>
      <trkpt lat="46.93159" lon="17.85939">
        <ele>92.13</ele>
      </trkpt>
      <trkpt lat="46.93115" lon="17.85942">
        <ele>97.55</ele>
      </trkpt>
      <trkpt lat="46.93109" lon="17.85943">
        <ele>98.12</ele>
      </trkpt>
      <trkpt lat="46.93105" lon="17.85945">
        <ele>98.1</ele>
      </trkpt>
      <trkpt lat="46.93101" lon="17.85946">
        <ele>98.01</ele>
      </trkpt>
      <trkpt lat="46.93097" lon="17.85946">
        <ele>98.14</ele>
      </trkpt>
      <trkpt lat="46.93097" lon="17.85946">
        <ele>98.14</ele>
      </trkpt>
      <trkpt lat="46.93094" lon="17.85946">
        <ele>98.25</ele>
      </trkpt>
      <trkpt lat="46.93091" lon="17.85945">
        <ele>98.59</ele>
      </trkpt>
      <trkpt lat="46.93085" lon="17.85945">
        <ele>98.8</ele>
      </trkpt>
      <trkpt lat="46.93063" lon="17.85948">
        <ele>96.83</ele>
      </trkpt>
      <trkpt lat="46.93043" lon="17.85951">
        <ele>96.14</ele>
      </trkpt>
      <trkpt lat="46.93038" lon="17.85953">
        <ele>96.04</ele>
      </trkpt>
      <trkpt lat="46.93035" lon="17.85955">
        <ele>95.94</ele>
      </trkpt>
      <trkpt lat="46.93031" lon="17.85956">
        <ele>96.02</ele>
      </trkpt>
      <trkpt lat="46.93026" lon="17.85956">
        <ele>95.88</ele>
      </trkpt>
      <trkpt lat="46.93021" lon="17.85955">
        <ele>95.09</ele>
      </trkpt>
      <trkpt lat="46.93016" lon="17.85955">
        <ele>94.24</ele>
      </trkpt>
      <trkpt lat="46.92972" lon="17.8596">
        <ele>84.25</ele>
      </trkpt>
      <trkpt lat="46.92966" lon="17.85962">
        <ele>84.48</ele>
      </trkpt>
      <trkpt lat="46.92962" lon="17.85965">
        <ele>84.36</ele>
      </trkpt>
      <trkpt lat="46.92957" lon="17.85966">
        <ele>83.96</ele>
      </trkpt>
      <trkpt lat="46.92953" lon="17.85966">
        <ele>83.66</ele>
      </trkpt>
      <trkpt lat="46.92948" lon="17.85966">
        <ele>83.28</ele>
      </trkpt>
      <trkpt lat="46.92943" lon="17.85967">
        <ele>83.13</ele>
      </trkpt>
      <trkpt lat="46.92904" lon="17.85983">
        <ele>89.99</ele>
      </trkpt>
      <trkpt lat="46.92902" lon="17.85985">
        <ele>90.03</ele>
      </trkpt>
      <trkpt lat="46.92899" lon="17.85987">
        <ele>90.04</ele>
      </trkpt>
      <trkpt lat="46.92896" lon="17.8599">
        <ele>90.3</ele>
      </trkpt>
      <trkpt lat="46.92893" lon="17.85993">
        <ele>90.67</ele>
      </trkpt>
      <trkpt lat="46.9289" lon="17.85995">
        <ele>90.96</ele>
      </trkpt>
      <trkpt lat="46.92887" lon="17.85995">
        <ele>90.78</ele>
      </trkpt>
      <trkpt lat="46.92883" lon="17.85996">
        <ele>90.65</ele>
      </trkpt>
      <trkpt lat="46.92877" lon="17.85999">
        <ele>90.58</ele>
      </trkpt>
      <trkpt lat="46.92847" lon="17.86024">
        <ele>89.41</ele>
      </trkpt>
      <trkpt lat="46.92837" lon="17.86035">
        <ele>88.01</ele>
      </trkpt>
      <trkpt lat="46.92832" lon="17.86045">
        <ele>86.66</ele>
      </trkpt>
      <trkpt lat="46.92827" lon="17.86053">
        <ele>85.73</ele>
      </trkpt>
      <trkpt lat="46.9282" lon="17.86056">
        <ele>85.07</ele>
      </trkpt>
      <trkpt lat="46.92815" lon="17.86058">
        <ele>84.88</ele>
      </trkpt>
      <trkpt lat="46.92811" lon="17.86059">
        <ele>84.72</ele>
      </trkpt>
      <trkpt lat="46.92808" lon="17.86059">
        <ele>84.53</ele>
      </trkpt>
      <trkpt lat="46.92806" lon="17.86058">
        <ele>84.29</ele>
      </trkpt>
      <trkpt lat="46.92805" lon="17.86056">
        <ele>84.07</ele>
      </trkpt>
      <trkpt lat="46.92802" lon="17.86053">
        <ele>84.26</ele>
      </trkpt>
      <trkpt lat="46.92798" lon="17.86046">
        <ele>84.59</ele>
      </trkpt>
      <trkpt lat="46.92796" lon="17.86045">
        <ele>84.58</ele>
      </trkpt>
      <trkpt lat="46.92793" lon="17.86047">
        <ele>84.51</ele>
      </trkpt>
      <trkpt lat="46.92793" lon="17.8605">
        <ele>84.49</ele>
      </trkpt>
      <trkpt lat="46.92791" lon="17.86054">
        <ele>84.52</ele>
      </trkpt>
      <trkpt lat="46.92789" lon="17.8606">
        <ele>84.98</ele>
      </trkpt>
      <trkpt lat="46.9278" lon="17.86072">
        <ele>86.15</ele>
      </trkpt>
      <trkpt lat="46.92776" lon="17.86078">
        <ele>86.35</ele>
      </trkpt>
      <trkpt lat="46.92776" lon="17.86078">
        <ele>86.35</ele>
      </trkpt>
      <trkpt lat="46.92764" lon="17.86096">
        <ele>85.7</ele>
      </trkpt>
      <trkpt lat="46.92704" lon="17.86183">
        <ele>85.79</ele>
      </trkpt>
      <trkpt lat="46.9269" lon="17.86204">
        <ele>87.27</ele>
      </trkpt>
      <trkpt lat="46.92683" lon="17.86209">
        <ele>88.48</ele>
      </trkpt>
      <trkpt lat="46.92675" lon="17.86211">
        <ele>89.57</ele>
      </trkpt>
      <trkpt lat="46.92666" lon="17.86211">
        <ele>90.69</ele>
      </trkpt>
      <trkpt lat="46.92655" lon="17.86212">
        <ele>92.2</ele>
      </trkpt>
      <trkpt lat="46.92652" lon="17.86202">
        <ele>92.62</ele>
      </trkpt>
      <trkpt lat="46.92628" lon="17.8614">
        <ele>96.6</ele>
      </trkpt>
      <trkpt lat="46.92565" lon="17.85985">
        <ele>105.81</ele>
      </trkpt>
      <trkpt lat="46.92546" lon="17.85939">
        <ele>101.99</ele>
      </trkpt>
      <trkpt lat="46.92541" lon="17.85926">
        <ele>101.35</ele>
      </trkpt>
      <trkpt lat="46.92524" lon="17.8592">
        <ele>101.61</ele>
      </trkpt>
      <trkpt lat="46.92524" lon="17.8592">
        <ele>101.61</ele>
      </trkpt>
      <trkpt lat="46.92521" lon="17.85919">
        <ele>101.43</ele>
      </trkpt>
      <trkpt lat="46.92508" lon="17.85912">
        <ele>100.82</ele>
      </trkpt>
      <trkpt lat="46.9246" lon="17.85883">
        <ele>110.29</ele>
      </trkpt>
      <trkpt lat="46.92367" lon="17.85832">
        <ele>115.83</ele>
      </trkpt>
      <trkpt lat="46.92288" lon="17.85783">
        <ele>113.89</ele>
      </trkpt>
      <trkpt lat="46.92249" lon="17.85757">
        <ele>115.44</ele>
      </trkpt>
      <trkpt lat="46.92226" lon="17.85732">
        <ele>114.99</ele>
      </trkpt>
      <trkpt lat="46.92199" lon="17.85711">
        <ele>112.3</ele>
      </trkpt>
      <trkpt lat="46.9218" lon="17.85687">
        <ele>111.86</ele>
      </trkpt>
      <trkpt lat="46.92174" lon="17.85676">
        <ele>112.26</ele>
      </trkpt>
      <trkpt lat="46.9217" lon="17.8566">
        <ele>112.97</ele>
      </trkpt>
      <trkpt lat="46.92161" lon="17.8563">
        <ele>111.7</ele>
      </trkpt>
      <trkpt lat="46.9216" lon="17.85628">
        <ele>111.44</ele>
      </trkpt>
      <trkpt lat="46.9216" lon="17.85628">
        <ele>111.44</ele>
      </trkpt>
      <trkpt lat="46.92158" lon="17.85624">
        <ele>110.94</ele>
      </trkpt>
      <trkpt lat="46.92156" lon="17.85621">
        <ele>110.55</ele>
      </trkpt>
      <trkpt lat="46.92148" lon="17.85617">
        <ele>109.82</ele>
      </trkpt>
      <trkpt lat="46.92144" lon="17.85614">
        <ele>109.41</ele>
      </trkpt>
      <trkpt lat="46.92141" lon="17.85609">
        <ele>108.92</ele>
      </trkpt>
      <trkpt lat="46.92125" lon="17.85534">
        <ele>104.95</ele>
      </trkpt>
      <trkpt lat="46.92092" lon="17.85354">
        <ele>110.31</ele>
      </trkpt>
      <trkpt lat="46.92084" lon="17.85305">
        <ele>109.05</ele>
      </trkpt>
      <trkpt lat="46.92084" lon="17.85305">
        <ele>109.05</ele>
      </trkpt>
      <trkpt lat="46.92082" lon="17.85298">
        <ele>108.99</ele>
      </trkpt>
      <trkpt lat="46.92078" lon="17.85279">
        <ele>108.82</ele>
      </trkpt>
      <trkpt lat="46.92077" lon="17.85273">
        <ele>108.51</ele>
      </trkpt>
      <trkpt lat="46.92078" lon="17.85262">
        <ele>107.89</ele>
      </trkpt>
      <trkpt lat="46.92079" lon="17.85255">
        <ele>107.46</ele>
      </trkpt>
      <trkpt lat="46.9208" lon="17.8525">
        <ele>107.12</ele>
      </trkpt>
      <trkpt lat="46.92078" lon="17.85229">
        <ele>105.53</ele>
      </trkpt>
      <trkpt lat="46.92078" lon="17.8522">
        <ele>104.84</ele>
      </trkpt>
      <trkpt lat="46.9208" lon="17.85174">
        <ele>102.26</ele>
      </trkpt>
      <trkpt lat="46.92083" lon="17.85141">
        <ele>101.09</ele>
      </trkpt>
      <trkpt lat="46.9209" lon="17.85106">
        <ele>101.04</ele>
      </trkpt>
      <trkpt lat="46.92101" lon="17.85066">
        <ele>102.34</ele>
      </trkpt>
      <trkpt lat="46.9211" lon="17.85032">
        <ele>103.88</ele>
      </trkpt>
      <trkpt lat="46.92113" lon="17.85024">
        <ele>103.78</ele>
      </trkpt>
      <trkpt lat="46.92129" lon="17.84978">
        <ele>99.7</ele>
      </trkpt>
      <trkpt lat="46.92153" lon="17.84907">
        <ele>91.52</ele>
      </trkpt>
      <trkpt lat="46.92153" lon="17.84907">
        <ele>91.52</ele>
      </trkpt>
      <trkpt lat="46.92176" lon="17.8484">
        <ele>91.34</ele>
      </trkpt>
      <trkpt lat="46.92199" lon="17.84773">
        <ele>96.79</ele>
      </trkpt>
      <trkpt lat="46.92224" lon="17.8469">
        <ele>95.33</ele>
      </trkpt>
      <trkpt lat="46.92247" lon="17.84607">
        <ele>95.76</ele>
      </trkpt>
      <trkpt lat="46.9227" lon="17.84523">
        <ele>96.58</ele>
      </trkpt>
      <trkpt lat="46.92287" lon="17.84461">
        <ele>97.87</ele>
      </trkpt>
      <trkpt lat="46.92304" lon="17.84399">
        <ele>96.73</ele>
      </trkpt>
      <trkpt lat="46.92337" lon="17.84325">
        <ele>96.66</ele>
      </trkpt>
      <trkpt lat="46.92373" lon="17.84253">
        <ele>97.81</ele>
      </trkpt>
      <trkpt lat="46.92402" lon="17.84194">
        <ele>94.07</ele>
      </trkpt>
      <trkpt lat="46.9243" lon="17.84135">
        <ele>95.62</ele>
      </trkpt>
      <trkpt lat="46.92459" lon="17.84075">
        <ele>98.78</ele>
      </trkpt>
      <trkpt lat="46.92487" lon="17.84016">
        <ele>100.25</ele>
      </trkpt>
      <trkpt lat="46.92488" lon="17.84013">
        <ele>100.36</ele>
      </trkpt>
      <trkpt lat="46.92486" lon="17.8401">
        <ele>100.79</ele>
      </trkpt>
      <trkpt lat="46.92459" lon="17.83968">
        <ele>110.19</ele>
      </trkpt>
      <trkpt lat="46.92458" lon="17.83966">
        <ele>110.65</ele>
      </trkpt>
      <trkpt lat="46.92459" lon="17.83964">
        <ele>110.56</ele>
      </trkpt>
      <trkpt lat="46.92459" lon="17.83962">
        <ele>110.74</ele>
      </trkpt>
      <trkpt lat="46.92467" lon="17.8395">
        <ele>109.75</ele>
      </trkpt>
      <trkpt lat="46.92467" lon="17.8395">
        <ele>109.75</ele>
      </trkpt>
      <trkpt lat="46.92489" lon="17.83913">
        <ele>102.77</ele>
      </trkpt>
      <trkpt lat="46.92542" lon="17.83816">
        <ele>112.33</ele>
      </trkpt>
      <trkpt lat="46.92592" lon="17.8373">
        <ele>121.32</ele>
      </trkpt>
      <trkpt lat="46.92611" lon="17.837">
        <ele>120.21</ele>
      </trkpt>
      <trkpt lat="46.92628" lon="17.83728">
        <ele>117.5</ele>
      </trkpt>
      <trkpt lat="46.92633" lon="17.83735">
        <ele>115.52</ele>
      </trkpt>
      <trkpt lat="46.9265" lon="17.83707">
        <ele>112.6</ele>
      </trkpt>
      <trkpt lat="46.92657" lon="17.83695">
        <ele>112.35</ele>
      </trkpt>
      <trkpt lat="46.92663" lon="17.83688">
        <ele>111.76</ele>
      </trkpt>
      <trkpt lat="46.92679" lon="17.8366">
        <ele>109.45</ele>
      </trkpt>
      <trkpt lat="46.9268" lon="17.83656">
        <ele>109.34</ele>
      </trkpt>
      <trkpt lat="46.92679" lon="17.8365">
        <ele>109.29</ele>
      </trkpt>
      <trkpt lat="46.92675" lon="17.83642">
        <ele>109.43</ele>
      </trkpt>
      <trkpt lat="46.92666" lon="17.83618">
        <ele>110.18</ele>
      </trkpt>
      <trkpt lat="46.92666" lon="17.83618">
        <ele>110.18</ele>
      </trkpt>
      <trkpt lat="46.92631" lon="17.83525">
        <ele>115.89</ele>
      </trkpt>
      <trkpt lat="46.92626" lon="17.83508">
        <ele>115.38</ele>
      </trkpt>
      <trkpt lat="46.92571" lon="17.83298">
        <ele>112.88</ele>
      </trkpt>
      <trkpt lat="46.92576" lon="17.83266">
        <ele>113.37</ele>
      </trkpt>
      <trkpt lat="46.9258" lon="17.83252">
        <ele>112.43</ele>
      </trkpt>
      <trkpt lat="46.92579" lon="17.83234">
        <ele>111.71</ele>
      </trkpt>
      <trkpt lat="46.9257" lon="17.83184">
        <ele>108.59</ele>
      </trkpt>
      <trkpt lat="46.92608" lon="17.83129">
        <ele>112.28</ele>
      </trkpt>
      <trkpt lat="46.9264" lon="17.83081">
        <ele>117.87</ele>
      </trkpt>
      <trkpt lat="46.92635" lon="17.83069">
        <ele>117.7</ele>
      </trkpt>
      <trkpt lat="46.92632" lon="17.83056">
        <ele>117.75</ele>
      </trkpt>
      <trkpt lat="46.92625" lon="17.83038">
        <ele>117.55</ele>
      </trkpt>
      <trkpt lat="46.92623" lon="17.83035">
        <ele>117.66</ele>
      </trkpt>
      <trkpt lat="46.92623" lon="17.83035">
        <ele>117.66</ele>
      </trkpt>
      <trkpt lat="46.92581" lon="17.82971">
        <ele>117.88</ele>
      </trkpt>
      <trkpt lat="46.92532" lon="17.82901">
        <ele>121.85</ele>
      </trkpt>
      <trkpt lat="46.92522" lon="17.82889">
        <ele>124.19</ele>
      </trkpt>
      <trkpt lat="46.92509" lon="17.82879">
        <ele>125.74</ele>
      </trkpt>
      <trkpt lat="46.92499" lon="17.82865">
        <ele>127.54</ele>
      </trkpt>
      <trkpt lat="46.92493" lon="17.8285">
        <ele>128.65</ele>
      </trkpt>
      <trkpt lat="46.92487" lon="17.82836">
        <ele>129.76</ele>
      </trkpt>
      <trkpt lat="46.92484" lon="17.82826">
        <ele>129.47</ele>
      </trkpt>
      <trkpt lat="46.92458" lon="17.82812">
        <ele>127.83</ele>
      </trkpt>
      <trkpt lat="46.92437" lon="17.82795">
        <ele>126.01</ele>
      </trkpt>
      <trkpt lat="46.92416" lon="17.82774">
        <ele>125.93</ele>
      </trkpt>
      <trkpt lat="46.92372" lon="17.82722">
        <ele>123.8</ele>
      </trkpt>
      <trkpt lat="46.92342" lon="17.82678">
        <ele>125.59</ele>
      </trkpt>
      <trkpt lat="46.92327" lon="17.82655">
        <ele>125.42</ele>
      </trkpt>
      <trkpt lat="46.92311" lon="17.82627">
        <ele>128.66</ele>
      </trkpt>
      <trkpt lat="46.92291" lon="17.82594">
        <ele>129.3</ele>
      </trkpt>
      <trkpt lat="46.92278" lon="17.82572">
        <ele>129.99</ele>
      </trkpt>
      <trkpt lat="46.9226" lon="17.82546">
        <ele>126.7</ele>
      </trkpt>
      <trkpt lat="46.92247" lon="17.82527">
        <ele>122.76</ele>
      </trkpt>
      <trkpt lat="46.92247" lon="17.82527">
        <ele>122.76</ele>
      </trkpt>
      <trkpt lat="46.92225" lon="17.82494">
        <ele>128.55</ele>
      </trkpt>
      <trkpt lat="46.92222" lon="17.82484">
        <ele>129.56</ele>
      </trkpt>
      <trkpt lat="46.92221" lon="17.82478">
        <ele>129.69</ele>
      </trkpt>
      <trkpt lat="46.92221" lon="17.82472">
        <ele>129.9</ele>
      </trkpt>
      <trkpt lat="46.92223" lon="17.82466">
        <ele>129.45</ele>
      </trkpt>
      <trkpt lat="46.92187" lon="17.82414">
        <ele>129.37</ele>
      </trkpt>
      <trkpt lat="46.92151" lon="17.82363">
        <ele>125.82</ele>
      </trkpt>
      <trkpt lat="46.92114" lon="17.82311">
        <ele>132.18</ele>
      </trkpt>
      <trkpt lat="46.92078" lon="17.82259">
        <ele>135.39</ele>
      </trkpt>
      <trkpt lat="46.92043" lon="17.82213">
        <ele>137.0</ele>
      </trkpt>
      <trkpt lat="46.92008" lon="17.82166">
        <ele>138.71</ele>
      </trkpt>
      <trkpt lat="46.91971" lon="17.8212">
        <ele>139.06</ele>
      </trkpt>
      <trkpt lat="46.91933" lon="17.82073">
        <ele>138.39</ele>
      </trkpt>
      <trkpt lat="46.91933" lon="17.82073">
        <ele>138.39</ele>
      </trkpt>
      <trkpt lat="46.9193" lon="17.82069">
        <ele>137.64</ele>
      </trkpt>
      <trkpt lat="46.91871" lon="17.8201">
        <ele>129.75</ele>
      </trkpt>
      <trkpt lat="46.91813" lon="17.8196">
        <ele>115.73</ele>
      </trkpt>
      <trkpt lat="46.91769" lon="17.81937">
        <ele>117.81</ele>
      </trkpt>
      <trkpt lat="46.91726" lon="17.81915">
        <ele>119.04</ele>
      </trkpt>
      <trkpt lat="46.91682" lon="17.81892">
        <ele>117.85</ele>
      </trkpt>
      <trkpt lat="46.91605" lon="17.8184">
        <ele>110.4</ele>
      </trkpt>
      <trkpt lat="46.91564" lon="17.81816">
        <ele>114.67</ele>
      </trkpt>
      <trkpt lat="46.91535" lon="17.818">
        <ele>114.98</ele>
      </trkpt>
      <trkpt lat="46.91501" lon="17.81776">
        <ele>116.22</ele>
      </trkpt>
      <trkpt lat="46.91501" lon="17.81776">
        <ele>116.22</ele>
      </trkpt>
      <trkpt lat="46.915" lon="17.81771">
        <ele>116.98</ele>
      </trkpt>
      <trkpt lat="46.91504" lon="17.81764">
        <ele>117.84</ele>
      </trkpt>
      <trkpt lat="46.91526" lon="17.81737">
        <ele>119.65</ele>
      </trkpt>
      <trkpt lat="46.91531" lon="17.81724">
        <ele>119.91</ele>
      </trkpt>
      <trkpt lat="46.91505" lon="17.81721">
        <ele>123.97</ele>
      </trkpt>
      <trkpt lat="46.91493" lon="17.81721">
        <ele>123.09</ele>
      </trkpt>
      <trkpt lat="46.91493" lon="17.81721">
        <ele>123.09</ele>
      </trkpt>
      <trkpt lat="46.91456" lon="17.8172">
        <ele>118.71</ele>
      </trkpt>
      <trkpt lat="46.91437" lon="17.81718">
        <ele>117.08</ele>
      </trkpt>
      <trkpt lat="46.91379" lon="17.81674">
        <ele>113.63</ele>
      </trkpt>
      <trkpt lat="46.91357" lon="17.81656">
        <ele>112.49</ele>
      </trkpt>
      <trkpt lat="46.91341" lon="17.81642">
        <ele>112.59</ele>
      </trkpt>
      <trkpt lat="46.91317" lon="17.81614">
        <ele>111.73</ele>
      </trkpt>
      <trkpt lat="46.91306" lon="17.81603">
        <ele>111.4</ele>
      </trkpt>
      <trkpt lat="46.91272" lon="17.81579">
        <ele>109.86</ele>
      </trkpt>
      <trkpt lat="46.91249" lon="17.81566">
        <ele>109.02</ele>
      </trkpt>
      <trkpt lat="46.91213" lon="17.8154">
        <ele>104.16</ele>
      </trkpt>
      <trkpt lat="46.91196" lon="17.81524">
        <ele>102.29</ele>
      </trkpt>
      <trkpt lat="46.91191" lon="17.81517">
        <ele>102.98</ele>
      </trkpt>
      <trkpt lat="46.91176" lon="17.81497">
        <ele>109.23</ele>
      </trkpt>
      <trkpt lat="46.9112" lon="17.81435">
        <ele>114.7</ele>
      </trkpt>
      <trkpt lat="46.91092" lon="17.81387">
        <ele>119.54</ele>
      </trkpt>
      <trkpt lat="46.91041" lon="17.813">
        <ele>115.86</ele>
      </trkpt>
      <trkpt lat="46.91011" lon="17.81251">
        <ele>116.44</ele>
      </trkpt>
      <trkpt lat="46.91011" lon="17.81251">
        <ele>116.44</ele>
      </trkpt>
      <trkpt lat="46.90978" lon="17.81205">
        <ele>119.03</ele>
      </trkpt>
      <trkpt lat="46.90907" lon="17.81102">
        <ele>114.52</ele>
      </trkpt>
      <trkpt lat="46.90818" lon="17.80963">
        <ele>109.93</ele>
      </trkpt>
      <trkpt lat="46.90792" lon="17.80931">
        <ele>108.25</ele>
      </trkpt>
      <trkpt lat="46.90781" lon="17.80911">
        <ele>108.1</ele>
      </trkpt>
      <trkpt lat="46.90777" lon="17.80898">
        <ele>107.76</ele>
      </trkpt>
      <trkpt lat="46.90769" lon="17.80876">
        <ele>107.95</ele>
      </trkpt>
      <trkpt lat="46.90764" lon="17.80865">
        <ele>108.55</ele>
      </trkpt>
      <trkpt lat="46.9076" lon="17.8086">
        <ele>109.16</ele>
      </trkpt>
      <trkpt lat="46.90753" lon="17.80855">
        <ele>110.24</ele>
      </trkpt>
      <trkpt lat="46.9075" lon="17.80854">
        <ele>110.74</ele>
      </trkpt>
      <trkpt lat="46.90746" lon="17.8085">
        <ele>110.69</ele>
      </trkpt>
      <trkpt lat="46.9073" lon="17.80802">
        <ele>113.12</ele>
      </trkpt>
      <trkpt lat="46.90729" lon="17.80795">
        <ele>113.18</ele>
      </trkpt>
      <trkpt lat="46.9073" lon="17.80782">
        <ele>112.92</ele>
      </trkpt>
      <trkpt lat="46.90729" lon="17.80776">
        <ele>112.96</ele>
      </trkpt>
      <trkpt lat="46.90717" lon="17.8074">
        <ele>113.86</ele>
      </trkpt>
      <trkpt lat="46.90716" lon="17.80733">
        <ele>114.15</ele>
      </trkpt>
      <trkpt lat="46.90719" lon="17.80729">
        <ele>114.02</ele>
      </trkpt>
      <trkpt lat="46.9073" lon="17.80719">
        <ele>113.33</ele>
      </trkpt>
      <trkpt lat="46.90752" lon="17.80698">
        <ele>110.72</ele>
      </trkpt>
      <trkpt lat="46.90763" lon="17.80687">
        <ele>108.99</ele>
      </trkpt>
      <trkpt lat="46.90766" lon="17.80684">
        <ele>108.54</ele>
      </trkpt>
      <trkpt lat="46.9077" lon="17.80679">
        <ele>107.96</ele>
      </trkpt>
      <trkpt lat="46.90744" lon="17.80625">
        <ele>111.9</ele>
      </trkpt>
      <trkpt lat="46.90717" lon="17.8057">
        <ele>109.79</ele>
      </trkpt>
      <trkpt lat="46.90676" lon="17.80559">
        <ele>110.61</ele>
      </trkpt>
      <trkpt lat="46.90642" lon="17.80504">
        <ele>112.86</ele>
      </trkpt>
      <trkpt lat="46.90612" lon="17.80461">
        <ele>111.35</ele>
      </trkpt>
      <trkpt lat="46.90613" lon="17.8046">
        <ele>111.31</ele>
      </trkpt>
      <trkpt lat="46.9059" lon="17.80382">
        <ele>110.97</ele>
      </trkpt>
      <trkpt lat="46.90581" lon="17.8035">
        <ele>111.48</ele>
      </trkpt>
      <trkpt lat="46.90558" lon="17.80269">
        <ele>115.95</ele>
      </trkpt>
      <trkpt lat="46.90536" lon="17.80188">
        <ele>119.94</ele>
      </trkpt>
      <trkpt lat="46.90527" lon="17.80193">
        <ele>119.94</ele>
      </trkpt>
      <trkpt lat="46.90522" lon="17.80196">
        <ele>119.11</ele>
      </trkpt>
      <trkpt lat="46.90526" lon="17.80212">
        <ele>119.11</ele>
      </trkpt>
      <trkpt lat="46.90468" lon="17.80278">
        <ele>104.53</ele>
      </trkpt>
      <trkpt lat="46.90468" lon="17.80278">
        <ele>104.53</ele>
      </trkpt>
      <trkpt lat="46.90404" lon="17.80351">
        <ele>105.31</ele>
      </trkpt>
      <trkpt lat="46.90374" lon="17.80382">
        <ele>107.0</ele>
      </trkpt>
      <trkpt lat="46.9036" lon="17.80394">
        <ele>106.67</ele>
      </trkpt>
      <trkpt lat="46.90353" lon="17.80399">
        <ele>106.56</ele>
      </trkpt>
      <trkpt lat="46.90323" lon="17.80377">
        <ele>107.47</ele>
      </trkpt>
      <trkpt lat="46.90277" lon="17.80345">
        <ele>102.76</ele>
      </trkpt>
      <trkpt lat="46.9026" lon="17.80335">
        <ele>103.16</ele>
      </trkpt>
      <trkpt lat="46.9026" lon="17.80335">
        <ele>103.16</ele>
      </trkpt>
      <trkpt lat="46.90239" lon="17.80323">
        <ele>104.17</ele>
      </trkpt>
      <trkpt lat="46.90207" lon="17.80302">
        <ele>107.18</ele>
      </trkpt>
      <trkpt lat="46.90197" lon="17.80287">
        <ele>105.59</ele>
      </trkpt>
      <trkpt lat="46.90187" lon="17.80284">
        <ele>105.82</ele>
      </trkpt>
      <trkpt lat="46.90148" lon="17.80265">
        <ele>108.51</ele>
      </trkpt>
      <trkpt lat="46.90136" lon="17.80259">
        <ele>108.5</ele>
      </trkpt>
      <trkpt lat="46.90125" lon="17.80249">
        <ele>108.91</ele>
      </trkpt>
      <trkpt lat="46.90096" lon="17.80208">
        <ele>106.79</ele>
      </trkpt>
      <trkpt lat="46.90068" lon="17.80166">
        <ele>103.95</ele>
      </trkpt>
      <trkpt lat="46.90058" lon="17.8015">
        <ele>102.8</ele>
      </trkpt>
      <trkpt lat="46.90058" lon="17.8015">
        <ele>102.8</ele>
      </trkpt>
      <trkpt lat="46.9001" lon="17.80077">
        <ele>101.63</ele>
      </trkpt>
      <trkpt lat="46.89961" lon="17.79995">
        <ele>105.92</ele>
      </trkpt>
      <trkpt lat="46.89929" lon="17.79934">
        <ele>109.01</ele>
      </trkpt>
      <trkpt lat="46.89896" lon="17.79872">
        <ele>109.64</ele>
      </trkpt>
      <trkpt lat="46.89866" lon="17.79818">
        <ele>111.75</ele>
      </trkpt>
      <trkpt lat="46.89836" lon="17.79763">
        <ele>105.05</ele>
      </trkpt>
      <trkpt lat="46.89807" lon="17.79709">
        <ele>101.77</ele>
      </trkpt>
      <trkpt lat="46.89778" lon="17.79656">
        <ele>105.77</ele>
      </trkpt>
      <trkpt lat="46.89754" lon="17.79609">
        <ele>103.49</ele>
      </trkpt>
      <trkpt lat="46.89754" lon="17.79609">
        <ele>103.49</ele>
      </trkpt>
      <trkpt lat="46.89733" lon="17.7957">
        <ele>100.16</ele>
      </trkpt>
      <trkpt lat="46.89702" lon="17.7951">
        <ele>100.19</ele>
      </trkpt>
      <trkpt lat="46.89667" lon="17.7944">
        <ele>103.33</ele>
      </trkpt>
      <trkpt lat="46.89646" lon="17.79396">
        <ele>101.09</ele>
      </trkpt>
      <trkpt lat="46.89612" lon="17.79321">
        <ele>102.48</ele>
      </trkpt>
      <trkpt lat="46.89603" lon="17.79304">
        <ele>104.09</ele>
      </trkpt>
      <trkpt lat="46.89577" lon="17.79247">
        <ele>105.72</ele>
      </trkpt>
      <trkpt lat="46.89563" lon="17.79217">
        <ele>106.61</ele>
      </trkpt>
      <trkpt lat="46.89563" lon="17.79217">
        <ele>106.61</ele>
      </trkpt>
      <trkpt lat="46.89551" lon="17.79193">
        <ele>108.13</ele>
      </trkpt>
      <trkpt lat="46.8954" lon="17.79156">
        <ele>108.34</ele>
      </trkpt>
      <trkpt lat="46.89523" lon="17.791">
        <ele>107.63</ele>
      </trkpt>
      <trkpt lat="46.89519" lon="17.79086">
        <ele>105.97</ele>
      </trkpt>
      <trkpt lat="46.895" lon="17.79018">
        <ele>96.3</ele>
      </trkpt>
      <trkpt lat="46.89485" lon="17.78961">
        <ele>89.8</ele>
      </trkpt>
      <trkpt lat="46.89479" lon="17.78942">
        <ele>91.07</ele>
      </trkpt>
      <trkpt lat="46.89555" lon="17.78911">
        <ele>98.94</ele>
      </trkpt>
      <trkpt lat="46.89583" lon="17.78899">
        <ele>101.07</ele>
      </trkpt>
      <trkpt lat="46.89583" lon="17.78899">
        <ele>101.07</ele>
      </trkpt>
      <trkpt lat="46.89637" lon="17.78876">
        <ele>105.62</ele>
      </trkpt>
      <trkpt lat="46.89692" lon="17.78854">
        <ele>112.5</ele>
      </trkpt>
      <trkpt lat="46.89746" lon="17.78831">
        <ele>103.77</ele>
      </trkpt>
      <trkpt lat="46.89802" lon="17.78808">
        <ele>107.56</ele>
      </trkpt>
      <trkpt lat="46.89858" lon="17.78784">
        <ele>117.3</ele>
      </trkpt>
      <trkpt lat="46.89856" lon="17.78779">
        <ele>117.54</ele>
      </trkpt>
      <trkpt lat="46.89831" lon="17.78705">
        <ele>119.72</ele>
      </trkpt>
      <trkpt lat="46.89805" lon="17.7863">
        <ele>117.29</ele>
      </trkpt>
      <trkpt lat="46.89803" lon="17.78623">
        <ele>117.43</ele>
      </trkpt>
      <trkpt lat="46.89803" lon="17.78623">
        <ele>117.43</ele>
      </trkpt>
      <trkpt lat="46.89784" lon="17.78561">
        <ele>114.23</ele>
      </trkpt>
      <trkpt lat="46.89764" lon="17.78499">
        <ele>112.51</ele>
      </trkpt>
      <trkpt lat="46.89745" lon="17.78438">
        <ele>116.15</ele>
      </trkpt>
      <trkpt lat="46.89725" lon="17.78376">
        <ele>119.27</ele>
      </trkpt>
      <trkpt lat="46.89706" lon="17.78314">
        <ele>119.0</ele>
      </trkpt>
      <trkpt lat="46.89681" lon="17.78238">
        <ele>118.6</ele>
      </trkpt>
      <trkpt lat="46.89656" lon="17.78161">
        <ele>114.75</ele>
      </trkpt>
      <trkpt lat="46.89631" lon="17.78085">
        <ele>115.55</ele>
      </trkpt>
      <trkpt lat="46.89586" lon="17.77978">
        <ele>118.4</ele>
      </trkpt>
      <trkpt lat="46.89557" lon="17.77915">
        <ele>114.32</ele>
      </trkpt>
      <trkpt lat="46.89527" lon="17.77851">
        <ele>111.86</ele>
      </trkpt>
      <trkpt lat="46.89498" lon="17.77787">
        <ele>123.59</ele>
      </trkpt>
      <trkpt lat="46.89468" lon="17.77724">
        <ele>124.21</ele>
      </trkpt>
      <trkpt lat="46.89468" lon="17.77724">
        <ele>124.21</ele>
      </trkpt>
      <trkpt lat="46.89459" lon="17.77705">
        <ele>122.94</ele>
      </trkpt>
      <trkpt lat="46.89456" lon="17.777">
        <ele>122.52</ele>
      </trkpt>
      <trkpt lat="46.8943" lon="17.77645">
        <ele>121.34</ele>
      </trkpt>
      <trkpt lat="46.89404" lon="17.7759">
        <ele>121.33</ele>
      </trkpt>
      <trkpt lat="46.89378" lon="17.77535">
        <ele>122.26</ele>
      </trkpt>
      <trkpt lat="46.89353" lon="17.77481">
        <ele>123.3</ele>
      </trkpt>
      <trkpt lat="46.89327" lon="17.77426">
        <ele>125.99</ele>
      </trkpt>
      <trkpt lat="46.89301" lon="17.77371">
        <ele>133.52</ele>
      </trkpt>
      <trkpt lat="46.89275" lon="17.77316">
        <ele>136.79</ele>
      </trkpt>
      <trkpt lat="46.89249" lon="17.77261">
        <ele>137.92</ele>
      </trkpt>
      <trkpt lat="46.89226" lon="17.77208">
        <ele>139.07</ele>
      </trkpt>
      <trkpt lat="46.89208" lon="17.77156">
        <ele>138.34</ele>
      </trkpt>
      <trkpt lat="46.89193" lon="17.77101">
        <ele>135.73</ele>
      </trkpt>
      <trkpt lat="46.8919" lon="17.77082">
        <ele>135.4</ele>
      </trkpt>
      <trkpt lat="46.8919" lon="17.77082">
        <ele>135.4</ele>
      </trkpt>
      <trkpt lat="46.89175" lon="17.7701">
        <ele>133.31</ele>
      </trkpt>
      <trkpt lat="46.8916" lon="17.76938">
        <ele>133.98</ele>
      </trkpt>
      <trkpt lat="46.89147" lon="17.76888">
        <ele>135.88</ele>
      </trkpt>
      <trkpt lat="46.8913" lon="17.76845">
        <ele>133.83</ele>
      </trkpt>
      <trkpt lat="46.8909" lon="17.76761">
        <ele>139.13</ele>
      </trkpt>
      <trkpt lat="46.89058" lon="17.767">
        <ele>143.54</ele>
      </trkpt>
      <trkpt lat="46.89025" lon="17.76639">
        <ele>142.49</ele>
      </trkpt>
      <trkpt lat="46.88993" lon="17.76578">
        <ele>137.93</ele>
      </trkpt>
      <trkpt lat="46.88993" lon="17.76578">
        <ele>137.93</ele>
      </trkpt>
      <trkpt lat="46.8899" lon="17.76573">
        <ele>138.16</ele>
      </trkpt>
      <trkpt lat="46.88976" lon="17.76585">
        <ele>136.35</ele>
      </trkpt>
      <trkpt lat="46.8897" lon="17.7659">
        <ele>135.96</ele>
      </trkpt>
      <trkpt lat="46.88925" lon="17.76627">
        <ele>126.91</ele>
      </trkpt>
      <trkpt lat="46.88879" lon="17.76664">
        <ele>115.51</ele>
      </trkpt>
      <trkpt lat="46.88827" lon="17.76692">
        <ele>115.26</ele>
      </trkpt>
      <trkpt lat="46.88775" lon="17.76719">
        <ele>109.24</ele>
      </trkpt>
      <trkpt lat="46.88723" lon="17.76747">
        <ele>107.19</ele>
      </trkpt>
      <trkpt lat="46.88695" lon="17.7676">
        <ele>106.01</ele>
      </trkpt>
      <trkpt lat="46.88671" lon="17.76772">
        <ele>107.37</ele>
      </trkpt>
      <trkpt lat="46.88623" lon="17.76797">
        <ele>100.53</ele>
      </trkpt>
      <trkpt lat="46.88576" lon="17.76821">
        <ele>94.41</ele>
      </trkpt>
      <trkpt lat="46.88528" lon="17.76846">
        <ele>96.68</ele>
      </trkpt>
      <trkpt lat="46.8848" lon="17.7687">
        <ele>91.88</ele>
      </trkpt>
      <trkpt lat="46.88459" lon="17.76882">
        <ele>92.64</ele>
      </trkpt>
      <trkpt lat="46.8842" lon="17.76902">
        <ele>85.83</ele>
      </trkpt>
      <trkpt lat="46.88359" lon="17.76931">
        <ele>95.62</ele>
      </trkpt>
      <trkpt lat="46.88329" lon="17.7695">
        <ele>95.56</ele>
      </trkpt>
      <trkpt lat="46.88318" lon="17.76955">
        <ele>93.58</ele>
      </trkpt>
      <trkpt lat="46.88317" lon="17.76891">
        <ele>93.85</ele>
      </trkpt>
      <trkpt lat="46.88318" lon="17.76854">
        <ele>93.57</ele>
      </trkpt>
      <trkpt lat="46.88318" lon="17.76854">
        <ele>93.57</ele>
      </trkpt>
      <trkpt lat="46.88318" lon="17.7685">
        <ele>93.51</ele>
      </trkpt>
      <trkpt lat="46.88329" lon="17.76707">
        <ele>93.37</ele>
      </trkpt>
      <trkpt lat="46.88343" lon="17.76585">
        <ele>98.25</ele>
      </trkpt>
      <trkpt lat="46.8835" lon="17.7656">
        <ele>98.94</ele>
      </trkpt>
      <trkpt lat="46.88355" lon="17.76546">
        <ele>99.61</ele>
      </trkpt>
      <trkpt lat="46.88355" lon="17.76534">
        <ele>100.38</ele>
      </trkpt>
      <trkpt lat="46.88354" lon="17.76519">
        <ele>101.3</ele>
      </trkpt>
      <trkpt lat="46.88349" lon="17.76495">
        <ele>102.13</ele>
      </trkpt>
      <trkpt lat="46.88337" lon="17.76384">
        <ele>102.35</ele>
      </trkpt>
      <trkpt lat="46.88328" lon="17.76228">
        <ele>95.74</ele>
      </trkpt>
      <trkpt lat="46.88327" lon="17.76211">
        <ele>94.86</ele>
      </trkpt>
      <trkpt lat="46.8832" lon="17.76154">
        <ele>92.84</ele>
      </trkpt>
      <trkpt lat="46.8831" lon="17.76098">
        <ele>91.4</ele>
      </trkpt>
      <trkpt lat="46.88297" lon="17.76029">
        <ele>91.0</ele>
      </trkpt>
      <trkpt lat="46.88296" lon="17.76025">
        <ele>91.33</ele>
      </trkpt>
      <trkpt lat="46.88282" lon="17.75972">
        <ele>95.85</ele>
      </trkpt>
      <trkpt lat="46.88271" lon="17.75918">
        <ele>95.5</ele>
      </trkpt>
      <trkpt lat="46.88253" lon="17.7583">
        <ele>98.99</ele>
      </trkpt>
      <trkpt lat="46.88248" lon="17.75807">
        <ele>100.8</ele>
      </trkpt>
      <trkpt lat="46.8823" lon="17.75717">
        <ele>99.75</ele>
      </trkpt>
      <trkpt lat="46.88226" lon="17.75698">
        <ele>100.38</ele>
      </trkpt>
      <trkpt lat="46.88215" lon="17.7562">
        <ele>102.72</ele>
      </trkpt>
      <trkpt lat="46.882" lon="17.7554">
        <ele>99.71</ele>
      </trkpt>
      <trkpt lat="46.88186" lon="17.75468">
        <ele>96.98</ele>
      </trkpt>
      <trkpt lat="46.88183" lon="17.75453">
        <ele>98.27</ele>
      </trkpt>
      <trkpt lat="46.88172" lon="17.75401">
        <ele>96.03</ele>
      </trkpt>
      <trkpt lat="46.88167" lon="17.75371">
        <ele>94.35</ele>
      </trkpt>
      <trkpt lat="46.88167" lon="17.75371">
        <ele>94.35</ele>
      </trkpt>
      <trkpt lat="46.88166" lon="17.75364">
        <ele>94.2</ele>
      </trkpt>
      <trkpt lat="46.88195" lon="17.75343">
        <ele>94.64</ele>
      </trkpt>
      <trkpt lat="46.88221" lon="17.75315">
        <ele>95.99</ele>
      </trkpt>
      <trkpt lat="46.88249" lon="17.75269">
        <ele>104.49</ele>
      </trkpt>
      <trkpt lat="46.88193" lon="17.75124">
        <ele>103.72</ele>
      </trkpt>
      <trkpt lat="46.88178" lon="17.75086">
        <ele>100.84</ele>
      </trkpt>
      <trkpt lat="46.88161" lon="17.7505">
        <ele>98.93</ele>
      </trkpt>
      <trkpt lat="46.88142" lon="17.75016">
        <ele>100.35</ele>
      </trkpt>
      <trkpt lat="46.88126" lon="17.74987">
        <ele>102.12</ele>
      </trkpt>
      <trkpt lat="46.88119" lon="17.74975">
        <ele>103.65</ele>
      </trkpt>
      <trkpt lat="46.88119" lon="17.74975">
        <ele>103.65</ele>
      </trkpt>
      <trkpt lat="46.88111" lon="17.74959">
        <ele>104.05</ele>
      </trkpt>
      <trkpt lat="46.88103" lon="17.74942">
        <ele>102.36</ele>
      </trkpt>
      <trkpt lat="46.88097" lon="17.74912">
        <ele>98.42</ele>
      </trkpt>
      <trkpt lat="46.88089" lon="17.74851">
        <ele>99.53</ele>
      </trkpt>
      <trkpt lat="46.88087" lon="17.74837">
        <ele>98.85</ele>
      </trkpt>
      <trkpt lat="46.88086" lon="17.74792">
        <ele>98.92</ele>
      </trkpt>
      <trkpt lat="46.88084" lon="17.7477">
        <ele>98.15</ele>
      </trkpt>
      <trkpt lat="46.88074" lon="17.74715">
        <ele>96.93</ele>
      </trkpt>
      <trkpt lat="46.88103" lon="17.74703">
        <ele>93.37</ele>
      </trkpt>
      <trkpt lat="46.88186" lon="17.74665">
        <ele>90.62</ele>
      </trkpt>
      <trkpt lat="46.88213" lon="17.74653">
        <ele>95.0</ele>
      </trkpt>
      <trkpt lat="46.88213" lon="17.74637">
        <ele>95.4</ele>
      </trkpt>
      <trkpt lat="46.88218" lon="17.74634">
        <ele>95.87</ele>
      </trkpt>
      <trkpt lat="46.88222" lon="17.74633">
        <ele>96.2</ele>
      </trkpt>
      <trkpt lat="46.88222" lon="17.7463">
        <ele>96.3</ele>
      </trkpt>
      <trkpt lat="46.88223" lon="17.74563">
        <ele>98.02</ele>
      </trkpt>
      <trkpt lat="46.88223" lon="17.74542">
        <ele>98.04</ele>
      </trkpt>
      <trkpt lat="46.88223" lon="17.74542">
        <ele>98.04</ele>
      </trkpt>
      <trkpt lat="46.88223" lon="17.74466">
        <ele>99.27</ele>
      </trkpt>
      <trkpt lat="46.88224" lon="17.7439">
        <ele>99.97</ele>
      </trkpt>
      <trkpt lat="46.88224" lon="17.74313">
        <ele>99.92</ele>
      </trkpt>
      <trkpt lat="46.88225" lon="17.74237">
        <ele>103.57</ele>
      </trkpt>
      <trkpt lat="46.88225" lon="17.74161">
        <ele>101.34</ele>
      </trkpt>
      <trkpt lat="46.88224" lon="17.74121">
        <ele>101.23</ele>
      </trkpt>
      <trkpt lat="46.88224" lon="17.74052">
        <ele>103.94</ele>
      </trkpt>
      <trkpt lat="46.88224" lon="17.73982">
        <ele>101.02</ele>
      </trkpt>
      <trkpt lat="46.88225" lon="17.73905">
        <ele>97.56</ele>
      </trkpt>
      <trkpt lat="46.88225" lon="17.73843">
        <ele>96.82</ele>
      </trkpt>
      <trkpt lat="46.88225" lon="17.73826">
        <ele>97.1</ele>
      </trkpt>
      <trkpt lat="46.88223" lon="17.73724">
        <ele>96.0</ele>
      </trkpt>
      <trkpt lat="46.8822" lon="17.7366">
        <ele>99.46</ele>
      </trkpt>
      <trkpt lat="46.88219" lon="17.73647">
        <ele>98.91</ele>
      </trkpt>
      <trkpt lat="46.88219" lon="17.73638">
        <ele>98.66</ele>
      </trkpt>
      <trkpt lat="46.88219" lon="17.73626">
        <ele>98.71</ele>
      </trkpt>
      <trkpt lat="46.88219" lon="17.73618">
        <ele>98.74</ele>
      </trkpt>
      <trkpt lat="46.88219" lon="17.73615">
        <ele>98.75</ele>
      </trkpt>
      <trkpt lat="46.88215" lon="17.73576">
        <ele>98.07</ele>
      </trkpt>
      <trkpt lat="46.88208" lon="17.7351">
        <ele>99.14</ele>
      </trkpt>
      <trkpt lat="46.88202" lon="17.73444">
        <ele>99.56</ele>
      </trkpt>
      <trkpt lat="46.88195" lon="17.73378">
        <ele>100.58</ele>
      </trkpt>
      <trkpt lat="46.88189" lon="17.73313">
        <ele>98.22</ele>
      </trkpt>
      <trkpt lat="46.88182" lon="17.73247">
        <ele>98.37</ele>
      </trkpt>
      <trkpt lat="46.88176" lon="17.73181">
        <ele>100.0</ele>
      </trkpt>
      <trkpt lat="46.88169" lon="17.73115">
        <ele>99.82</ele>
      </trkpt>
      <trkpt lat="46.88169" lon="17.73115">
        <ele>99.82</ele>
      </trkpt>
      <trkpt lat="46.88165" lon="17.73073">
        <ele>99.53</ele>
      </trkpt>
      <trkpt lat="46.88157" lon="17.72974">
        <ele>99.3</ele>
      </trkpt>
      <trkpt lat="46.88144" lon="17.72866">
        <ele>95.99</ele>
      </trkpt>
      <trkpt lat="46.88131" lon="17.7271">
        <ele>105.34</ele>
      </trkpt>
      <trkpt lat="46.88108" lon="17.72519">
        <ele>97.48</ele>
      </trkpt>
      <trkpt lat="46.88107" lon="17.72507">
        <ele>96.38</ele>
      </trkpt>
      <trkpt lat="46.88106" lon="17.725">
        <ele>95.82</ele>
      </trkpt>
      <trkpt lat="46.88096" lon="17.72415">
        <ele>99.4</ele>
      </trkpt>
      <trkpt lat="46.88089" lon="17.72346">
        <ele>97.48</ele>
      </trkpt>
      <trkpt lat="46.88087" lon="17.72321">
        <ele>97.16</ele>
      </trkpt>
      <trkpt lat="46.88085" lon="17.72297">
        <ele>96.46</ele>
      </trkpt>
      <trkpt lat="46.88085" lon="17.72267">
        <ele>95.59</ele>
      </trkpt>
      <trkpt lat="46.88086" lon="17.72239">
        <ele>96.33</ele>
      </trkpt>
      <trkpt lat="46.88089" lon="17.72203">
        <ele>98.09</ele>
      </trkpt>
      <trkpt lat="46.88092" lon="17.72177">
        <ele>98.93</ele>
      </trkpt>
      <trkpt lat="46.88098" lon="17.7215">
        <ele>97.26</ele>
      </trkpt>
      <trkpt lat="46.88103" lon="17.72129">
        <ele>96.71</ele>
      </trkpt>
      <trkpt lat="46.8812" lon="17.72081">
        <ele>98.72</ele>
      </trkpt>
      <trkpt lat="46.88143" lon="17.72031">
        <ele>98.35</ele>
      </trkpt>
      <trkpt lat="46.88198" lon="17.71926">
        <ele>97.19</ele>
      </trkpt>
      <trkpt lat="46.88216" lon="17.71882">
        <ele>95.86</ele>
      </trkpt>
      <trkpt lat="46.8823" lon="17.71836">
        <ele>96.24</ele>
      </trkpt>
      <trkpt lat="46.88238" lon="17.71798">
        <ele>98.54</ele>
      </trkpt>
      <trkpt lat="46.8824" lon="17.71776">
        <ele>99.56</ele>
      </trkpt>
      <trkpt lat="46.8824" lon="17.71776">
        <ele>99.56</ele>
      </trkpt>
      <trkpt lat="46.88241" lon="17.71766">
        <ele>99.7</ele>
      </trkpt>
      <trkpt lat="46.88244" lon="17.71739">
        <ele>100.53</ele>
      </trkpt>
      <trkpt lat="46.88242" lon="17.71688">
        <ele>99.26</ele>
      </trkpt>
      <trkpt lat="46.88237" lon="17.71646">
        <ele>99.28</ele>
      </trkpt>
      <trkpt lat="46.88235" lon="17.71632">
        <ele>99.71</ele>
      </trkpt>
      <trkpt lat="46.88224" lon="17.71537">
        <ele>102.13</ele>
      </trkpt>
      <trkpt lat="46.88207" lon="17.71394">
        <ele>106.54</ele>
      </trkpt>
      <trkpt lat="46.88197" lon="17.71332">
        <ele>106.93</ele>
      </trkpt>
      <trkpt lat="46.88188" lon="17.7129">
        <ele>107.56</ele>
      </trkpt>
      <trkpt lat="46.8818" lon="17.71251">
        <ele>108.96</ele>
      </trkpt>
      <trkpt lat="46.88166" lon="17.71206">
        <ele>109.41</ele>
      </trkpt>
      <trkpt lat="46.88104" lon="17.71032">
        <ele>109.4</ele>
      </trkpt>
      <trkpt lat="46.88103" lon="17.7102">
        <ele>109.3</ele>
      </trkpt>
      <trkpt lat="46.88102" lon="17.7101">
        <ele>109.02</ele>
      </trkpt>
      <trkpt lat="46.88098" lon="17.70998">
        <ele>108.91</ele>
      </trkpt>
      <trkpt lat="46.88096" lon="17.70993">
        <ele>108.97</ele>
      </trkpt>
      <trkpt lat="46.88093" lon="17.70988">
        <ele>109.15</ele>
      </trkpt>
      <trkpt lat="46.8809" lon="17.70984">
        <ele>109.38</ele>
      </trkpt>
      <trkpt lat="46.88087" lon="17.70978">
        <ele>109.63</ele>
      </trkpt>
      <trkpt lat="46.88057" lon="17.7087">
        <ele>112.2</ele>
      </trkpt>
      <trkpt lat="46.88057" lon="17.7087">
        <ele>112.2</ele>
      </trkpt>
      <trkpt lat="46.88048" lon="17.70838">
        <ele>110.02</ele>
      </trkpt>
      <trkpt lat="46.88047" lon="17.70833">
        <ele>109.68</ele>
      </trkpt>
      <trkpt lat="46.88045" lon="17.70829">
        <ele>109.46</ele>
      </trkpt>
      <trkpt lat="46.88042" lon="17.70826">
        <ele>109.25</ele>
      </trkpt>
      <trkpt lat="46.88038" lon="17.70824">
        <ele>109.03</ele>
      </trkpt>
      <trkpt lat="46.88036" lon="17.70822">
        <ele>108.89</ele>
      </trkpt>
      <trkpt lat="46.88034" lon="17.70819">
        <ele>108.71</ele>
      </trkpt>
      <trkpt lat="46.88031" lon="17.708">
        <ele>108.12</ele>
      </trkpt>
      <trkpt lat="46.8803" lon="17.70794">
        <ele>108.08</ele>
      </trkpt>
      <trkpt lat="46.88023" lon="17.70731">
        <ele>108.11</ele>
      </trkpt>
      <trkpt lat="46.88023" lon="17.70715">
        <ele>108.79</ele>
      </trkpt>
      <trkpt lat="46.88023" lon="17.70691">
        <ele>109.93</ele>
      </trkpt>
      <trkpt lat="46.88022" lon="17.7066">
        <ele>111.79</ele>
      </trkpt>
      <trkpt lat="46.88022" lon="17.70634">
        <ele>111.79</ele>
      </trkpt>
      <trkpt lat="46.88023" lon="17.70605">
        <ele>111.79</ele>
      </trkpt>
      <trkpt lat="46.88023" lon="17.70598">
        <ele>111.75</ele>
      </trkpt>
      <trkpt lat="46.88024" lon="17.70594">
        <ele>111.78</ele>
      </trkpt>
      <trkpt lat="46.88026" lon="17.70588">
        <ele>111.88</ele>
      </trkpt>
      <trkpt lat="46.88028" lon="17.70582">
        <ele>112.06</ele>
      </trkpt>
      <trkpt lat="46.8803" lon="17.70578">
        <ele>112.27</ele>
      </trkpt>
      <trkpt lat="46.88031" lon="17.70573">
        <ele>112.49</ele>
      </trkpt>
      <trkpt lat="46.88047" lon="17.704">
        <ele>115.98</ele>
      </trkpt>
      <trkpt lat="46.88047" lon="17.70395">
        <ele>116.16</ele>
      </trkpt>
      <trkpt lat="46.88045" lon="17.70391">
        <ele>116.16</ele>
      </trkpt>
      <trkpt lat="46.88042" lon="17.70388">
        <ele>116.06</ele>
      </trkpt>
      <trkpt lat="46.88036" lon="17.70387">
        <ele>115.66</ele>
      </trkpt>
      <trkpt lat="46.88032" lon="17.70386">
        <ele>115.41</ele>
      </trkpt>
      <trkpt lat="46.88032" lon="17.70385">
        <ele>115.44</ele>
      </trkpt>
      <trkpt lat="46.88031" lon="17.70383">
        <ele>115.44</ele>
      </trkpt>
      <trkpt lat="46.88035" lon="17.7035">
        <ele>118.52</ele>
      </trkpt>
      <trkpt lat="46.88035" lon="17.7035">
        <ele>118.52</ele>
      </trkpt>
      <trkpt lat="46.88046" lon="17.70253">
        <ele>122.03</ele>
      </trkpt>
      <trkpt lat="46.88053" lon="17.7017">
        <ele>116.5</ele>
      </trkpt>
      <trkpt lat="46.88061" lon="17.70069">
        <ele>115.78</ele>
      </trkpt>
      <trkpt lat="46.88074" lon="17.69945">
        <ele>122.35</ele>
      </trkpt>
      <trkpt lat="46.88082" lon="17.69867">
        <ele>114.96</ele>
      </trkpt>
      <trkpt lat="46.88087" lon="17.69809">
        <ele>116.06</ele>
      </trkpt>
      <trkpt lat="46.88087" lon="17.6974">
        <ele>115.53</ele>
      </trkpt>
      <trkpt lat="46.88084" lon="17.69682">
        <ele>114.11</ele>
      </trkpt>
      <trkpt lat="46.88077" lon="17.69628">
        <ele>115.62</ele>
      </trkpt>
      <trkpt lat="46.88068" lon="17.6958">
        <ele>116.58</ele>
      </trkpt>
      <trkpt lat="46.88056" lon="17.69535">
        <ele>117.79</ele>
      </trkpt>
      <trkpt lat="46.87989" lon="17.69579">
        <ele>102.48</ele>
      </trkpt>
      <trkpt lat="46.87989" lon="17.69579">
        <ele>102.48</ele>
      </trkpt>
      <trkpt lat="46.87811" lon="17.69695">
        <ele>95.21</ele>
      </trkpt>
      <trkpt lat="46.87806" lon="17.69698">
        <ele>95.14</ele>
      </trkpt>
      <trkpt lat="46.87723" lon="17.69752">
        <ele>96.01</ele>
      </trkpt>
      <trkpt lat="46.8771" lon="17.69763">
        <ele>98.02</ele>
      </trkpt>
      <trkpt lat="46.877" lon="17.69767">
        <ele>99.31</ele>
      </trkpt>
      <trkpt lat="46.87686" lon="17.6977">
        <ele>100.33</ele>
      </trkpt>
      <trkpt lat="46.87674" lon="17.69773">
        <ele>100.74</ele>
      </trkpt>
      <trkpt lat="46.87662" lon="17.69694">
        <ele>96.83</ele>
      </trkpt>
      <trkpt lat="46.87656" lon="17.6966">
        <ele>95.7</ele>
      </trkpt>
      <trkpt lat="46.87656" lon="17.6966">
        <ele>95.7</ele>
      </trkpt>
      <trkpt lat="46.87644" lon="17.69595">
        <ele>97.24</ele>
      </trkpt>
      <trkpt lat="46.87632" lon="17.69529">
        <ele>99.64</ele>
      </trkpt>
      <trkpt lat="46.8762" lon="17.69463">
        <ele>96.0</ele>
      </trkpt>
      <trkpt lat="46.87608" lon="17.69398">
        <ele>99.22</ele>
      </trkpt>
      <trkpt lat="46.87587" lon="17.69288">
        <ele>104.67</ele>
      </trkpt>
      <trkpt lat="46.87565" lon="17.69228">
        <ele>105.79</ele>
      </trkpt>
      <trkpt lat="46.87541" lon="17.69174">
        <ele>108.37</ele>
      </trkpt>
      <trkpt lat="46.87511" lon="17.69129">
        <ele>103.34</ele>
      </trkpt>
      <trkpt lat="46.8749" lon="17.69102">
        <ele>103.67</ele>
      </trkpt>
      <trkpt lat="46.87449" lon="17.69065">
        <ele>106.1</ele>
      </trkpt>
      <trkpt lat="46.87426" lon="17.69038">
        <ele>104.98</ele>
      </trkpt>
      <trkpt lat="46.87393" lon="17.68994">
        <ele>106.28</ele>
      </trkpt>
      <trkpt lat="46.8735" lon="17.68931">
        <ele>107.75</ele>
      </trkpt>
      <trkpt lat="46.87325" lon="17.68896">
        <ele>105.93</ele>
      </trkpt>
      <trkpt lat="46.87325" lon="17.68896">
        <ele>105.93</ele>
      </trkpt>
      <trkpt lat="46.87272" lon="17.6882">
        <ele>107.81</ele>
      </trkpt>
      <trkpt lat="46.87242" lon="17.68783">
        <ele>104.26</ele>
      </trkpt>
      <trkpt lat="46.87113" lon="17.68603">
        <ele>101.75</ele>
      </trkpt>
      <trkpt lat="46.87113" lon="17.68605">
        <ele>101.61</ele>
      </trkpt>
      <trkpt lat="46.87095" lon="17.68639">
        <ele>98.23</ele>
      </trkpt>
      <trkpt lat="46.87082" lon="17.68624">
        <ele>99.06</ele>
      </trkpt>
      <trkpt lat="46.8706" lon="17.68599">
        <ele>102.31</ele>
      </trkpt>
      <trkpt lat="46.8706" lon="17.68599">
        <ele>102.31</ele>
      </trkpt>
      <trkpt lat="46.87036" lon="17.68574">
        <ele>100.36</ele>
      </trkpt>
      <trkpt lat="46.86995" lon="17.68532">
        <ele>96.0</ele>
      </trkpt>
      <trkpt lat="46.86981" lon="17.6851">
        <ele>96.19</ele>
      </trkpt>
      <trkpt lat="46.86972" lon="17.68492">
        <ele>97.59</ele>
      </trkpt>
      <trkpt lat="46.86965" lon="17.68467">
        <ele>99.47</ele>
      </trkpt>
      <trkpt lat="46.86964" lon="17.68457">
        <ele>99.43</ele>
      </trkpt>
      <trkpt lat="46.86963" lon="17.68452">
        <ele>99.42</ele>
      </trkpt>
      <trkpt lat="46.86962" lon="17.68446">
        <ele>99.39</ele>
      </trkpt>
      <trkpt lat="46.8695" lon="17.68407">
        <ele>100.73</ele>
      </trkpt>
      <trkpt lat="46.8694" lon="17.68377">
        <ele>100.34</ele>
      </trkpt>
      <trkpt lat="46.86925" lon="17.68341">
        <ele>98.09</ele>
      </trkpt>
      <trkpt lat="46.86882" lon="17.68246">
        <ele>95.08</ele>
      </trkpt>
      <trkpt lat="46.86863" lon="17.682">
        <ele>95.13</ele>
      </trkpt>
      <trkpt lat="46.86848" lon="17.68163">
        <ele>96.25</ele>
      </trkpt>
      <trkpt lat="46.86848" lon="17.68163">
        <ele>96.25</ele>
      </trkpt>
      <trkpt lat="46.86838" lon="17.6814">
        <ele>97.09</ele>
      </trkpt>
      <trkpt lat="46.86814" lon="17.68081">
        <ele>95.61</ele>
      </trkpt>
      <trkpt lat="46.86731" lon="17.67887">
        <ele>94.04</ele>
      </trkpt>
      <trkpt lat="46.86691" lon="17.67809">
        <ele>91.88</ele>
      </trkpt>
      <trkpt lat="46.86671" lon="17.67765">
        <ele>92.13</ele>
      </trkpt>
      <trkpt lat="46.86649" lon="17.67736">
        <ele>92.23</ele>
      </trkpt>
      <trkpt lat="46.86622" lon="17.67711">
        <ele>91.55</ele>
      </trkpt>
      <trkpt lat="46.86587" lon="17.67689">
        <ele>91.0</ele>
      </trkpt>
      <trkpt lat="46.86553" lon="17.67672">
        <ele>91.0</ele>
      </trkpt>
      <trkpt lat="46.86478" lon="17.6764">
        <ele>91.0</ele>
      </trkpt>
      <trkpt lat="46.86478" lon="17.6764">
        <ele>91.0</ele>
      </trkpt>
      <trkpt lat="46.8647" lon="17.67636">
        <ele>91.0</ele>
      </trkpt>
      <trkpt lat="46.86408" lon="17.6761">
        <ele>91.0</ele>
      </trkpt>
      <trkpt lat="46.86342" lon="17.67586">
        <ele>91.0</ele>
      </trkpt>
      <trkpt lat="46.86308" lon="17.67574">
        <ele>91.0</ele>
      </trkpt>
      <trkpt lat="46.86227" lon="17.67546">
        <ele>91.0</ele>
      </trkpt>
      <trkpt lat="46.86224" lon="17.67545">
        <ele>91.0</ele>
      </trkpt>
      <trkpt lat="46.86211" lon="17.67537">
        <ele>91.0</ele>
      </trkpt>
      <trkpt lat="46.86198" lon="17.67524">
        <ele>91.0</ele>
      </trkpt>
      <trkpt lat="46.86185" lon="17.67503">
        <ele>91.0</ele>
      </trkpt>
      <trkpt lat="46.86135" lon="17.67407">
        <ele>91.86</ele>
      </trkpt>
      <trkpt lat="46.86135" lon="17.67407">
        <ele>91.86</ele>
      </trkpt>
      <trkpt lat="46.86101" lon="17.67333">
        <ele>91.0</ele>
      </trkpt>
      <trkpt lat="46.86097" lon="17.6732">
        <ele>91.0</ele>
      </trkpt>
      <trkpt lat="46.86094" lon="17.67311">
        <ele>91.0</ele>
      </trkpt>
      <trkpt lat="46.86093" lon="17.673">
        <ele>91.63</ele>
      </trkpt>
      <trkpt lat="46.86092" lon="17.67288">
        <ele>92.77</ele>
      </trkpt>
      <trkpt lat="46.8609" lon="17.67281">
        <ele>92.91</ele>
      </trkpt>
      <trkpt lat="46.86086" lon="17.67273">
        <ele>93.57</ele>
      </trkpt>
      <trkpt lat="46.85992" lon="17.67127">
        <ele>91.0</ele>
      </trkpt>
      <trkpt lat="46.85992" lon="17.67127">
        <ele>91.0</ele>
      </trkpt>
      <trkpt lat="46.85993" lon="17.6712">
        <ele>91.0</ele>
      </trkpt>
      <trkpt lat="46.8598" lon="17.67102">
        <ele>92.92</ele>
      </trkpt>
      <trkpt lat="46.85963" lon="17.67081">
        <ele>94.62</ele>
      </trkpt>
      <trkpt lat="46.85945" lon="17.6706">
        <ele>91.18</ele>
      </trkpt>
      <trkpt lat="46.85923" lon="17.67039">
        <ele>97.1</ele>
      </trkpt>
      <trkpt lat="46.85882" lon="17.67008">
        <ele>101.41</ele>
      </trkpt>
      <trkpt lat="46.8584" lon="17.66976">
        <ele>106.93</ele>
      </trkpt>
      <trkpt lat="46.85777" lon="17.66928">
        <ele>111.45</ele>
      </trkpt>
      <trkpt lat="46.85756" lon="17.66912">
        <ele>107.13</ele>
      </trkpt>
      <trkpt lat="46.85734" lon="17.66899">
        <ele>98.77</ele>
      </trkpt>
      <trkpt lat="46.85706" lon="17.66886">
        <ele>95.93</ele>
      </trkpt>
      <trkpt lat="46.85671" lon="17.66872">
        <ele>94.39</ele>
      </trkpt>
      <trkpt lat="46.85648" lon="17.66863">
        <ele>91.96</ele>
      </trkpt>
      <trkpt lat="46.85626" lon="17.66852">
        <ele>91.0</ele>
      </trkpt>
      <trkpt lat="46.85599" lon="17.66833">
        <ele>91.0</ele>
      </trkpt>
      <trkpt lat="46.85566" lon="17.66804">
        <ele>91.0</ele>
      </trkpt>
      <trkpt lat="46.85326" lon="17.66589">
        <ele>91.0</ele>
      </trkpt>
      <trkpt lat="46.85305" lon="17.6657">
        <ele>91.0</ele>
      </trkpt>
      <trkpt lat="46.85275" lon="17.66537">
        <ele>91.0</ele>
      </trkpt>
      <trkpt lat="46.85235" lon="17.66486">
        <ele>91.0</ele>
      </trkpt>
      <trkpt lat="46.85206" lon="17.6644">
        <ele>91.8</ele>
      </trkpt>
      <trkpt lat="46.85181" lon="17.66394">
        <ele>91.0</ele>
      </trkpt>
      <trkpt lat="46.85167" lon="17.66366">
        <ele>91.13</ele>
      </trkpt>
      <trkpt lat="46.85151" lon="17.66331">
        <ele>91.0</ele>
      </trkpt>
      <trkpt lat="46.85141" lon="17.66314">
        <ele>91.0</ele>
      </trkpt>
      <trkpt lat="46.85125" lon="17.66285">
        <ele>91.0</ele>
      </trkpt>
      <trkpt lat="46.85108" lon="17.66258">
        <ele>91.0</ele>
      </trkpt>
      <trkpt lat="46.85102" lon="17.66251">
        <ele>91.0</ele>
      </trkpt>
      <trkpt lat="46.85093" lon="17.66239">
        <ele>91.0</ele>
      </trkpt>
      <trkpt lat="46.85076" lon="17.66216">
        <ele>92.81</ele>
      </trkpt>
      <trkpt lat="46.85038" lon="17.66169">
        <ele>104.16</ele>
      </trkpt>
      <trkpt lat="46.85016" lon="17.66143">
        <ele>105.59</ele>
      </trkpt>
      <trkpt lat="46.85008" lon="17.66132">
        <ele>105.86</ele>
      </trkpt>
      <trkpt lat="46.8505" lon="17.66052">
        <ele>108.37</ele>
      </trkpt>
      <trkpt lat="46.85051" lon="17.6605">
        <ele>108.3</ele>
      </trkpt>
      <trkpt lat="46.8505" lon="17.66052">
        <ele>108.37</ele>
      </trkpt>
      <trkpt lat="46.85017" lon="17.65996">
        <ele>103.42</ele>
      </trkpt>
      <trkpt lat="46.84984" lon="17.6594">
        <ele>103.81</ele>
      </trkpt>
      <trkpt lat="46.84951" lon="17.65899">
        <ele>107.04</ele>
      </trkpt>
      <trkpt lat="46.84951" lon="17.65899">
        <ele>107.04</ele>
      </trkpt>
      <trkpt lat="46.84914" lon="17.65853">
        <ele>109.94</ele>
      </trkpt>
      <trkpt lat="46.84849" lon="17.65768">
        <ele>109.65</ele>
      </trkpt>
      <trkpt lat="46.84814" lon="17.65721">
        <ele>102.48</ele>
      </trkpt>
      <trkpt lat="46.84778" lon="17.65673">
        <ele>96.49</ele>
      </trkpt>
      <trkpt lat="46.84743" lon="17.65626">
        <ele>97.42</ele>
      </trkpt>
      <trkpt lat="46.84707" lon="17.65579">
        <ele>95.01</ele>
      </trkpt>
      <trkpt lat="46.84672" lon="17.65643">
        <ele>98.3</ele>
      </trkpt>
      <trkpt lat="46.84669" lon="17.65642">
        <ele>98.22</ele>
      </trkpt>
      <trkpt lat="46.84661" lon="17.6563">
        <ele>98.52</ele>
      </trkpt>
      <trkpt lat="46.8466" lon="17.65628">
        <ele>98.56</ele>
      </trkpt>
      <trkpt lat="46.8466" lon="17.65628">
        <ele>98.56</ele>
      </trkpt>
      <trkpt lat="46.84642" lon="17.65588">
        <ele>98.22</ele>
      </trkpt>
      <trkpt lat="46.84617" lon="17.6553">
        <ele>102.55</ele>
      </trkpt>
      <trkpt lat="46.84596" lon="17.6548">
        <ele>99.19</ele>
      </trkpt>
      <trkpt lat="46.84575" lon="17.65427">
        <ele>99.06</ele>
      </trkpt>
      <trkpt lat="46.84554" lon="17.65387">
        <ele>97.16</ele>
      </trkpt>
      <trkpt lat="46.84516" lon="17.65339">
        <ele>93.38</ele>
      </trkpt>
      <trkpt lat="46.84469" lon="17.65296">
        <ele>94.51</ele>
      </trkpt>
      <trkpt lat="46.84408" lon="17.65269">
        <ele>95.1</ele>
      </trkpt>
      <trkpt lat="46.84367" lon="17.6525">
        <ele>93.64</ele>
      </trkpt>
      <trkpt lat="46.84287" lon="17.65215">
        <ele>103.01</ele>
      </trkpt>
      <trkpt lat="46.84263" lon="17.65205">
        <ele>106.93</ele>
      </trkpt>
      <trkpt lat="46.84263" lon="17.65205">
        <ele>106.93</ele>
      </trkpt>
      <trkpt lat="46.84224" lon="17.65189">
        <ele>106.38</ele>
      </trkpt>
      <trkpt lat="46.84188" lon="17.65168">
        <ele>106.36</ele>
      </trkpt>
      <trkpt lat="46.84155" lon="17.65148">
        <ele>98.93</ele>
      </trkpt>
      <trkpt lat="46.8413" lon="17.65126">
        <ele>91.0</ele>
      </trkpt>
      <trkpt lat="46.84112" lon="17.65108">
        <ele>92.56</ele>
      </trkpt>
      <trkpt lat="46.84097" lon="17.65091">
        <ele>95.99</ele>
      </trkpt>
      <trkpt lat="46.84079" lon="17.65068">
        <ele>98.81</ele>
      </trkpt>
      <trkpt lat="46.84069" lon="17.65053">
        <ele>105.24</ele>
      </trkpt>
      <trkpt lat="46.84051" lon="17.65018">
        <ele>101.33</ele>
      </trkpt>
      <trkpt lat="46.8403" lon="17.64985">
        <ele>99.0</ele>
      </trkpt>
      <trkpt lat="46.8401" lon="17.6496">
        <ele>106.0</ele>
      </trkpt>
      <trkpt lat="46.83978" lon="17.64929">
        <ele>106.09</ele>
      </trkpt>
      <trkpt lat="46.83975" lon="17.64921">
        <ele>106.62</ele>
      </trkpt>
      <trkpt lat="46.83973" lon="17.64914">
        <ele>106.69</ele>
      </trkpt>
      <trkpt lat="46.8397" lon="17.6491">
        <ele>105.29</ele>
      </trkpt>
      <trkpt lat="46.83966" lon="17.64906">
        <ele>103.55</ele>
      </trkpt>
      <trkpt lat="46.83933" lon="17.64877">
        <ele>97.8</ele>
      </trkpt>
      <trkpt lat="46.83917" lon="17.64866">
        <ele>91.13</ele>
      </trkpt>
      <trkpt lat="46.83901" lon="17.64853">
        <ele>94.45</ele>
      </trkpt>
      <trkpt lat="46.83887" lon="17.6484">
        <ele>100.92</ele>
      </trkpt>
      <trkpt lat="46.83873" lon="17.64825">
        <ele>99.48</ele>
      </trkpt>
      <trkpt lat="46.83873" lon="17.64825">
        <ele>99.48</ele>
      </trkpt>
      <trkpt lat="46.83869" lon="17.6482">
        <ele>100.2</ele>
      </trkpt>
      <trkpt lat="46.83865" lon="17.64813">
        <ele>102.83</ele>
      </trkpt>
      <trkpt lat="46.83862" lon="17.64805">
        <ele>106.79</ele>
      </trkpt>
      <trkpt lat="46.83856" lon="17.64795">
        <ele>105.35</ele>
      </trkpt>
      <trkpt lat="46.83847" lon="17.64784">
        <ele>104.74</ele>
      </trkpt>
      <trkpt lat="46.83838" lon="17.64773">
        <ele>105.24</ele>
      </trkpt>
      <trkpt lat="46.83833" lon="17.64767">
        <ele>105.63</ele>
      </trkpt>
      <trkpt lat="46.83827" lon="17.64761">
        <ele>106.13</ele>
      </trkpt>
      <trkpt lat="46.83812" lon="17.64752">
        <ele>109.29</ele>
      </trkpt>
      <trkpt lat="46.83804" lon="17.64745">
        <ele>110.17</ele>
      </trkpt>
      <trkpt lat="46.83782" lon="17.64718">
        <ele>107.58</ele>
      </trkpt>
      <trkpt lat="46.8376" lon="17.64692">
        <ele>105.18</ele>
      </trkpt>
      <trkpt lat="46.83728" lon="17.64661">
        <ele>110.06</ele>
      </trkpt>
      <trkpt lat="46.83699" lon="17.64638">
        <ele>114.75</ele>
      </trkpt>
      <trkpt lat="46.83692" lon="17.64636">
        <ele>113.69</ele>
      </trkpt>
      <trkpt lat="46.83685" lon="17.64636">
        <ele>112.34</ele>
      </trkpt>
      <trkpt lat="46.83678" lon="17.64634">
        <ele>110.67</ele>
      </trkpt>
      <trkpt lat="46.83673" lon="17.64632">
        <ele>109.53</ele>
      </trkpt>
      <trkpt lat="46.83673" lon="17.64633">
        <ele>109.65</ele>
      </trkpt>
      <trkpt lat="46.83656" lon="17.64624">
        <ele>106.24</ele>
      </trkpt>
      <trkpt lat="46.83635" lon="17.64617">
        <ele>103.1</ele>
      </trkpt>
      <trkpt lat="46.83612" lon="17.64611">
        <ele>101.1</ele>
      </trkpt>
      <trkpt lat="46.83587" lon="17.64608">
        <ele>100.24</ele>
      </trkpt>
      <trkpt lat="46.8357" lon="17.64608">
        <ele>100.86</ele>
      </trkpt>
      <trkpt lat="46.83541" lon="17.64608">
        <ele>102.66</ele>
      </trkpt>
      <trkpt lat="46.83475" lon="17.64608">
        <ele>107.9</ele>
      </trkpt>
      <trkpt lat="46.83406" lon="17.64611">
        <ele>101.01</ele>
      </trkpt>
      <trkpt lat="46.83369" lon="17.64605">
        <ele>99.67</ele>
      </trkpt>
      <trkpt lat="46.83351" lon="17.64607">
        <ele>98.9</ele>
      </trkpt>
      <trkpt lat="46.83351" lon="17.64607">
        <ele>98.9</ele>
      </trkpt>
      <trkpt lat="46.83307" lon="17.6461">
        <ele>100.11</ele>
      </trkpt>
      <trkpt lat="46.83282" lon="17.6461">
        <ele>100.06</ele>
      </trkpt>
      <trkpt lat="46.83258" lon="17.64607">
        <ele>100.75</ele>
      </trkpt>
      <trkpt lat="46.83237" lon="17.64601">
        <ele>101.17</ele>
      </trkpt>
      <trkpt lat="46.83209" lon="17.64591">
        <ele>102.28</ele>
      </trkpt>
      <trkpt lat="46.83186" lon="17.64579">
        <ele>103.54</ele>
      </trkpt>
      <trkpt lat="46.83166" lon="17.64565">
        <ele>104.28</ele>
      </trkpt>
      <trkpt lat="46.83144" lon="17.64548">
        <ele>105.18</ele>
      </trkpt>
      <trkpt lat="46.83128" lon="17.6453">
        <ele>104.34</ele>
      </trkpt>
      <trkpt lat="46.83111" lon="17.64508">
        <ele>103.73</ele>
      </trkpt>
      <trkpt lat="46.83098" lon="17.64488">
        <ele>105.87</ele>
      </trkpt>
      <trkpt lat="46.83085" lon="17.64465">
        <ele>106.96</ele>
      </trkpt>
      <trkpt lat="46.83069" lon="17.64431">
        <ele>107.55</ele>
      </trkpt>
      <trkpt lat="46.83059" lon="17.64406">
        <ele>104.64</ele>
      </trkpt>
      <trkpt lat="46.83059" lon="17.64406">
        <ele>104.64</ele>
      </trkpt>
      <trkpt lat="46.83058" lon="17.64402">
        <ele>104.02</ele>
      </trkpt>
      <trkpt lat="46.83051" lon="17.64382">
        <ele>101.42</ele>
      </trkpt>
      <trkpt lat="46.83043" lon="17.64353">
        <ele>98.58</ele>
      </trkpt>
      <trkpt lat="46.83041" lon="17.64346">
        <ele>97.89</ele>
      </trkpt>
      <trkpt lat="46.83038" lon="17.64345">
        <ele>97.89</ele>
      </trkpt>
      <trkpt lat="46.83037" lon="17.6434">
        <ele>97.39</ele>
      </trkpt>
      <trkpt lat="46.83034" lon="17.64342">
        <ele>97.71</ele>
      </trkpt>
      <trkpt lat="46.83028" lon="17.64286">
        <ele>100.95</ele>
      </trkpt>
      <trkpt lat="46.83031" lon="17.64218">
        <ele>101.87</ele>
      </trkpt>
      <trkpt lat="46.83033" lon="17.64149">
        <ele>101.38</ele>
      </trkpt>
      <trkpt lat="46.83036" lon="17.64081">
        <ele>98.59</ele>
      </trkpt>
      <trkpt lat="46.83038" lon="17.64013">
        <ele>100.34</ele>
      </trkpt>
      <trkpt lat="46.83041" lon="17.63944">
        <ele>101.4</ele>
      </trkpt>
      <trkpt lat="46.83043" lon="17.63876">
        <ele>98.55</ele>
      </trkpt>
      <trkpt lat="46.83038" lon="17.63876">
        <ele>98.37</ele>
      </trkpt>
      <trkpt lat="46.83038" lon="17.63875">
        <ele>98.37</ele>
      </trkpt>
      <trkpt lat="46.83029" lon="17.63874">
        <ele>98.04</ele>
      </trkpt>
      <trkpt lat="46.83007" lon="17.6387">
        <ele>94.5</ele>
      </trkpt>
      <trkpt lat="46.82987" lon="17.63866">
        <ele>93.18</ele>
      </trkpt>
      <trkpt lat="46.82969" lon="17.63864">
        <ele>93.71</ele>
      </trkpt>
      <trkpt lat="46.82949" lon="17.63862">
        <ele>97.27</ele>
      </trkpt>
      <trkpt lat="46.82951" lon="17.6383">
        <ele>96.03</ele>
      </trkpt>
      <trkpt lat="46.82955" lon="17.63818">
        <ele>95.27</ele>
      </trkpt>
      <trkpt lat="46.82958" lon="17.6381">
        <ele>94.64</ele>
      </trkpt>
      <trkpt lat="46.82958" lon="17.6381">
        <ele>94.64</ele>
      </trkpt>
      <trkpt lat="46.82973" lon="17.63778">
        <ele>92.11</ele>
      </trkpt>
      <trkpt lat="46.82976" lon="17.63764">
        <ele>92.97</ele>
      </trkpt>
      <trkpt lat="46.82982" lon="17.63651">
        <ele>95.24</ele>
      </trkpt>
      <trkpt lat="46.82981" lon="17.6364">
        <ele>94.91</ele>
      </trkpt>
      <trkpt lat="46.82978" lon="17.63626">
        <ele>94.34</ele>
      </trkpt>
      <trkpt lat="46.82971" lon="17.6361">
        <ele>93.0</ele>
      </trkpt>
      <trkpt lat="46.82961" lon="17.63594">
        <ele>93.21</ele>
      </trkpt>
      <trkpt lat="46.8295" lon="17.63583">
        <ele>93.26</ele>
      </trkpt>
      <trkpt lat="46.82921" lon="17.63561">
        <ele>98.19</ele>
      </trkpt>
      <trkpt lat="46.82921" lon="17.63561">
        <ele>98.19</ele>
      </trkpt>
      <trkpt lat="46.8288" lon="17.63531">
        <ele>101.23</ele>
      </trkpt>
      <trkpt lat="46.82851" lon="17.63506">
        <ele>99.81</ele>
      </trkpt>
      <trkpt lat="46.82841" lon="17.63494">
        <ele>97.07</ele>
      </trkpt>
      <trkpt lat="46.82841" lon="17.63494">
        <ele>97.07</ele>
      </trkpt>
      <trkpt lat="46.82837" lon="17.6349">
        <ele>98.16</ele>
      </trkpt>
      <trkpt lat="46.82832" lon="17.63481">
        <ele>102.72</ele>
      </trkpt>
      <trkpt lat="46.82819" lon="17.63457">
        <ele>99.98</ele>
      </trkpt>
      <trkpt lat="46.82819" lon="17.63457">
        <ele>99.98</ele>
      </trkpt>
      <trkpt lat="46.82831" lon="17.63442">
        <ele>108.32</ele>
      </trkpt>
      <trkpt lat="46.82878" lon="17.634">
        <ele>101.25</ele>
      </trkpt>
      <trkpt lat="46.82864" lon="17.63367">
        <ele>100.46</ele>
      </trkpt>
      <trkpt lat="46.82864" lon="17.63367">
        <ele>100.46</ele>
      </trkpt>
      <trkpt lat="46.82804" lon="17.63219">
        <ele>102.78</ele>
      </trkpt>
      <trkpt lat="46.82791" lon="17.63192">
        <ele>101.43</ele>
      </trkpt>
      <trkpt lat="46.82768" lon="17.63133">
        <ele>101.2</ele>
      </trkpt>
      <trkpt lat="46.82753" lon="17.63097">
        <ele>100.32</ele>
      </trkpt>
      <trkpt lat="46.82753" lon="17.63097">
        <ele>100.32</ele>
      </trkpt>
      <trkpt lat="46.82733" lon="17.63049">
        <ele>91.0</ele>
      </trkpt>
      <trkpt lat="46.82716" lon="17.63005">
        <ele>91.0</ele>
      </trkpt>
      <trkpt lat="46.82704" lon="17.62977">
        <ele>91.0</ele>
      </trkpt>
      <trkpt lat="46.82697" lon="17.62959">
        <ele>91.0</ele>
      </trkpt>
      <trkpt lat="46.82692" lon="17.62944">
        <ele>91.0</ele>
      </trkpt>
      <trkpt lat="46.82688" lon="17.62935">
        <ele>91.0</ele>
      </trkpt>
      <trkpt lat="46.82684" lon="17.62928">
        <ele>91.0</ele>
      </trkpt>
      <trkpt lat="46.82644" lon="17.62822">
        <ele>105.19</ele>
      </trkpt>
      <trkpt lat="46.82607" lon="17.62744">
        <ele>91.0</ele>
      </trkpt>
      <trkpt lat="46.82555" lon="17.62645">
        <ele>104.18</ele>
      </trkpt>
      <trkpt lat="46.82519" lon="17.62599">
        <ele>101.56</ele>
      </trkpt>
      <trkpt lat="46.82483" lon="17.62553">
        <ele>91.43</ele>
      </trkpt>
      <trkpt lat="46.82483" lon="17.62553">
        <ele>91.43</ele>
      </trkpt>
      <trkpt lat="46.82431" lon="17.62485">
        <ele>99.9</ele>
      </trkpt>
      <trkpt lat="46.82431" lon="17.62485">
        <ele>99.9</ele>
      </trkpt>
      <trkpt lat="46.82409" lon="17.62457">
        <ele>91.0</ele>
      </trkpt>
      <trkpt lat="46.82396" lon="17.62431">
        <ele>91.0</ele>
      </trkpt>
      <trkpt lat="46.82387" lon="17.62409">
        <ele>91.0</ele>
      </trkpt>
      <trkpt lat="46.82366" lon="17.62352">
        <ele>91.0</ele>
      </trkpt>
      <trkpt lat="46.82366" lon="17.62342">
        <ele>91.0</ele>
      </trkpt>
      <trkpt lat="46.82363" lon="17.62336">
        <ele>91.0</ele>
      </trkpt>
      <trkpt lat="46.82341" lon="17.62284">
        <ele>91.0</ele>
      </trkpt>
      <trkpt lat="46.8233" lon="17.6225">
        <ele>91.0</ele>
      </trkpt>
      <trkpt lat="46.82328" lon="17.62243">
        <ele>91.0</ele>
      </trkpt>
      <trkpt lat="46.82328" lon="17.62243">
        <ele>91.0</ele>
      </trkpt>
      <trkpt lat="46.82324" lon="17.62229">
        <ele>91.0</ele>
      </trkpt>
      <trkpt lat="46.82323" lon="17.62226">
        <ele>91.0</ele>
      </trkpt>
      <trkpt lat="46.82314" lon="17.62182">
        <ele>91.0</ele>
      </trkpt>
      <trkpt lat="46.82308" lon="17.62153">
        <ele>91.0</ele>
      </trkpt>
      <trkpt lat="46.82304" lon="17.62112">
        <ele>91.0</ele>
      </trkpt>
      <trkpt lat="46.82304" lon="17.62112">
        <ele>91.0</ele>
      </trkpt>
      <trkpt lat="46.82304" lon="17.62109">
        <ele>91.0</ele>
      </trkpt>
      <trkpt lat="46.82304" lon="17.62073">
        <ele>94.51</ele>
      </trkpt>
      <trkpt lat="46.82307" lon="17.6201">
        <ele>98.89</ele>
      </trkpt>
      <trkpt lat="46.82314" lon="17.61935">
        <ele>97.94</ele>
      </trkpt>
      <trkpt lat="46.82315" lon="17.61915">
        <ele>96.3</ele>
      </trkpt>
      <trkpt lat="46.82313" lon="17.61907">
        <ele>95.79</ele>
      </trkpt>
      <trkpt lat="46.82321" lon="17.61865">
        <ele>96.51</ele>
      </trkpt>
      <trkpt lat="46.82321" lon="17.61865">
        <ele>96.51</ele>
      </trkpt>
      <trkpt lat="46.82341" lon="17.61769">
        <ele>93.15</ele>
      </trkpt>
      <trkpt lat="46.82357" lon="17.61682">
        <ele>89.3</ele>
      </trkpt>
      <trkpt lat="46.8236" lon="17.61677">
        <ele>88.31</ele>
      </trkpt>
      <trkpt lat="46.82364" lon="17.61673">
        <ele>88.05</ele>
      </trkpt>
      <trkpt lat="46.82368" lon="17.61671">
        <ele>88.38</ele>
      </trkpt>
      <trkpt lat="46.82372" lon="17.61672">
        <ele>88.99</ele>
      </trkpt>
      <trkpt lat="46.82381" lon="17.61677">
        <ele>90.45</ele>
      </trkpt>
      <trkpt lat="46.82385" lon="17.61659">
        <ele>90.56</ele>
      </trkpt>
      <trkpt lat="46.82385" lon="17.61659">
        <ele>90.56</ele>
      </trkpt>
      <trkpt lat="46.82402" lon="17.61586">
        <ele>92.94</ele>
      </trkpt>
      <trkpt lat="46.8242" lon="17.61513">
        <ele>95.6</ele>
      </trkpt>
      <trkpt lat="46.82437" lon="17.61439">
        <ele>91.0</ele>
      </trkpt>
      <trkpt lat="46.82454" lon="17.61366">
        <ele>93.06</ele>
      </trkpt>
      <trkpt lat="46.82454" lon="17.61366">
        <ele>93.06</ele>
      </trkpt>
      <trkpt lat="46.82465" lon="17.6132">
        <ele>92.54</ele>
      </trkpt>
      <trkpt lat="46.82478" lon="17.6126">
        <ele>92.96</ele>
      </trkpt>
      <trkpt lat="46.82493" lon="17.61185">
        <ele>92.97</ele>
      </trkpt>
      <trkpt lat="46.82503" lon="17.61139">
        <ele>91.54</ele>
      </trkpt>
      <trkpt lat="46.82519" lon="17.61056">
        <ele>92.36</ele>
      </trkpt>
      <trkpt lat="46.82534" lon="17.60985">
        <ele>98.96</ele>
      </trkpt>
      <trkpt lat="46.82542" lon="17.60941">
        <ele>100.43</ele>
      </trkpt>
      <trkpt lat="46.82545" lon="17.6093">
        <ele>100.31</ele>
      </trkpt>
      <trkpt lat="46.82545" lon="17.6093">
        <ele>100.31</ele>
      </trkpt>
      <trkpt lat="46.82549" lon="17.60909">
        <ele>99.59</ele>
      </trkpt>
      <trkpt lat="46.82552" lon="17.609">
        <ele>99.08</ele>
      </trkpt>
      <trkpt lat="46.82555" lon="17.60891">
        <ele>99.0</ele>
      </trkpt>
      <trkpt lat="46.82586" lon="17.60719">
        <ele>98.45</ele>
      </trkpt>
      <trkpt lat="46.82598" lon="17.60672">
        <ele>101.26</ele>
      </trkpt>
      <trkpt lat="46.82611" lon="17.60622">
        <ele>101.38</ele>
      </trkpt>
      <trkpt lat="46.82631" lon="17.60563">
        <ele>100.88</ele>
      </trkpt>
      <trkpt lat="46.82652" lon="17.60504">
        <ele>99.87</ele>
      </trkpt>
      <trkpt lat="46.82653" lon="17.60498">
        <ele>100.04</ele>
      </trkpt>
      <trkpt lat="46.82652" lon="17.60492">
        <ele>100.14</ele>
      </trkpt>
      <trkpt lat="46.82649" lon="17.60481">
        <ele>100.25</ele>
      </trkpt>
      <trkpt lat="46.82647" lon="17.60474">
        <ele>100.27</ele>
      </trkpt>
      <trkpt lat="46.82646" lon="17.6047">
        <ele>100.28</ele>
      </trkpt>
      <trkpt lat="46.82646" lon="17.60464">
        <ele>100.33</ele>
      </trkpt>
      <trkpt lat="46.82649" lon="17.60461">
        <ele>100.51</ele>
      </trkpt>
      <trkpt lat="46.82662" lon="17.60452">
        <ele>101.44</ele>
      </trkpt>
      <trkpt lat="46.82662" lon="17.60452">
        <ele>101.44</ele>
      </trkpt>
      <trkpt lat="46.8267" lon="17.60447">
        <ele>102.03</ele>
      </trkpt>
      <trkpt lat="46.82679" lon="17.60439">
        <ele>102.53</ele>
      </trkpt>
      <trkpt lat="46.82682" lon="17.60433">
        <ele>102.78</ele>
      </trkpt>
      <trkpt lat="46.82729" lon="17.60333">
        <ele>105.75</ele>
      </trkpt>
      <trkpt lat="46.82753" lon="17.60283">
        <ele>105.78</ele>
      </trkpt>
      <trkpt lat="46.82753" lon="17.60283">
        <ele>105.78</ele>
      </trkpt>
      <trkpt lat="46.82762" lon="17.60264">
        <ele>105.56</ele>
      </trkpt>
      <trkpt lat="46.8279" lon="17.60202">
        <ele>106.47</ele>
      </trkpt>
      <trkpt lat="46.8281" lon="17.60154">
        <ele>111.46</ele>
      </trkpt>
      <trkpt lat="46.82815" lon="17.6014">
        <ele>111.96</ele>
      </trkpt>
      <trkpt lat="46.82818" lon="17.60131">
        <ele>112.25</ele>
      </trkpt>
      <trkpt lat="46.82822" lon="17.60123">
        <ele>112.68</ele>
      </trkpt>
      <trkpt lat="46.82827" lon="17.60117">
        <ele>113.22</ele>
      </trkpt>
      <trkpt lat="46.82835" lon="17.60102">
        <ele>114.31</ele>
      </trkpt>
      <trkpt lat="46.82839" lon="17.6009">
        <ele>114.6</ele>
      </trkpt>
      <trkpt lat="46.82842" lon="17.60079">
        <ele>114.84</ele>
      </trkpt>
      <trkpt lat="46.82843" lon="17.6007">
        <ele>115.13</ele>
      </trkpt>
      <trkpt lat="46.82847" lon="17.60065">
        <ele>115.17</ele>
      </trkpt>
      <trkpt lat="46.82855" lon="17.60049">
        <ele>115.69</ele>
      </trkpt>
      <trkpt lat="46.82873" lon="17.60015">
        <ele>118.38</ele>
      </trkpt>
      <trkpt lat="46.82873" lon="17.60015">
        <ele>118.38</ele>
      </trkpt>
      <trkpt lat="46.82878" lon="17.60007">
        <ele>118.36</ele>
      </trkpt>
      <trkpt lat="46.82912" lon="17.59933">
        <ele>123.53</ele>
      </trkpt>
      <trkpt lat="46.8293" lon="17.59885">
        <ele>122.11</ele>
      </trkpt>
      <trkpt lat="46.82948" lon="17.59834">
        <ele>122.38</ele>
      </trkpt>
      <trkpt lat="46.82958" lon="17.59796">
        <ele>122.96</ele>
      </trkpt>
      <trkpt lat="46.82965" lon="17.59754">
        <ele>125.63</ele>
      </trkpt>
      <trkpt lat="46.82966" lon="17.59741">
        <ele>126.17</ele>
      </trkpt>
      <trkpt lat="46.82966" lon="17.59741">
        <ele>126.17</ele>
      </trkpt>
      <trkpt lat="46.82969" lon="17.59705">
        <ele>126.45</ele>
      </trkpt>
      <trkpt lat="46.82969" lon="17.59665">
        <ele>124.99</ele>
      </trkpt>
      <trkpt lat="46.82965" lon="17.59612">
        <ele>122.54</ele>
      </trkpt>
      <trkpt lat="46.82961" lon="17.59583">
        <ele>123.4</ele>
      </trkpt>
      <trkpt lat="46.82955" lon="17.59563">
        <ele>123.71</ele>
      </trkpt>
      <trkpt lat="46.8295" lon="17.5954">
        <ele>123.04</ele>
      </trkpt>
      <trkpt lat="46.82946" lon="17.59522">
        <ele>121.56</ele>
      </trkpt>
      <trkpt lat="46.82937" lon="17.59477">
        <ele>122.64</ele>
      </trkpt>
      <trkpt lat="46.82937" lon="17.59477">
        <ele>122.64</ele>
      </trkpt>
      <trkpt lat="46.82918" lon="17.5939">
        <ele>121.15</ele>
      </trkpt>
      <trkpt lat="46.82897" lon="17.59301">
        <ele>113.28</ele>
      </trkpt>
      <trkpt lat="46.8288" lon="17.59224">
        <ele>112.28</ele>
      </trkpt>
      <trkpt lat="46.82863" lon="17.59146">
        <ele>114.27</ele>
      </trkpt>
      <trkpt lat="46.82863" lon="17.59146">
        <ele>114.27</ele>
      </trkpt>
      <trkpt lat="46.8286" lon="17.59133">
        <ele>112.87</ele>
      </trkpt>
      <trkpt lat="46.82843" lon="17.59057">
        <ele>111.91</ele>
      </trkpt>
      <trkpt lat="46.82837" lon="17.59032">
        <ele>112.85</ele>
      </trkpt>
      <trkpt lat="46.82804" lon="17.58895">
        <ele>111.5</ele>
      </trkpt>
      <trkpt lat="46.82785" lon="17.58827">
        <ele>106.8</ele>
      </trkpt>
      <trkpt lat="46.82785" lon="17.58827">
        <ele>106.8</ele>
      </trkpt>
      <trkpt lat="46.82771" lon="17.58776">
        <ele>101.45</ele>
      </trkpt>
      <trkpt lat="46.82739" lon="17.58668">
        <ele>101.62</ele>
      </trkpt>
      <trkpt lat="46.827" lon="17.58711">
        <ele>101.2</ele>
      </trkpt>
      <trkpt lat="46.827" lon="17.58711">
        <ele>101.2</ele>
      </trkpt>
      <trkpt lat="46.82647" lon="17.58769">
        <ele>99.09</ele>
      </trkpt>
      <trkpt lat="46.82618" lon="17.588">
        <ele>97.35</ele>
      </trkpt>
      <trkpt lat="46.82588" lon="17.58829">
        <ele>99.78</ele>
      </trkpt>
      <trkpt lat="46.82545" lon="17.5887">
        <ele>102.64</ele>
      </trkpt>
      <trkpt lat="46.82529" lon="17.58884">
        <ele>103.12</ele>
      </trkpt>
      <trkpt lat="46.82501" lon="17.58824">
        <ele>102.9</ele>
      </trkpt>
      <trkpt lat="46.82498" lon="17.58817">
        <ele>103.1</ele>
      </trkpt>
      <trkpt lat="46.82492" lon="17.58807">
        <ele>103.3</ele>
      </trkpt>
      <trkpt lat="46.8251" lon="17.58774">
        <ele>100.42</ele>
      </trkpt>
      <trkpt lat="46.82531" lon="17.58719">
        <ele>98.53</ele>
      </trkpt>
      <trkpt lat="46.82533" lon="17.58712">
        <ele>99.02</ele>
      </trkpt>
      <trkpt lat="46.82533" lon="17.58712">
        <ele>99.02</ele>
      </trkpt>
      <trkpt lat="46.82543" lon="17.58675">
        <ele>99.7</ele>
      </trkpt>
      <trkpt lat="46.82551" lon="17.58624">
        <ele>96.58</ele>
      </trkpt>
      <trkpt lat="46.82555" lon="17.58588">
        <ele>93.38</ele>
      </trkpt>
      <trkpt lat="46.82555" lon="17.58566">
        <ele>94.85</ele>
      </trkpt>
      <trkpt lat="46.82546" lon="17.58464">
        <ele>99.97</ele>
      </trkpt>
      <trkpt lat="46.82546" lon="17.58464">
        <ele>99.97</ele>
      </trkpt>
      <trkpt lat="46.82544" lon="17.58454">
        <ele>98.35</ele>
      </trkpt>
      <trkpt lat="46.82542" lon="17.58445">
        <ele>96.66</ele>
      </trkpt>
      <trkpt lat="46.82539" lon="17.58439">
        <ele>96.8</ele>
      </trkpt>
      <trkpt lat="46.82535" lon="17.58434">
        <ele>96.96</ele>
      </trkpt>
      <trkpt lat="46.8253" lon="17.58431">
        <ele>96.75</ele>
      </trkpt>
      <trkpt lat="46.82524" lon="17.58427">
        <ele>97.46</ele>
      </trkpt>
      <trkpt lat="46.82518" lon="17.58417">
        <ele>99.58</ele>
      </trkpt>
      <trkpt lat="46.82509" lon="17.584">
        <ele>101.34</ele>
      </trkpt>
      <trkpt lat="46.82494" lon="17.5837">
        <ele>101.16</ele>
      </trkpt>
      <trkpt lat="46.82489" lon="17.58356">
        <ele>101.26</ele>
      </trkpt>
      <trkpt lat="46.82453" lon="17.58271">
        <ele>102.32</ele>
      </trkpt>
      <trkpt lat="46.82453" lon="17.58271">
        <ele>102.32</ele>
      </trkpt>
      <trkpt lat="46.8244" lon="17.5824">
        <ele>101.13</ele>
      </trkpt>
      <trkpt lat="46.82381" lon="17.58125">
        <ele>102.22</ele>
      </trkpt>
      <trkpt lat="46.82377" lon="17.58118">
        <ele>102.32</ele>
      </trkpt>
      <trkpt lat="46.82319" lon="17.58023">
        <ele>101.49</ele>
      </trkpt>
      <trkpt lat="46.82272" lon="17.57943">
        <ele>104.61</ele>
      </trkpt>
      <trkpt lat="46.82272" lon="17.57943">
        <ele>104.61</ele>
      </trkpt>
      <trkpt lat="46.82238" lon="17.57884">
        <ele>103.86</ele>
      </trkpt>
      <trkpt lat="46.82184" lon="17.57794">
        <ele>101.7</ele>
      </trkpt>
      <trkpt lat="46.82137" lon="17.57713">
        <ele>101.73</ele>
      </trkpt>
      <trkpt lat="46.82101" lon="17.57653">
        <ele>98.94</ele>
      </trkpt>
      <trkpt lat="46.82092" lon="17.57639">
        <ele>99.31</ele>
      </trkpt>
      <trkpt lat="46.82092" lon="17.57639">
        <ele>99.31</ele>
      </trkpt>
      <trkpt lat="46.82067" lon="17.57596">
        <ele>99.77</ele>
      </trkpt>
      <trkpt lat="46.82014" lon="17.57538">
        <ele>101.18</ele>
      </trkpt>
      <trkpt lat="46.81977" lon="17.57502">
        <ele>101.01</ele>
      </trkpt>
      <trkpt lat="46.81977" lon="17.57503">
        <ele>101.02</ele>
      </trkpt>
      <trkpt lat="46.81957" lon="17.57495">
        <ele>100.72</ele>
      </trkpt>
      <trkpt lat="46.81944" lon="17.57504">
        <ele>100.86</ele>
      </trkpt>
      <trkpt lat="46.81915" lon="17.57514">
        <ele>100.94</ele>
      </trkpt>
      <trkpt lat="46.81883" lon="17.575">
        <ele>100.79</ele>
      </trkpt>
      <trkpt lat="46.81883" lon="17.575">
        <ele>100.79</ele>
      </trkpt>
      <trkpt lat="46.81835" lon="17.57478">
        <ele>99.01</ele>
      </trkpt>
      <trkpt lat="46.81791" lon="17.57461">
        <ele>94.26</ele>
      </trkpt>
      <trkpt lat="46.81748" lon="17.57444">
        <ele>95.18</ele>
      </trkpt>
      <trkpt lat="46.81704" lon="17.57427">
        <ele>94.47</ele>
      </trkpt>
      <trkpt lat="46.8166" lon="17.5741">
        <ele>94.19</ele>
      </trkpt>
      <trkpt lat="46.81606" lon="17.57391">
        <ele>97.94</ele>
      </trkpt>
      <trkpt lat="46.81606" lon="17.57391">
        <ele>97.94</ele>
      </trkpt>
      <trkpt lat="46.81599" lon="17.57388">
        <ele>98.05</ele>
      </trkpt>
      <trkpt lat="46.81589" lon="17.57379">
        <ele>98.22</ele>
      </trkpt>
      <trkpt lat="46.81587" lon="17.5737">
        <ele>98.27</ele>
      </trkpt>
      <trkpt lat="46.81588" lon="17.57351">
        <ele>100.02</ele>
      </trkpt>
      <trkpt lat="46.8158" lon="17.57335">
        <ele>101.4</ele>
      </trkpt>
      <trkpt lat="46.81571" lon="17.57323">
        <ele>101.33</ele>
      </trkpt>
      <trkpt lat="46.81547" lon="17.57305">
        <ele>102.99</ele>
      </trkpt>
      <trkpt lat="46.815" lon="17.57275">
        <ele>112.7</ele>
      </trkpt>
      <trkpt lat="46.81478" lon="17.57255">
        <ele>109.97</ele>
      </trkpt>
      <trkpt lat="46.81465" lon="17.57239">
        <ele>108.55</ele>
      </trkpt>
      <trkpt lat="46.81465" lon="17.5724">
        <ele>108.66</ele>
      </trkpt>
      <trkpt lat="46.81446" lon="17.57217">
        <ele>106.22</ele>
      </trkpt>
      <trkpt lat="46.81439" lon="17.57208">
        <ele>107.1</ele>
      </trkpt>
      <trkpt lat="46.81405" lon="17.57156">
        <ele>107.97</ele>
      </trkpt>
      <trkpt lat="46.81401" lon="17.57149">
        <ele>108.18</ele>
      </trkpt>
      <trkpt lat="46.81377" lon="17.57105">
        <ele>109.51</ele>
      </trkpt>
      <trkpt lat="46.8136" lon="17.57073">
        <ele>108.59</ele>
      </trkpt>
      <trkpt lat="46.8134" lon="17.57034">
        <ele>106.93</ele>
      </trkpt>
      <trkpt lat="46.81338" lon="17.57027">
        <ele>106.24</ele>
      </trkpt>
      <trkpt lat="46.81336" lon="17.57021">
        <ele>105.31</ele>
      </trkpt>
      <trkpt lat="46.81335" lon="17.57015">
        <ele>104.39</ele>
      </trkpt>
      <trkpt lat="46.81335" lon="17.57015">
        <ele>104.39</ele>
      </trkpt>
      <trkpt lat="46.81334" lon="17.57006">
        <ele>102.99</ele>
      </trkpt>
      <trkpt lat="46.8133" lon="17.56992">
        <ele>100.61</ele>
      </trkpt>
      <trkpt lat="46.81324" lon="17.56977">
        <ele>98.39</ele>
      </trkpt>
      <trkpt lat="46.81257" lon="17.5685">
        <ele>101.55</ele>
      </trkpt>
      <trkpt lat="46.81252" lon="17.56842">
        <ele>102.3</ele>
      </trkpt>
      <trkpt lat="46.81247" lon="17.56833">
        <ele>102.68</ele>
      </trkpt>
      <trkpt lat="46.8124" lon="17.56822">
        <ele>102.07</ele>
      </trkpt>
      <trkpt lat="46.81235" lon="17.56816">
        <ele>101.72</ele>
      </trkpt>
      <trkpt lat="46.81229" lon="17.5681">
        <ele>101.37</ele>
      </trkpt>
      <trkpt lat="46.81221" lon="17.56805">
        <ele>100.93</ele>
      </trkpt>
      <trkpt lat="46.81215" lon="17.56802">
        <ele>100.71</ele>
      </trkpt>
      <trkpt lat="46.81215" lon="17.56802">
        <ele>100.71</ele>
      </trkpt>
      <trkpt lat="46.81136" lon="17.56631">
        <ele>110.51</ele>
      </trkpt>
      <trkpt lat="46.81133" lon="17.56617">
        <ele>109.79</ele>
      </trkpt>
      <trkpt lat="46.81126" lon="17.56581">
        <ele>106.28</ele>
      </trkpt>
      <trkpt lat="46.81122" lon="17.56559">
        <ele>103.95</ele>
      </trkpt>
      <trkpt lat="46.81117" lon="17.56546">
        <ele>103.99</ele>
      </trkpt>
      <trkpt lat="46.81114" lon="17.56538">
        <ele>104.4</ele>
      </trkpt>
      <trkpt lat="46.81109" lon="17.56534">
        <ele>104.58</ele>
      </trkpt>
      <trkpt lat="46.81101" lon="17.56527">
        <ele>103.95</ele>
      </trkpt>
      <trkpt lat="46.81095" lon="17.56538">
        <ele>103.32</ele>
      </trkpt>
      <trkpt lat="46.81092" lon="17.56533">
        <ele>103.01</ele>
      </trkpt>
      <trkpt lat="46.81089" lon="17.56524">
        <ele>102.86</ele>
      </trkpt>
      <trkpt lat="46.81089" lon="17.56524">
        <ele>102.86</ele>
      </trkpt>
      <trkpt lat="46.81079" lon="17.5649">
        <ele>103.27</ele>
      </trkpt>
      <trkpt lat="46.81068" lon="17.56451">
        <ele>100.79</ele>
      </trkpt>
      <trkpt lat="46.81065" lon="17.5644">
        <ele>99.99</ele>
      </trkpt>
      <trkpt lat="46.81055" lon="17.56406">
        <ele>98.74</ele>
      </trkpt>
      <trkpt lat="46.81036" lon="17.56341">
        <ele>98.1</ele>
      </trkpt>
      <trkpt lat="46.81034" lon="17.56335">
        <ele>98.18</ele>
      </trkpt>
      <trkpt lat="46.81034" lon="17.56335">
        <ele>98.18</ele>
      </trkpt>
      <trkpt lat="46.81031" lon="17.56325">
        <ele>97.85</ele>
      </trkpt>
      <trkpt lat="46.80992" lon="17.56191">
        <ele>98.17</ele>
      </trkpt>
      <trkpt lat="46.80964" lon="17.56101">
        <ele>98.58</ele>
      </trkpt>
      <trkpt lat="46.80964" lon="17.56101">
        <ele>98.58</ele>
      </trkpt>
      <trkpt lat="46.80954" lon="17.56068">
        <ele>98.67</ele>
      </trkpt>
      <trkpt lat="46.80949" lon="17.56048">
        <ele>97.61</ele>
      </trkpt>
      <trkpt lat="46.80933" lon="17.55996">
        <ele>97.15</ele>
      </trkpt>
      <trkpt lat="46.80932" lon="17.55992">
        <ele>97.19</ele>
      </trkpt>
      <trkpt lat="46.80919" lon="17.55952">
        <ele>96.6</ele>
      </trkpt>
      <trkpt lat="46.80903" lon="17.559">
        <ele>91.68</ele>
      </trkpt>
      <trkpt lat="46.80913" lon="17.55887">
        <ele>89.57</ele>
      </trkpt>
      <trkpt lat="46.80916" lon="17.55881">
        <ele>89.9</ele>
      </trkpt>
      <trkpt lat="46.8091" lon="17.55873">
        <ele>91.02</ele>
      </trkpt>
      <trkpt lat="46.80893" lon="17.55844">
        <ele>93.94</ele>
      </trkpt>
      <trkpt lat="46.80893" lon="17.55844">
        <ele>93.94</ele>
      </trkpt>
      <trkpt lat="46.8089" lon="17.55839">
        <ele>94.42</ele>
      </trkpt>
      <trkpt lat="46.80879" lon="17.5582">
        <ele>94.59</ele>
      </trkpt>
      <trkpt lat="46.80854" lon="17.55782">
        <ele>91.86</ele>
      </trkpt>
      <trkpt lat="46.80829" lon="17.55743">
        <ele>90.82</ele>
      </trkpt>
      <trkpt lat="46.80827" lon="17.5574">
        <ele>91.42</ele>
      </trkpt>
      <trkpt lat="46.80827" lon="17.55737">
        <ele>91.87</ele>
      </trkpt>
      <trkpt lat="46.80827" lon="17.55734">
        <ele>92.32</ele>
      </trkpt>
      <trkpt lat="46.80831" lon="17.55727">
        <ele>93.75</ele>
      </trkpt>
      <trkpt lat="46.80833" lon="17.55722">
        <ele>94.97</ele>
      </trkpt>
      <trkpt lat="46.80795" lon="17.5567">
        <ele>94.81</ele>
      </trkpt>
      <trkpt lat="46.80792" lon="17.55665">
        <ele>95.23</ele>
      </trkpt>
      <trkpt lat="46.80792" lon="17.55665">
        <ele>95.23</ele>
      </trkpt>
      <trkpt lat="46.80758" lon="17.55618">
        <ele>95.09</ele>
      </trkpt>
      <trkpt lat="46.80686" lon="17.55513">
        <ele>97.29</ele>
      </trkpt>
      <trkpt lat="46.80674" lon="17.55498">
        <ele>98.36</ele>
      </trkpt>
      <trkpt lat="46.80662" lon="17.55476">
        <ele>98.67</ele>
      </trkpt>
      <trkpt lat="46.8065" lon="17.55452">
        <ele>99.42</ele>
      </trkpt>
      <trkpt lat="46.80639" lon="17.55427">
        <ele>100.27</ele>
      </trkpt>
      <trkpt lat="46.8063" lon="17.55402">
        <ele>100.57</ele>
      </trkpt>
      <trkpt lat="46.80624" lon="17.55384">
        <ele>100.56</ele>
      </trkpt>
      <trkpt lat="46.80619" lon="17.55367">
        <ele>100.3</ele>
      </trkpt>
      <trkpt lat="46.80612" lon="17.55335">
        <ele>100.13</ele>
      </trkpt>
      <trkpt lat="46.80609" lon="17.55321">
        <ele>99.85</ele>
      </trkpt>
      <trkpt lat="46.80608" lon="17.55314">
        <ele>99.78</ele>
      </trkpt>
      <trkpt lat="46.80607" lon="17.55307">
        <ele>99.7</ele>
      </trkpt>
      <trkpt lat="46.80607" lon="17.55307">
        <ele>99.7</ele>
      </trkpt>
      <trkpt lat="46.80607" lon="17.55301">
        <ele>99.68</ele>
      </trkpt>
      <trkpt lat="46.80606" lon="17.55287">
        <ele>99.51</ele>
      </trkpt>
      <trkpt lat="46.80603" lon="17.55227">
        <ele>99.07</ele>
      </trkpt>
      <trkpt lat="46.806" lon="17.55139">
        <ele>97.2</ele>
      </trkpt>
      <trkpt lat="46.80597" lon="17.55064">
        <ele>98.22</ele>
      </trkpt>
      <trkpt lat="46.8059" lon="17.54958">
        <ele>102.76</ele>
      </trkpt>
      <trkpt lat="46.80591" lon="17.54921">
        <ele>100.66</ele>
      </trkpt>
      <trkpt lat="46.8059" lon="17.54904">
        <ele>99.44</ele>
      </trkpt>
      <trkpt lat="46.80591" lon="17.54904">
        <ele>99.49</ele>
      </trkpt>
      <trkpt lat="46.8059" lon="17.549">
        <ele>99.18</ele>
      </trkpt>
      <trkpt lat="46.80589" lon="17.54877">
        <ele>97.98</ele>
      </trkpt>
      <trkpt lat="46.80586" lon="17.54844">
        <ele>97.19</ele>
      </trkpt>
      <trkpt lat="46.80582" lon="17.54784">
        <ele>98.42</ele>
      </trkpt>
      <trkpt lat="46.80574" lon="17.54719">
        <ele>98.73</ele>
      </trkpt>
      <trkpt lat="46.8056" lon="17.54614">
        <ele>98.25</ele>
      </trkpt>
      <trkpt lat="46.80557" lon="17.54597">
        <ele>98.05</ele>
      </trkpt>
      <trkpt lat="46.80533" lon="17.54446">
        <ele>102.97</ele>
      </trkpt>
      <trkpt lat="46.80526" lon="17.54395">
        <ele>103.86</ele>
      </trkpt>
      <trkpt lat="46.80526" lon="17.54395">
        <ele>103.86</ele>
      </trkpt>
      <trkpt lat="46.80521" lon="17.54363">
        <ele>103.51</ele>
      </trkpt>
      <trkpt lat="46.80513" lon="17.54307">
        <ele>100.48</ele>
      </trkpt>
      <trkpt lat="46.80496" lon="17.54183">
        <ele>103.17</ele>
      </trkpt>
      <trkpt lat="46.80477" lon="17.54047">
        <ele>105.4</ele>
      </trkpt>
      <trkpt lat="46.80474" lon="17.54024">
        <ele>105.33</ele>
      </trkpt>
      <trkpt lat="46.80462" lon="17.53941">
        <ele>109.08</ele>
      </trkpt>
      <trkpt lat="46.8045" lon="17.53857">
        <ele>110.37</ele>
      </trkpt>
      <trkpt lat="46.80529" lon="17.53834">
        <ele>111.44</ele>
      </trkpt>
      <trkpt lat="46.8056" lon="17.53827">
        <ele>118.2</ele>
      </trkpt>
      <trkpt lat="46.80574" lon="17.53804">
        <ele>115.75</ele>
      </trkpt>
      <trkpt lat="46.80582" lon="17.53779">
        <ele>115.24</ele>
      </trkpt>
      <trkpt lat="46.80584" lon="17.5374">
        <ele>117.05</ele>
      </trkpt>
      <trkpt lat="46.80581" lon="17.53638">
        <ele>122.56</ele>
      </trkpt>
      <trkpt lat="46.8058" lon="17.53557">
        <ele>128.18</ele>
      </trkpt>
      <trkpt lat="46.80545" lon="17.53554">
        <ele>127.97</ele>
      </trkpt>
      <trkpt lat="46.80546" lon="17.53486">
        <ele>119.79</ele>
      </trkpt>
      <trkpt lat="46.8052" lon="17.53476">
        <ele>115.13</ele>
      </trkpt>
      <trkpt lat="46.80489" lon="17.53523">
        <ele>111.78</ele>
      </trkpt>
      <trkpt lat="46.80467" lon="17.53572">
        <ele>107.32</ele>
      </trkpt>
      <trkpt lat="46.80458" lon="17.53677">
        <ele>107.99</ele>
      </trkpt>
      <trkpt lat="46.80473" lon="17.53762">
        <ele>116.07</ele>
      </trkpt>
      <trkpt lat="46.80487" lon="17.53846">
        <ele>115.55</ele>
      </trkpt>
      <trkpt lat="46.8045" lon="17.53857">
        <ele>110.37</ele>
      </trkpt>
      <trkpt lat="46.80434" lon="17.53745">
        <ele>108.07</ele>
      </trkpt>
      <trkpt lat="46.80434" lon="17.53746">
        <ele>108.1</ele>
      </trkpt>
      <trkpt lat="46.80433" lon="17.5374">
        <ele>107.82</ele>
      </trkpt>
      <trkpt lat="46.80427" lon="17.53694">
        <ele>105.98</ele>
      </trkpt>
      <trkpt lat="46.80426" lon="17.53661">
        <ele>104.8</ele>
      </trkpt>
      <trkpt lat="46.80427" lon="17.53626">
        <ele>103.83</ele>
      </trkpt>
      <trkpt lat="46.80429" lon="17.53604">
        <ele>103.53</ele>
      </trkpt>
      <trkpt lat="46.80429" lon="17.53604">
        <ele>103.53</ele>
      </trkpt>
      <trkpt lat="46.8043" lon="17.53597">
        <ele>103.5</ele>
      </trkpt>
      <trkpt lat="46.80436" lon="17.53566">
        <ele>104.13</ele>
      </trkpt>
      <trkpt lat="46.80444" lon="17.53533">
        <ele>104.98</ele>
      </trkpt>
      <trkpt lat="46.80456" lon="17.53497">
        <ele>103.57</ele>
      </trkpt>
      <trkpt lat="46.8048" lon="17.53439">
        <ele>105.15</ele>
      </trkpt>
      <trkpt lat="46.80502" lon="17.5339">
        <ele>106.18</ele>
      </trkpt>
      <trkpt lat="46.80502" lon="17.5339">
        <ele>106.18</ele>
      </trkpt>
      <trkpt lat="46.80531" lon="17.53327">
        <ele>107.89</ele>
      </trkpt>
      <trkpt lat="46.80537" lon="17.53312">
        <ele>107.46</ele>
      </trkpt>
      <trkpt lat="46.80547" lon="17.5329">
        <ele>107.47</ele>
      </trkpt>
      <trkpt lat="46.80566" lon="17.53249">
        <ele>104.55</ele>
      </trkpt>
      <trkpt lat="46.80588" lon="17.532">
        <ele>101.7</ele>
      </trkpt>
      <trkpt lat="46.80607" lon="17.5316">
        <ele>102.32</ele>
      </trkpt>
      <trkpt lat="46.80635" lon="17.53091">
        <ele>104.2</ele>
      </trkpt>
      <trkpt lat="46.80669" lon="17.53001">
        <ele>102.15</ele>
      </trkpt>
      <trkpt lat="46.8067" lon="17.53001">
        <ele>102.18</ele>
      </trkpt>
      <trkpt lat="46.80699" lon="17.52911">
        <ele>106.26</ele>
      </trkpt>
      <trkpt lat="46.80708" lon="17.52877">
        <ele>105.78</ele>
      </trkpt>
      <trkpt lat="46.8071" lon="17.52869">
        <ele>105.68</ele>
      </trkpt>
      <trkpt lat="46.8071" lon="17.52852">
        <ele>105.56</ele>
      </trkpt>
      <trkpt lat="46.80718" lon="17.5282">
        <ele>105.44</ele>
      </trkpt>
      <trkpt lat="46.80732" lon="17.5276">
        <ele>105.87</ele>
      </trkpt>
      <trkpt lat="46.80736" lon="17.52739">
        <ele>106.0</ele>
      </trkpt>
      <trkpt lat="46.80736" lon="17.52739">
        <ele>106.0</ele>
      </trkpt>
      <trkpt lat="46.80749" lon="17.52664">
        <ele>105.8</ele>
      </trkpt>
      <trkpt lat="46.8075" lon="17.52657">
        <ele>105.65</ele>
      </trkpt>
      <trkpt lat="46.80752" lon="17.5265">
        <ele>105.63</ele>
      </trkpt>
      <trkpt lat="46.80755" lon="17.52642">
        <ele>105.79</ele>
      </trkpt>
      <trkpt lat="46.80757" lon="17.52636">
        <ele>105.93</ele>
      </trkpt>
      <trkpt lat="46.80759" lon="17.52629">
        <ele>106.06</ele>
      </trkpt>
      <trkpt lat="46.80761" lon="17.5262">
        <ele>106.17</ele>
      </trkpt>
      <trkpt lat="46.80787" lon="17.52462">
        <ele>105.75</ele>
      </trkpt>
      <trkpt lat="46.80796" lon="17.52409">
        <ele>105.93</ele>
      </trkpt>
      <trkpt lat="46.80796" lon="17.52409">
        <ele>105.93</ele>
      </trkpt>
      <trkpt lat="46.80796" lon="17.52406">
        <ele>106.04</ele>
      </trkpt>
      <trkpt lat="46.80801" lon="17.52366">
        <ele>107.66</ele>
      </trkpt>
      <trkpt lat="46.80803" lon="17.52317">
        <ele>111.5</ele>
      </trkpt>
      <trkpt lat="46.80803" lon="17.5228">
        <ele>111.24</ele>
      </trkpt>
      <trkpt lat="46.80801" lon="17.52255">
        <ele>111.46</ele>
      </trkpt>
      <trkpt lat="46.80799" lon="17.52226">
        <ele>111.71</ele>
      </trkpt>
      <trkpt lat="46.80797" lon="17.52215">
        <ele>111.82</ele>
      </trkpt>
      <trkpt lat="46.80795" lon="17.52204">
        <ele>111.98</ele>
      </trkpt>
      <trkpt lat="46.80793" lon="17.52189">
        <ele>112.05</ele>
      </trkpt>
      <trkpt lat="46.80791" lon="17.52175">
        <ele>111.95</ele>
      </trkpt>
      <trkpt lat="46.80784" lon="17.52147">
        <ele>113.27</ele>
      </trkpt>
      <trkpt lat="46.80775" lon="17.52117">
        <ele>113.68</ele>
      </trkpt>
      <trkpt lat="46.80763" lon="17.5208">
        <ele>113.6</ele>
      </trkpt>
      <trkpt lat="46.80755" lon="17.52061">
        <ele>114.96</ele>
      </trkpt>
      <trkpt lat="46.80746" lon="17.52041">
        <ele>114.65</ele>
      </trkpt>
      <trkpt lat="46.80733" lon="17.52015">
        <ele>113.48</ele>
      </trkpt>
      <trkpt lat="46.8072" lon="17.51992">
        <ele>112.42</ele>
      </trkpt>
      <trkpt lat="46.80709" lon="17.51974">
        <ele>111.13</ele>
      </trkpt>
      <trkpt lat="46.80696" lon="17.51956">
        <ele>111.0</ele>
      </trkpt>
      <trkpt lat="46.80696" lon="17.51956">
        <ele>111.0</ele>
      </trkpt>
      <trkpt lat="46.80681" lon="17.51937">
        <ele>109.15</ele>
      </trkpt>
      <trkpt lat="46.80665" lon="17.5192">
        <ele>106.75</ele>
      </trkpt>
      <trkpt lat="46.80649" lon="17.51902">
        <ele>110.67</ele>
      </trkpt>
      <trkpt lat="46.80635" lon="17.51888">
        <ele>112.96</ele>
      </trkpt>
      <trkpt lat="46.80618" lon="17.51873">
        <ele>111.22</ele>
      </trkpt>
      <trkpt lat="46.80596" lon="17.51852">
        <ele>108.19</ele>
      </trkpt>
      <trkpt lat="46.80585" lon="17.51842">
        <ele>105.85</ele>
      </trkpt>
      <trkpt lat="46.80572" lon="17.51834">
        <ele>104.93</ele>
      </trkpt>
      <trkpt lat="46.80556" lon="17.51823">
        <ele>106.33</ele>
      </trkpt>
      <trkpt lat="46.8053" lon="17.51805">
        <ele>109.83</ele>
      </trkpt>
      <trkpt lat="46.80524" lon="17.51801">
        <ele>111.63</ele>
      </trkpt>
      <trkpt lat="46.80485" lon="17.5177">
        <ele>118.76</ele>
      </trkpt>
      <trkpt lat="46.80476" lon="17.51774">
        <ele>116.82</ele>
      </trkpt>
      <trkpt lat="46.80474" lon="17.51788">
        <ele>114.2</ele>
      </trkpt>
      <trkpt lat="46.80463" lon="17.51788">
        <ele>111.33</ele>
      </trkpt>
      <trkpt lat="46.80463" lon="17.51787">
        <ele>111.46</ele>
      </trkpt>
      <trkpt lat="46.80415" lon="17.51748">
        <ele>106.32</ele>
      </trkpt>
      <trkpt lat="46.80376" lon="17.5172">
        <ele>105.71</ele>
      </trkpt>
      <trkpt lat="46.80321" lon="17.51675">
        <ele>106.65</ele>
      </trkpt>
      <trkpt lat="46.8031" lon="17.51651">
        <ele>106.77</ele>
      </trkpt>
      <trkpt lat="46.80306" lon="17.51611">
        <ele>107.99</ele>
      </trkpt>
      <trkpt lat="46.80297" lon="17.51609">
        <ele>109.31</ele>
      </trkpt>
      <trkpt lat="46.80291" lon="17.51591">
        <ele>110.82</ele>
      </trkpt>
      <trkpt lat="46.80287" lon="17.51594">
        <ele>111.29</ele>
      </trkpt>
      <trkpt lat="46.80284" lon="17.51587">
        <ele>111.97</ele>
      </trkpt>
      <trkpt lat="46.80357" lon="17.51517">
        <ele>115.24</ele>
      </trkpt>
      <trkpt lat="46.80368" lon="17.51503">
        <ele>116.61</ele>
      </trkpt>
      <trkpt lat="46.80375" lon="17.51493">
        <ele>118.0</ele>
      </trkpt>
      <trkpt lat="46.80388" lon="17.51475">
        <ele>119.86</ele>
      </trkpt>
      <trkpt lat="46.80372" lon="17.51479">
        <ele>118.85</ele>
      </trkpt>
      <trkpt lat="46.80359" lon="17.51481">
        <ele>118.24</ele>
      </trkpt>
      <trkpt lat="46.80303" lon="17.51487">
        <ele>114.68</ele>
      </trkpt>
      <trkpt lat="46.80294" lon="17.51488">
        <ele>113.84</ele>
      </trkpt>
      <trkpt lat="46.80294" lon="17.51488">
        <ele>113.84</ele>
      </trkpt>
      <trkpt lat="46.80247" lon="17.51493">
        <ele>112.53</ele>
      </trkpt>
      <trkpt lat="46.80229" lon="17.51495">
        <ele>113.9</ele>
      </trkpt>
      <trkpt lat="46.80212" lon="17.51492">
        <ele>114.35</ele>
      </trkpt>
      <trkpt lat="46.8018" lon="17.51485">
        <ele>118.81</ele>
      </trkpt>
      <trkpt lat="46.8018" lon="17.51485">
        <ele>118.81</ele>
      </trkpt>
      <trkpt lat="46.80164" lon="17.51481">
        <ele>120.59</ele>
      </trkpt>
      <trkpt lat="46.80155" lon="17.51479">
        <ele>121.46</ele>
      </trkpt>
      <trkpt lat="46.80104" lon="17.51461">
        <ele>124.52</ele>
      </trkpt>
      <trkpt lat="46.80081" lon="17.51452">
        <ele>133.27</ele>
      </trkpt>
      <trkpt lat="46.80065" lon="17.51445">
        <ele>137.15</ele>
      </trkpt>
      <trkpt lat="46.80029" lon="17.51432">
        <ele>134.04</ele>
      </trkpt>
      <trkpt lat="46.80006" lon="17.5142">
        <ele>133.19</ele>
      </trkpt>
      <trkpt lat="46.79991" lon="17.51408">
        <ele>131.28</ele>
      </trkpt>
      <trkpt lat="46.79973" lon="17.51392">
        <ele>129.06</ele>
      </trkpt>
      <trkpt lat="46.79952" lon="17.51373">
        <ele>128.53</ele>
      </trkpt>
      <trkpt lat="46.7995" lon="17.5137">
        <ele>128.61</ele>
      </trkpt>
      <trkpt lat="46.7995" lon="17.5137">
        <ele>128.61</ele>
      </trkpt>
      <trkpt lat="46.79936" lon="17.51356">
        <ele>129.3</ele>
      </trkpt>
      <trkpt lat="46.79898" lon="17.51322">
        <ele>128.92</ele>
      </trkpt>
      <trkpt lat="46.79882" lon="17.51314">
        <ele>127.98</ele>
      </trkpt>
      <trkpt lat="46.79853" lon="17.51289">
        <ele>126.76</ele>
      </trkpt>
      <trkpt lat="46.79809" lon="17.51253">
        <ele>127.77</ele>
      </trkpt>
      <trkpt lat="46.79785" lon="17.51234">
        <ele>130.92</ele>
      </trkpt>
      <trkpt lat="46.79771" lon="17.51223">
        <ele>132.46</ele>
      </trkpt>
      <trkpt lat="46.7976" lon="17.51211">
        <ele>132.5</ele>
      </trkpt>
      <trkpt lat="46.79754" lon="17.51189">
        <ele>134.02</ele>
      </trkpt>
      <trkpt lat="46.79754" lon="17.51189">
        <ele>134.02</ele>
      </trkpt>
      <trkpt lat="46.79748" lon="17.5117">
        <ele>134.68</ele>
      </trkpt>
      <trkpt lat="46.79744" lon="17.51159">
        <ele>134.57</ele>
      </trkpt>
      <trkpt lat="46.79738" lon="17.51142">
        <ele>134.21</ele>
      </trkpt>
      <trkpt lat="46.79727" lon="17.51122">
        <ele>133.69</ele>
      </trkpt>
      <trkpt lat="46.79716" lon="17.51108">
        <ele>135.68</ele>
      </trkpt>
      <trkpt lat="46.7971" lon="17.51101">
        <ele>137.44</ele>
      </trkpt>
      <trkpt lat="46.79687" lon="17.5107">
        <ele>139.87</ele>
      </trkpt>
      <trkpt lat="46.79662" lon="17.51044">
        <ele>133.67</ele>
      </trkpt>
      <trkpt lat="46.79646" lon="17.5103">
        <ele>132.84</ele>
      </trkpt>
      <trkpt lat="46.79633" lon="17.5102">
        <ele>132.09</ele>
      </trkpt>
      <trkpt lat="46.79614" lon="17.51009">
        <ele>133.31</ele>
      </trkpt>
      <trkpt lat="46.79604" lon="17.51003">
        <ele>133.72</ele>
      </trkpt>
      <trkpt lat="46.79588" lon="17.50994">
        <ele>133.15</ele>
      </trkpt>
      <trkpt lat="46.79579" lon="17.50991">
        <ele>132.55</ele>
      </trkpt>
      <trkpt lat="46.79571" lon="17.5099">
        <ele>131.91</ele>
      </trkpt>
      <trkpt lat="46.79562" lon="17.50991">
        <ele>130.92</ele>
      </trkpt>
      <trkpt lat="46.79538" lon="17.50998">
        <ele>127.39</ele>
      </trkpt>
      <trkpt lat="46.79522" lon="17.51003">
        <ele>124.75</ele>
      </trkpt>
      <trkpt lat="46.79505" lon="17.51003">
        <ele>122.02</ele>
      </trkpt>
      <trkpt lat="46.79497" lon="17.51003">
        <ele>121.59</ele>
      </trkpt>
      <trkpt lat="46.79489" lon="17.51001">
        <ele>122.58</ele>
      </trkpt>
      <trkpt lat="46.79481" lon="17.50999">
        <ele>123.77</ele>
      </trkpt>
      <trkpt lat="46.79471" lon="17.5099">
        <ele>124.81</ele>
      </trkpt>
      <trkpt lat="46.79463" lon="17.50981">
        <ele>123.79</ele>
      </trkpt>
      <trkpt lat="46.79459" lon="17.50973">
        <ele>123.55</ele>
      </trkpt>
      <trkpt lat="46.79456" lon="17.50967">
        <ele>123.47</ele>
      </trkpt>
      <trkpt lat="46.7945" lon="17.50952">
        <ele>123.76</ele>
      </trkpt>
      <trkpt lat="46.79444" lon="17.50941">
        <ele>123.74</ele>
      </trkpt>
      <trkpt lat="46.79439" lon="17.50935">
        <ele>123.12</ele>
      </trkpt>
      <trkpt lat="46.79431" lon="17.50927">
        <ele>122.26</ele>
      </trkpt>
      <trkpt lat="46.79418" lon="17.50918">
        <ele>121.14</ele>
      </trkpt>
      <trkpt lat="46.79382" lon="17.50894">
        <ele>129.01</ele>
      </trkpt>
      <trkpt lat="46.79371" lon="17.50889">
        <ele>130.92</ele>
      </trkpt>
      <trkpt lat="46.79371" lon="17.50889">
        <ele>130.92</ele>
      </trkpt>
      <trkpt lat="46.7936" lon="17.50886">
        <ele>132.29</ele>
      </trkpt>
      <trkpt lat="46.79343" lon="17.50886">
        <ele>130.39</ele>
      </trkpt>
      <trkpt lat="46.79334" lon="17.50887">
        <ele>129.28</ele>
      </trkpt>
      <trkpt lat="46.79318" lon="17.50889">
        <ele>126.21</ele>
      </trkpt>
      <trkpt lat="46.79288" lon="17.50892">
        <ele>121.15</ele>
      </trkpt>
      <trkpt lat="46.7928" lon="17.50892">
        <ele>120.16</ele>
      </trkpt>
      <trkpt lat="46.79273" lon="17.50891">
        <ele>120.08</ele>
      </trkpt>
      <trkpt lat="46.79264" lon="17.50886">
        <ele>120.96</ele>
      </trkpt>
      <trkpt lat="46.79256" lon="17.50879">
        <ele>122.28</ele>
      </trkpt>
      <trkpt lat="46.7922" lon="17.50839">
        <ele>118.16</ele>
      </trkpt>
      <trkpt lat="46.79206" lon="17.50826">
        <ele>116.34</ele>
      </trkpt>
      <trkpt lat="46.79196" lon="17.50815">
        <ele>113.92</ele>
      </trkpt>
      <trkpt lat="46.79187" lon="17.50803">
        <ele>113.46</ele>
      </trkpt>
      <trkpt lat="46.7918" lon="17.50792">
        <ele>115.76</ele>
      </trkpt>
      <trkpt lat="46.79169" lon="17.50773">
        <ele>117.96</ele>
      </trkpt>
      <trkpt lat="46.79156" lon="17.50749">
        <ele>117.76</ele>
      </trkpt>
      <trkpt lat="46.79154" lon="17.50744">
        <ele>118.41</ele>
      </trkpt>
      <trkpt lat="46.79148" lon="17.50728">
        <ele>120.5</ele>
      </trkpt>
      <trkpt lat="46.79137" lon="17.507">
        <ele>123.94</ele>
      </trkpt>
      <trkpt lat="46.7913" lon="17.50667">
        <ele>125.38</ele>
      </trkpt>
      <trkpt lat="46.79124" lon="17.50643">
        <ele>124.38</ele>
      </trkpt>
      <trkpt lat="46.7912" lon="17.50624">
        <ele>124.35</ele>
      </trkpt>
      <trkpt lat="46.79114" lon="17.50608">
        <ele>124.8</ele>
      </trkpt>
      <trkpt lat="46.79107" lon="17.50592">
        <ele>124.22</ele>
      </trkpt>
      <trkpt lat="46.79097" lon="17.50574">
        <ele>124.18</ele>
      </trkpt>
      <trkpt lat="46.79083" lon="17.5055">
        <ele>126.58</ele>
      </trkpt>
      <trkpt lat="46.79081" lon="17.50547">
        <ele>126.76</ele>
      </trkpt>
      <trkpt lat="46.79076" lon="17.50539">
        <ele>127.05</ele>
      </trkpt>
      <trkpt lat="46.79073" lon="17.50532">
        <ele>127.23</ele>
      </trkpt>
      <trkpt lat="46.79054" lon="17.50496">
        <ele>126.26</ele>
      </trkpt>
      <trkpt lat="46.79017" lon="17.50419">
        <ele>125.82</ele>
      </trkpt>
      <trkpt lat="46.79017" lon="17.50419">
        <ele>125.82</ele>
      </trkpt>
      <trkpt lat="46.79002" lon="17.50389">
        <ele>128.06</ele>
      </trkpt>
      <trkpt lat="46.78951" lon="17.50303">
        <ele>127.96</ele>
      </trkpt>
      <trkpt lat="46.78911" lon="17.50235">
        <ele>131.41</ele>
      </trkpt>
      <trkpt lat="46.78896" lon="17.50212">
        <ele>129.08</ele>
      </trkpt>
      <trkpt lat="46.78889" lon="17.50204">
        <ele>128.33</ele>
      </trkpt>
      <trkpt lat="46.78882" lon="17.50199">
        <ele>126.6</ele>
      </trkpt>
      <trkpt lat="46.78877" lon="17.50197">
        <ele>125.12</ele>
      </trkpt>
      <trkpt lat="46.78871" lon="17.50195">
        <ele>123.22</ele>
      </trkpt>
      <trkpt lat="46.78859" lon="17.50189">
        <ele>120.0</ele>
      </trkpt>
      <trkpt lat="46.7885" lon="17.50185">
        <ele>120.0</ele>
      </trkpt>
      <trkpt lat="46.78844" lon="17.50182">
        <ele>120.0</ele>
      </trkpt>
      <trkpt lat="46.78834" lon="17.50175">
        <ele>120.0</ele>
      </trkpt>
      <trkpt lat="46.78826" lon="17.50165">
        <ele>120.13</ele>
      </trkpt>
      <trkpt lat="46.78818" lon="17.50149">
        <ele>118.93</ele>
      </trkpt>
      <trkpt lat="46.78808" lon="17.50117">
        <ele>115.84</ele>
      </trkpt>
      <trkpt lat="46.78803" lon="17.50096">
        <ele>116.19</ele>
      </trkpt>
      <trkpt lat="46.78801" lon="17.50087">
        <ele>117.02</ele>
      </trkpt>
      <trkpt lat="46.788" lon="17.50072">
        <ele>118.22</ele>
      </trkpt>
      <trkpt lat="46.78799" lon="17.50058">
        <ele>119.3</ele>
      </trkpt>
      <trkpt lat="46.78801" lon="17.50039">
        <ele>120.52</ele>
      </trkpt>
      <trkpt lat="46.78802" lon="17.50033">
        <ele>120.88</ele>
      </trkpt>
      <trkpt lat="46.78802" lon="17.50033">
        <ele>120.88</ele>
      </trkpt>
      <trkpt lat="46.78804" lon="17.50016">
        <ele>121.58</ele>
      </trkpt>
      <trkpt lat="46.78805" lon="17.49995">
        <ele>121.54</ele>
      </trkpt>
      <trkpt lat="46.7881" lon="17.49994">
        <ele>120.2</ele>
      </trkpt>
      <trkpt lat="46.78805" lon="17.49995">
        <ele>121.54</ele>
      </trkpt>
      <trkpt lat="46.78805" lon="17.49995">
        <ele>121.54</ele>
      </trkpt>
      <trkpt lat="46.78805" lon="17.49984">
        <ele>120.36</ele>
      </trkpt>
      <trkpt lat="46.78805" lon="17.49984">
        <ele>120.36</ele>
      </trkpt>
      <trkpt lat="46.78804" lon="17.49964">
        <ele>118.43</ele>
      </trkpt>
      <trkpt lat="46.78798" lon="17.49911">
        <ele>119.05</ele>
      </trkpt>
      <trkpt lat="46.78796" lon="17.49899">
        <ele>119.83</ele>
      </trkpt>
      <trkpt lat="46.78796" lon="17.49899">
        <ele>119.83</ele>
      </trkpt>
      <trkpt lat="46.78795" lon="17.49891">
        <ele>120.23</ele>
      </trkpt>
      <trkpt lat="46.78782" lon="17.49823">
        <ele>124.81</ele>
      </trkpt>
      <trkpt lat="46.78782" lon="17.49823">
        <ele>124.81</ele>
      </trkpt>
      <trkpt lat="46.78778" lon="17.49804">
        <ele>125.06</ele>
      </trkpt>
      <trkpt lat="46.78772" lon="17.49775">
        <ele>125.56</ele>
      </trkpt>
      <trkpt lat="46.78771" lon="17.49762">
        <ele>125.37</ele>
      </trkpt>
      <trkpt lat="46.78771" lon="17.49762">
        <ele>125.37</ele>
      </trkpt>
      <trkpt lat="46.78769" lon="17.49751">
        <ele>125.06</ele>
      </trkpt>
      <trkpt lat="46.78768" lon="17.49723">
        <ele>123.0</ele>
      </trkpt>
      <trkpt lat="46.78769" lon="17.49707">
        <ele>120.8</ele>
      </trkpt>
      <trkpt lat="46.7877" lon="17.49673">
        <ele>115.97</ele>
      </trkpt>
      <trkpt lat="46.7877" lon="17.49645">
        <ele>112.56</ele>
      </trkpt>
      <trkpt lat="46.78769" lon="17.49617">
        <ele>111.95</ele>
      </trkpt>
      <trkpt lat="46.78769" lon="17.49617">
        <ele>111.95</ele>
      </trkpt>
      <trkpt lat="46.78764" lon="17.49556">
        <ele>115.96</ele>
      </trkpt>
      <trkpt lat="46.78763" lon="17.49531">
        <ele>116.76</ele>
      </trkpt>
      <trkpt lat="46.78764" lon="17.49511">
        <ele>117.01</ele>
      </trkpt>
      <trkpt lat="46.78769" lon="17.49484">
        <ele>118.52</ele>
      </trkpt>
      <trkpt lat="46.78776" lon="17.49454">
        <ele>121.14</ele>
      </trkpt>
      <trkpt lat="46.78782" lon="17.49432">
        <ele>122.24</ele>
      </trkpt>
      <trkpt lat="46.78785" lon="17.4942">
        <ele>122.29</ele>
      </trkpt>
      <trkpt lat="46.78786" lon="17.49414">
        <ele>122.08</ele>
      </trkpt>
      <trkpt lat="46.78786" lon="17.49396">
        <ele>120.59</ele>
      </trkpt>
      <trkpt lat="46.78785" lon="17.49376">
        <ele>119.76</ele>
      </trkpt>
      <trkpt lat="46.78785" lon="17.49376">
        <ele>119.76</ele>
      </trkpt>
      <trkpt lat="46.78783" lon="17.49339">
        <ele>121.37</ele>
      </trkpt>
      <trkpt lat="46.78782" lon="17.49329">
        <ele>122.08</ele>
      </trkpt>
      <trkpt lat="46.78779" lon="17.49298">
        <ele>123.38</ele>
      </trkpt>
      <trkpt lat="46.78778" lon="17.49271">
        <ele>124.52</ele>
      </trkpt>
      <trkpt lat="46.78776" lon="17.4925">
        <ele>126.0</ele>
      </trkpt>
      <trkpt lat="46.78773" lon="17.49221">
        <ele>126.91</ele>
      </trkpt>
      <trkpt lat="46.78768" lon="17.49178">
        <ele>124.02</ele>
      </trkpt>
      <trkpt lat="46.78765" lon="17.49152">
        <ele>121.59</ele>
      </trkpt>
      <trkpt lat="46.78761" lon="17.49112">
        <ele>118.66</ele>
      </trkpt>
      <trkpt lat="46.78761" lon="17.49101">
        <ele>119.48</ele>
      </trkpt>
      <trkpt lat="46.78761" lon="17.49087">
        <ele>120.68</ele>
      </trkpt>
      <trkpt lat="46.78762" lon="17.49074">
        <ele>121.44</ele>
      </trkpt>
      <trkpt lat="46.78762" lon="17.49074">
        <ele>121.44</ele>
      </trkpt>
      <trkpt lat="46.78763" lon="17.49062">
        <ele>122.08</ele>
      </trkpt>
      <trkpt lat="46.78766" lon="17.4904">
        <ele>121.22</ele>
      </trkpt>
      <trkpt lat="46.78767" lon="17.49013">
        <ele>119.55</ele>
      </trkpt>
      <trkpt lat="46.78775" lon="17.48967">
        <ele>118.55</ele>
      </trkpt>
      <trkpt lat="46.78775" lon="17.48948">
        <ele>116.57</ele>
      </trkpt>
      <trkpt lat="46.78775" lon="17.48936">
        <ele>116.81</ele>
      </trkpt>
      <trkpt lat="46.78774" lon="17.48928">
        <ele>117.1</ele>
      </trkpt>
      <trkpt lat="46.78774" lon="17.48908">
        <ele>118.27</ele>
      </trkpt>
      <trkpt lat="46.78771" lon="17.48885">
        <ele>118.75</ele>
      </trkpt>
      <trkpt lat="46.78766" lon="17.48844">
        <ele>122.21</ele>
      </trkpt>
      <trkpt lat="46.78765" lon="17.48828">
        <ele>123.54</ele>
      </trkpt>
      <trkpt lat="46.78765" lon="17.48816">
        <ele>124.41</ele>
      </trkpt>
      <trkpt lat="46.78768" lon="17.48802">
        <ele>125.59</ele>
      </trkpt>
      <trkpt lat="46.78772" lon="17.48783">
        <ele>126.17</ele>
      </trkpt>
      <trkpt lat="46.78778" lon="17.48761">
        <ele>126.43</ele>
      </trkpt>
      <trkpt lat="46.78791" lon="17.48724">
        <ele>126.46</ele>
      </trkpt>
      <trkpt lat="46.78797" lon="17.4871">
        <ele>127.71</ele>
      </trkpt>
      <trkpt lat="46.78815" lon="17.48666">
        <ele>128.96</ele>
      </trkpt>
      <trkpt lat="46.78815" lon="17.48666">
        <ele>128.96</ele>
      </trkpt>
      <trkpt lat="46.78921" lon="17.48409">
        <ele>115.42</ele>
      </trkpt>
      <trkpt lat="46.7894" lon="17.48368">
        <ele>113.87</ele>
      </trkpt>
      <trkpt lat="46.78947" lon="17.48346">
        <ele>112.23</ele>
      </trkpt>
      <trkpt lat="46.78954" lon="17.48327">
        <ele>111.95</ele>
      </trkpt>
      <trkpt lat="46.78969" lon="17.48269">
        <ele>112.4</ele>
      </trkpt>
      <trkpt lat="46.78976" lon="17.4824">
        <ele>112.31</ele>
      </trkpt>
      <trkpt lat="46.78984" lon="17.48217">
        <ele>115.16</ele>
      </trkpt>
      <trkpt lat="46.78988" lon="17.48206">
        <ele>116.56</ele>
      </trkpt>
      <trkpt lat="46.78988" lon="17.48206">
        <ele>116.56</ele>
      </trkpt>
      <trkpt lat="46.7899" lon="17.48202">
        <ele>117.21</ele>
      </trkpt>
      <trkpt lat="46.79014" lon="17.48151">
        <ele>119.89</ele>
      </trkpt>
      <trkpt lat="46.79025" lon="17.48132">
        <ele>119.88</ele>
      </trkpt>
      <trkpt lat="46.79034" lon="17.48117">
        <ele>119.28</ele>
      </trkpt>
      <trkpt lat="46.7904" lon="17.48108">
        <ele>119.98</ele>
      </trkpt>
      <trkpt lat="46.79055" lon="17.4809">
        <ele>121.38</ele>
      </trkpt>
      <trkpt lat="46.79082" lon="17.48055">
        <ele>125.66</ele>
      </trkpt>
      <trkpt lat="46.79106" lon="17.48024">
        <ele>126.49</ele>
      </trkpt>
      <trkpt lat="46.79113" lon="17.48013">
        <ele>126.04</ele>
      </trkpt>
      <trkpt lat="46.79123" lon="17.47994">
        <ele>125.74</ele>
      </trkpt>
      <trkpt lat="46.79128" lon="17.47981">
        <ele>126.71</ele>
      </trkpt>
      <trkpt lat="46.79148" lon="17.47935">
        <ele>127.92</ele>
      </trkpt>
      <trkpt lat="46.79168" lon="17.47894">
        <ele>123.15</ele>
      </trkpt>
      <trkpt lat="46.79179" lon="17.47876">
        <ele>121.79</ele>
      </trkpt>
      <trkpt lat="46.79186" lon="17.47864">
        <ele>122.44</ele>
      </trkpt>
      <trkpt lat="46.7919" lon="17.47855">
        <ele>123.24</ele>
      </trkpt>
      <trkpt lat="46.79229" lon="17.4779">
        <ele>123.2</ele>
      </trkpt>
      <trkpt lat="46.79233" lon="17.47785">
        <ele>123.61</ele>
      </trkpt>
      <trkpt lat="46.79233" lon="17.47785">
        <ele>123.61</ele>
      </trkpt>
      <trkpt lat="46.79241" lon="17.47774">
        <ele>124.79</ele>
      </trkpt>
      <trkpt lat="46.79284" lon="17.47732">
        <ele>127.1</ele>
      </trkpt>
      <trkpt lat="46.79368" lon="17.47633">
        <ele>127.19</ele>
      </trkpt>
      <trkpt lat="46.79392" lon="17.47613">
        <ele>123.49</ele>
      </trkpt>
      <trkpt lat="46.7942" lon="17.47598">
        <ele>123.05</ele>
      </trkpt>
      <trkpt lat="46.79439" lon="17.47592">
        <ele>123.9</ele>
      </trkpt>
      <trkpt lat="46.79505" lon="17.47582">
        <ele>127.35</ele>
      </trkpt>
      <trkpt lat="46.79505" lon="17.47582">
        <ele>127.35</ele>
      </trkpt>
      <trkpt lat="46.7951" lon="17.47581">
        <ele>128.6</ele>
      </trkpt>
      <trkpt lat="46.79534" lon="17.47575">
        <ele>132.35</ele>
      </trkpt>
      <trkpt lat="46.7955" lon="17.47572">
        <ele>130.07</ele>
      </trkpt>
      <trkpt lat="46.79571" lon="17.47569">
        <ele>128.7</ele>
      </trkpt>
      <trkpt lat="46.79589" lon="17.47568">
        <ele>128.41</ele>
      </trkpt>
      <trkpt lat="46.79607" lon="17.47569">
        <ele>128.43</ele>
      </trkpt>
      <trkpt lat="46.79625" lon="17.47573">
        <ele>128.26</ele>
      </trkpt>
      <trkpt lat="46.79637" lon="17.47575">
        <ele>127.45</ele>
      </trkpt>
      <trkpt lat="46.79648" lon="17.47574">
        <ele>126.24</ele>
      </trkpt>
      <trkpt lat="46.79657" lon="17.47572">
        <ele>125.33</ele>
      </trkpt>
      <trkpt lat="46.79694" lon="17.47559">
        <ele>120.33</ele>
      </trkpt>
      <trkpt lat="46.7972" lon="17.47553">
        <ele>119.84</ele>
      </trkpt>
      <trkpt lat="46.79737" lon="17.47547">
        <ele>122.04</ele>
      </trkpt>
      <trkpt lat="46.79753" lon="17.4754">
        <ele>125.01</ele>
      </trkpt>
      <trkpt lat="46.7978" lon="17.47524">
        <ele>136.51</ele>
      </trkpt>
      <trkpt lat="46.79785" lon="17.47522">
        <ele>136.32</ele>
      </trkpt>
      <trkpt lat="46.79803" lon="17.47512">
        <ele>134.6</ele>
      </trkpt>
      <trkpt lat="46.79835" lon="17.47497">
        <ele>123.64</ele>
      </trkpt>
      <trkpt lat="46.7987" lon="17.47484">
        <ele>123.51</ele>
      </trkpt>
      <trkpt lat="46.79893" lon="17.47477">
        <ele>126.24</ele>
      </trkpt>
      <trkpt lat="46.79912" lon="17.47474">
        <ele>124.59</ele>
      </trkpt>
      <trkpt lat="46.79939" lon="17.47472">
        <ele>121.58</ele>
      </trkpt>
      <trkpt lat="46.79939" lon="17.47472">
        <ele>121.58</ele>
      </trkpt>
      <trkpt lat="46.79951" lon="17.47471">
        <ele>120.31</ele>
      </trkpt>
      <trkpt lat="46.79984" lon="17.47468">
        <ele>119.81</ele>
      </trkpt>
      <trkpt lat="46.80013" lon="17.47462">
        <ele>121.8</ele>
      </trkpt>
      <trkpt lat="46.80058" lon="17.4745">
        <ele>120.71</ele>
      </trkpt>
      <trkpt lat="46.80068" lon="17.47447">
        <ele>118.19</ele>
      </trkpt>
      <trkpt lat="46.80082" lon="17.47441">
        <ele>115.8</ele>
      </trkpt>
      <trkpt lat="46.80093" lon="17.47435">
        <ele>118.89</ele>
      </trkpt>
      <trkpt lat="46.80099" lon="17.47432">
        <ele>120.49</ele>
      </trkpt>
      <trkpt lat="46.80106" lon="17.47428">
        <ele>122.07</ele>
      </trkpt>
      <trkpt lat="46.80124" lon="17.47418">
        <ele>124.37</ele>
      </trkpt>
      <trkpt lat="46.80137" lon="17.4741">
        <ele>125.46</ele>
      </trkpt>
      <trkpt lat="46.8018" lon="17.47386">
        <ele>124.78</ele>
      </trkpt>
      <trkpt lat="46.80188" lon="17.47382">
        <ele>123.91</ele>
      </trkpt>
      <trkpt lat="46.80197" lon="17.47378">
        <ele>122.74</ele>
      </trkpt>
      <trkpt lat="46.80221" lon="17.47369">
        <ele>116.69</ele>
      </trkpt>
      <trkpt lat="46.80221" lon="17.47369">
        <ele>116.69</ele>
      </trkpt>
      <trkpt lat="46.8026" lon="17.47355">
        <ele>113.0</ele>
      </trkpt>
      <trkpt lat="46.8027" lon="17.47351">
        <ele>112.61</ele>
      </trkpt>
      <trkpt lat="46.80272" lon="17.4735">
        <ele>112.56</ele>
      </trkpt>
      <trkpt lat="46.80317" lon="17.47335">
        <ele>118.1</ele>
      </trkpt>
      <trkpt lat="46.80328" lon="17.47331">
        <ele>117.88</ele>
      </trkpt>
      <trkpt lat="46.80335" lon="17.47327">
        <ele>117.86</ele>
      </trkpt>
      <trkpt lat="46.80341" lon="17.47323">
        <ele>118.11</ele>
      </trkpt>
      <trkpt lat="46.80351" lon="17.47318">
        <ele>118.79</ele>
      </trkpt>
      <trkpt lat="46.80373" lon="17.47306">
        <ele>120.43</ele>
      </trkpt>
      <trkpt lat="46.80373" lon="17.47306">
        <ele>120.43</ele>
      </trkpt>
      <trkpt lat="46.80458" lon="17.4726">
        <ele>118.2</ele>
      </trkpt>
      <trkpt lat="46.8048" lon="17.4725">
        <ele>113.72</ele>
      </trkpt>
      <trkpt lat="46.80485" lon="17.47248">
        <ele>113.33</ele>
      </trkpt>
      <trkpt lat="46.805" lon="17.47243">
        <ele>111.99</ele>
      </trkpt>
      <trkpt lat="46.80511" lon="17.47237">
        <ele>111.5</ele>
      </trkpt>
      <trkpt lat="46.80522" lon="17.47234">
        <ele>111.61</ele>
      </trkpt>
      <trkpt lat="46.80543" lon="17.47229">
        <ele>112.45</ele>
      </trkpt>
      <trkpt lat="46.80593" lon="17.47221">
        <ele>117.09</ele>
      </trkpt>
      <trkpt lat="46.80614" lon="17.47222">
        <ele>121.52</ele>
      </trkpt>
      <trkpt lat="46.80627" lon="17.47222">
        <ele>123.85</ele>
      </trkpt>
      <trkpt lat="46.80683" lon="17.47228">
        <ele>118.18</ele>
      </trkpt>
      <trkpt lat="46.80715" lon="17.47231">
        <ele>121.05</ele>
      </trkpt>
      <trkpt lat="46.80812" lon="17.47243">
        <ele>124.75</ele>
      </trkpt>
      <trkpt lat="46.80824" lon="17.47243">
        <ele>124.74</ele>
      </trkpt>
      <trkpt lat="46.80861" lon="17.47245">
        <ele>127.55</ele>
      </trkpt>
      <trkpt lat="46.80859" lon="17.47164">
        <ele>115.43</ele>
      </trkpt>
      <trkpt lat="46.80859" lon="17.47164">
        <ele>115.43</ele>
      </trkpt>
      <trkpt lat="46.80856" lon="17.46981">
        <ele>114.37</ele>
      </trkpt>
      <trkpt lat="46.80856" lon="17.46971">
        <ele>114.74</ele>
      </trkpt>
      <trkpt lat="46.80856" lon="17.46963">
        <ele>115.44</ele>
      </trkpt>
      <trkpt lat="46.80861" lon="17.46956">
        <ele>116.74</ele>
      </trkpt>
      <trkpt lat="46.80854" lon="17.46935">
        <ele>116.38</ele>
      </trkpt>
      <trkpt lat="46.80843" lon="17.46905">
        <ele>113.03</ele>
      </trkpt>
      <trkpt lat="46.80837" lon="17.46888">
        <ele>111.42</ele>
      </trkpt>
      <trkpt lat="46.80832" lon="17.46874">
        <ele>111.77</ele>
      </trkpt>
      <trkpt lat="46.80827" lon="17.46856">
        <ele>111.59</ele>
      </trkpt>
      <trkpt lat="46.80816" lon="17.46822">
        <ele>105.64</ele>
      </trkpt>
      <trkpt lat="46.80807" lon="17.46789">
        <ele>101.62</ele>
      </trkpt>
      <trkpt lat="46.80803" lon="17.46766">
        <ele>101.67</ele>
      </trkpt>
      <trkpt lat="46.80794" lon="17.46704">
        <ele>105.94</ele>
      </trkpt>
      <trkpt lat="46.8079" lon="17.4668">
        <ele>108.96</ele>
      </trkpt>
      <trkpt lat="46.8079" lon="17.4668">
        <ele>108.96</ele>
      </trkpt>
      <trkpt lat="46.80781" lon="17.46622">
        <ele>111.85</ele>
      </trkpt>
      <trkpt lat="46.80774" lon="17.46587">
        <ele>109.19</ele>
      </trkpt>
      <trkpt lat="46.80759" lon="17.46597">
        <ele>108.65</ele>
      </trkpt>
      <trkpt lat="46.80773" lon="17.46584">
        <ele>109.03</ele>
      </trkpt>
      <trkpt lat="46.80774" lon="17.46584">
        <ele>109.03</ele>
      </trkpt>
      <trkpt lat="46.80759" lon="17.46499">
        <ele>104.96</ele>
      </trkpt>
      <trkpt lat="46.80758" lon="17.46499">
        <ele>104.74</ele>
      </trkpt>
      <trkpt lat="46.80718" lon="17.46277">
        <ele>108.39</ele>
      </trkpt>
      <trkpt lat="46.80704" lon="17.46207">
        <ele>106.69</ele>
      </trkpt>
      <trkpt lat="46.80701" lon="17.46189">
        <ele>106.52</ele>
      </trkpt>
      <trkpt lat="46.80645" lon="17.45891">
        <ele>109.35</ele>
      </trkpt>
      <trkpt lat="46.80642" lon="17.45877">
        <ele>110.35</ele>
      </trkpt>
      <trkpt lat="46.80639" lon="17.45873">
        <ele>110.16</ele>
      </trkpt>
      <trkpt lat="46.80641" lon="17.45856">
        <ele>111.73</ele>
      </trkpt>
      <trkpt lat="46.80641" lon="17.45836">
        <ele>113.12</ele>
      </trkpt>
      <trkpt lat="46.80643" lon="17.45816">
        <ele>115.28</ele>
      </trkpt>
      <trkpt lat="46.80646" lon="17.45805">
        <ele>116.55</ele>
      </trkpt>
      <trkpt lat="46.80654" lon="17.45789">
        <ele>117.96</ele>
      </trkpt>
      <trkpt lat="46.80672" lon="17.45776">
        <ele>119.08</ele>
      </trkpt>
      <trkpt lat="46.80717" lon="17.45753">
        <ele>118.44</ele>
      </trkpt>
      <trkpt lat="46.80717" lon="17.45753">
        <ele>118.44</ele>
      </trkpt>
      <trkpt lat="46.80759" lon="17.45731">
        <ele>116.32</ele>
      </trkpt>
      <trkpt lat="46.80803" lon="17.45708">
        <ele>115.66</ele>
      </trkpt>
      <trkpt lat="46.80847" lon="17.45685">
        <ele>110.88</ele>
      </trkpt>
      <trkpt lat="46.8089" lon="17.45663">
        <ele>112.56</ele>
      </trkpt>
      <trkpt lat="46.80934" lon="17.4564">
        <ele>115.86</ele>
      </trkpt>
      <trkpt lat="46.80979" lon="17.45609">
        <ele>121.13</ele>
      </trkpt>
      <trkpt lat="46.81025" lon="17.45578">
        <ele>121.61</ele>
      </trkpt>
      <trkpt lat="46.8107" lon="17.45547">
        <ele>121.44</ele>
      </trkpt>
      <trkpt lat="46.81093" lon="17.45523">
        <ele>124.24</ele>
      </trkpt>
      <trkpt lat="46.8111" lon="17.45499">
        <ele>124.28</ele>
      </trkpt>
      <trkpt lat="46.81144" lon="17.4542">
        <ele>124.38</ele>
      </trkpt>
      <trkpt lat="46.81178" lon="17.45341">
        <ele>121.37</ele>
      </trkpt>
      <trkpt lat="46.81191" lon="17.45297">
        <ele>121.88</ele>
      </trkpt>
      <trkpt lat="46.812" lon="17.45248">
        <ele>123.23</ele>
      </trkpt>
      <trkpt lat="46.81202" lon="17.45188">
        <ele>126.14</ele>
      </trkpt>
      <trkpt lat="46.812" lon="17.451">
        <ele>116.88</ele>
      </trkpt>
      <trkpt lat="46.81195" lon="17.45052">
        <ele>115.33</ele>
      </trkpt>
      <trkpt lat="46.81179" lon="17.44988">
        <ele>117.64</ele>
      </trkpt>
      <trkpt lat="46.81162" lon="17.44924">
        <ele>117.95</ele>
      </trkpt>
      <trkpt lat="46.81146" lon="17.4486">
        <ele>118.01</ele>
      </trkpt>
      <trkpt lat="46.81129" lon="17.44796">
        <ele>118.59</ele>
      </trkpt>
      <trkpt lat="46.81123" lon="17.4478">
        <ele>117.36</ele>
      </trkpt>
      <trkpt lat="46.8112" lon="17.4477">
        <ele>116.31</ele>
      </trkpt>
      <trkpt lat="46.81118" lon="17.44759">
        <ele>115.22</ele>
      </trkpt>
      <trkpt lat="46.81114" lon="17.44745">
        <ele>113.99</ele>
      </trkpt>
      <trkpt lat="46.81114" lon="17.44732">
        <ele>113.43</ele>
      </trkpt>
      <trkpt lat="46.81093" lon="17.44651">
        <ele>112.22</ele>
      </trkpt>
      <trkpt lat="46.81072" lon="17.4457">
        <ele>113.14</ele>
      </trkpt>
      <trkpt lat="46.81072" lon="17.4457">
        <ele>113.14</ele>
      </trkpt>
      <trkpt lat="46.81056" lon="17.44507">
        <ele>112.45</ele>
      </trkpt>
      <trkpt lat="46.8104" lon="17.44443">
        <ele>111.76</ele>
      </trkpt>
      <trkpt lat="46.81024" lon="17.4438">
        <ele>110.18</ele>
      </trkpt>
      <trkpt lat="46.81008" lon="17.44317">
        <ele>108.71</ele>
      </trkpt>
      <trkpt lat="46.80992" lon="17.44254">
        <ele>103.22</ele>
      </trkpt>
      <trkpt lat="46.80976" lon="17.4419">
        <ele>103.16</ele>
      </trkpt>
      <trkpt lat="46.8096" lon="17.44127">
        <ele>110.28</ele>
      </trkpt>
      <trkpt lat="46.80944" lon="17.44064">
        <ele>112.29</ele>
      </trkpt>
      <trkpt lat="46.80917" lon="17.43945">
        <ele>116.0</ele>
      </trkpt>
      <trkpt lat="46.80901" lon="17.43873">
        <ele>112.99</ele>
      </trkpt>
      <trkpt lat="46.80885" lon="17.438">
        <ele>112.37</ele>
      </trkpt>
      <trkpt lat="46.80869" lon="17.43728">
        <ele>117.97</ele>
      </trkpt>
      <trkpt lat="46.80854" lon="17.43665">
        <ele>121.25</ele>
      </trkpt>
      <trkpt lat="46.80837" lon="17.436">
        <ele>121.75</ele>
      </trkpt>
      <trkpt lat="46.8082" lon="17.43536">
        <ele>121.03</ele>
      </trkpt>
      <trkpt lat="46.80803" lon="17.43471">
        <ele>115.85</ele>
      </trkpt>
      <trkpt lat="46.80797" lon="17.4344">
        <ele>113.88</ele>
      </trkpt>
      <trkpt lat="46.80782" lon="17.43369">
        <ele>113.72</ele>
      </trkpt>
      <trkpt lat="46.80766" lon="17.43298">
        <ele>111.14</ele>
      </trkpt>
      <trkpt lat="46.8075" lon="17.43233">
        <ele>104.78</ele>
      </trkpt>
      <trkpt lat="46.80735" lon="17.43167">
        <ele>102.47</ele>
      </trkpt>
      <trkpt lat="46.80719" lon="17.43102">
        <ele>98.52</ele>
      </trkpt>
      <trkpt lat="46.80719" lon="17.43102">
        <ele>98.52</ele>
      </trkpt>
      <trkpt lat="46.80703" lon="17.43032">
        <ele>101.03</ele>
      </trkpt>
      <trkpt lat="46.80686" lon="17.42961">
        <ele>103.03</ele>
      </trkpt>
      <trkpt lat="46.80687" lon="17.42948">
        <ele>103.4</ele>
      </trkpt>
      <trkpt lat="46.80684" lon="17.4293">
        <ele>102.73</ele>
      </trkpt>
      <trkpt lat="46.80679" lon="17.42906">
        <ele>101.89</ele>
      </trkpt>
      <trkpt lat="46.8067" lon="17.42839">
        <ele>101.65</ele>
      </trkpt>
      <trkpt lat="46.80661" lon="17.42773">
        <ele>101.69</ele>
      </trkpt>
      <trkpt lat="46.80651" lon="17.42707">
        <ele>101.43</ele>
      </trkpt>
      <trkpt lat="46.80642" lon="17.4264">
        <ele>99.66</ele>
      </trkpt>
      <trkpt lat="46.80633" lon="17.42574">
        <ele>101.19</ele>
      </trkpt>
      <trkpt lat="46.80624" lon="17.42507">
        <ele>106.15</ele>
      </trkpt>
      <trkpt lat="46.80615" lon="17.42441">
        <ele>106.25</ele>
      </trkpt>
      <trkpt lat="46.80605" lon="17.42374">
        <ele>105.46</ele>
      </trkpt>
      <trkpt lat="46.80596" lon="17.42308">
        <ele>103.42</ele>
      </trkpt>
      <trkpt lat="46.80587" lon="17.42241">
        <ele>103.26</ele>
      </trkpt>
      <trkpt lat="46.80577" lon="17.42171">
        <ele>105.44</ele>
      </trkpt>
      <trkpt lat="46.80567" lon="17.421">
        <ele>105.41</ele>
      </trkpt>
      <trkpt lat="46.80558" lon="17.4203">
        <ele>105.09</ele>
      </trkpt>
      <trkpt lat="46.80548" lon="17.4196">
        <ele>103.52</ele>
      </trkpt>
      <trkpt lat="46.80538" lon="17.4189">
        <ele>102.81</ele>
      </trkpt>
      <trkpt lat="46.80528" lon="17.41819">
        <ele>103.51</ele>
      </trkpt>
      <trkpt lat="46.80518" lon="17.41749">
        <ele>102.22</ele>
      </trkpt>
      <trkpt lat="46.80509" lon="17.41679">
        <ele>101.97</ele>
      </trkpt>
      <trkpt lat="46.80499" lon="17.41608">
        <ele>102.89</ele>
      </trkpt>
      <trkpt lat="46.80489" lon="17.41538">
        <ele>103.74</ele>
      </trkpt>
      <trkpt lat="46.80487" lon="17.41523">
        <ele>103.93</ele>
      </trkpt>
      <trkpt lat="46.80486" lon="17.41514">
        <ele>104.48</ele>
      </trkpt>
      <trkpt lat="46.80485" lon="17.41511">
        <ele>104.64</ele>
      </trkpt>
      <trkpt lat="46.80475" lon="17.41441">
        <ele>106.01</ele>
      </trkpt>
      <trkpt lat="46.80465" lon="17.41371">
        <ele>105.65</ele>
      </trkpt>
      <trkpt lat="46.80455" lon="17.41301">
        <ele>105.92</ele>
      </trkpt>
      <trkpt lat="46.80445" lon="17.41231">
        <ele>104.4</ele>
      </trkpt>
      <trkpt lat="46.8044" lon="17.41196">
        <ele>105.08</ele>
      </trkpt>
      <trkpt lat="46.8044" lon="17.41196">
        <ele>105.08</ele>
      </trkpt>
      <trkpt lat="46.80431" lon="17.41129">
        <ele>104.42</ele>
      </trkpt>
      <trkpt lat="46.80422" lon="17.41063">
        <ele>106.17</ele>
      </trkpt>
      <trkpt lat="46.80413" lon="17.40996">
        <ele>106.77</ele>
      </trkpt>
      <trkpt lat="46.80403" lon="17.4093">
        <ele>107.0</ele>
      </trkpt>
      <trkpt lat="46.80394" lon="17.40863">
        <ele>105.47</ele>
      </trkpt>
      <trkpt lat="46.80385" lon="17.40797">
        <ele>106.26</ele>
      </trkpt>
      <trkpt lat="46.80376" lon="17.4073">
        <ele>110.98</ele>
      </trkpt>
      <trkpt lat="46.80376" lon="17.40726">
        <ele>111.26</ele>
      </trkpt>
      <trkpt lat="46.80374" lon="17.40713">
        <ele>110.44</ele>
      </trkpt>
      <trkpt lat="46.80364" lon="17.40641">
        <ele>102.69</ele>
      </trkpt>
      <trkpt lat="46.80353" lon="17.40568">
        <ele>106.6</ele>
      </trkpt>
      <trkpt lat="46.80343" lon="17.40496">
        <ele>102.33</ele>
      </trkpt>
      <trkpt lat="46.80338" lon="17.40458">
        <ele>104.09</ele>
      </trkpt>
      <trkpt lat="46.80336" lon="17.40444">
        <ele>104.11</ele>
      </trkpt>
      <trkpt lat="46.80331" lon="17.40407">
        <ele>105.13</ele>
      </trkpt>
      <trkpt lat="46.80321" lon="17.40339">
        <ele>106.17</ele>
      </trkpt>
      <trkpt lat="46.80312" lon="17.40271">
        <ele>108.35</ele>
      </trkpt>
      <trkpt lat="46.80302" lon="17.40203">
        <ele>107.52</ele>
      </trkpt>
      <trkpt lat="46.80293" lon="17.40135">
        <ele>108.56</ele>
      </trkpt>
      <trkpt lat="46.80283" lon="17.40067">
        <ele>108.85</ele>
      </trkpt>
      <trkpt lat="46.80274" lon="17.39999">
        <ele>109.15</ele>
      </trkpt>
      <trkpt lat="46.80264" lon="17.39931">
        <ele>110.99</ele>
      </trkpt>
      <trkpt lat="46.80255" lon="17.39863">
        <ele>111.64</ele>
      </trkpt>
      <trkpt lat="46.80245" lon="17.39795">
        <ele>110.55</ele>
      </trkpt>
      <trkpt lat="46.80235" lon="17.39727">
        <ele>107.99</ele>
      </trkpt>
      <trkpt lat="46.80226" lon="17.39659">
        <ele>107.49</ele>
      </trkpt>
      <trkpt lat="46.80216" lon="17.39591">
        <ele>106.39</ele>
      </trkpt>
      <trkpt lat="46.80207" lon="17.39523">
        <ele>107.02</ele>
      </trkpt>
      <trkpt lat="46.80197" lon="17.39455">
        <ele>107.38</ele>
      </trkpt>
      <trkpt lat="46.80188" lon="17.39387">
        <ele>107.4</ele>
      </trkpt>
      <trkpt lat="46.80178" lon="17.39319">
        <ele>106.36</ele>
      </trkpt>
      <trkpt lat="46.80166" lon="17.39233">
        <ele>104.65</ele>
      </trkpt>
      <trkpt lat="46.80154" lon="17.39147">
        <ele>105.39</ele>
      </trkpt>
      <trkpt lat="46.80154" lon="17.39147">
        <ele>105.39</ele>
      </trkpt>
      <trkpt lat="46.80107" lon="17.38817">
        <ele>109.91</ele>
      </trkpt>
      <trkpt lat="46.80104" lon="17.38794">
        <ele>111.7</ele>
      </trkpt>
      <trkpt lat="46.80101" lon="17.38773">
        <ele>113.45</ele>
      </trkpt>
      <trkpt lat="46.80091" lon="17.38707">
        <ele>114.0</ele>
      </trkpt>
      <trkpt lat="46.80084" lon="17.38666">
        <ele>109.95</ele>
      </trkpt>
      <trkpt lat="46.80079" lon="17.38639">
        <ele>106.39</ele>
      </trkpt>
      <trkpt lat="46.80075" lon="17.38622">
        <ele>106.04</ele>
      </trkpt>
      <trkpt lat="46.80069" lon="17.38601">
        <ele>105.27</ele>
      </trkpt>
      <trkpt lat="46.80061" lon="17.38578">
        <ele>104.48</ele>
      </trkpt>
      <trkpt lat="46.80053" lon="17.38557">
        <ele>104.61</ele>
      </trkpt>
      <trkpt lat="46.80051" lon="17.38551">
        <ele>105.08</ele>
      </trkpt>
      <trkpt lat="46.80048" lon="17.38542">
        <ele>106.05</ele>
      </trkpt>
      <trkpt lat="46.80039" lon="17.38523">
        <ele>108.76</ele>
      </trkpt>
      <trkpt lat="46.80032" lon="17.38509">
        <ele>110.81</ele>
      </trkpt>
      <trkpt lat="46.80021" lon="17.38489">
        <ele>112.34</ele>
      </trkpt>
      <trkpt lat="46.8001" lon="17.38474">
        <ele>113.24</ele>
      </trkpt>
      <trkpt lat="46.79997" lon="17.38455">
        <ele>114.16</ele>
      </trkpt>
      <trkpt lat="46.79981" lon="17.38439">
        <ele>116.18</ele>
      </trkpt>
      <trkpt lat="46.79967" lon="17.38426">
        <ele>116.0</ele>
      </trkpt>
      <trkpt lat="46.79948" lon="17.3841">
        <ele>112.52</ele>
      </trkpt>
      <trkpt lat="46.79913" lon="17.38387">
        <ele>107.26</ele>
      </trkpt>
      <trkpt lat="46.79838" lon="17.38357">
        <ele>116.53</ele>
      </trkpt>
      <trkpt lat="46.79828" lon="17.38354">
        <ele>117.4</ele>
      </trkpt>
      <trkpt lat="46.79828" lon="17.38354">
        <ele>117.4</ele>
      </trkpt>
      <trkpt lat="46.79772" lon="17.38338">
        <ele>119.07</ele>
      </trkpt>
      <trkpt lat="46.79716" lon="17.38321">
        <ele>117.16</ele>
      </trkpt>
      <trkpt lat="46.79654" lon="17.38303">
        <ele>117.95</ele>
      </trkpt>
      <trkpt lat="46.79609" lon="17.38287">
        <ele>121.75</ele>
      </trkpt>
      <trkpt lat="46.79563" lon="17.38271">
        <ele>122.09</ele>
      </trkpt>
      <trkpt lat="46.79518" lon="17.38256">
        <ele>116.86</ele>
      </trkpt>
      <trkpt lat="46.79472" lon="17.3824">
        <ele>115.27</ele>
      </trkpt>
      <trkpt lat="46.79427" lon="17.38224">
        <ele>120.39</ele>
      </trkpt>
      <trkpt lat="46.79381" lon="17.38208">
        <ele>125.66</ele>
      </trkpt>
      <trkpt lat="46.79327" lon="17.38183">
        <ele>123.57</ele>
      </trkpt>
      <trkpt lat="46.79294" lon="17.38167">
        <ele>118.89</ele>
      </trkpt>
      <trkpt lat="46.79243" lon="17.38134">
        <ele>121.29</ele>
      </trkpt>
      <trkpt lat="46.79192" lon="17.38101">
        <ele>119.76</ele>
      </trkpt>
      <trkpt lat="46.79141" lon="17.38068">
        <ele>110.28</ele>
      </trkpt>
      <trkpt lat="46.7909" lon="17.38035">
        <ele>126.74</ele>
      </trkpt>
      <trkpt lat="46.79039" lon="17.38002">
        <ele>120.84</ele>
      </trkpt>
      <trkpt lat="46.78987" lon="17.37969">
        <ele>125.69</ele>
      </trkpt>
      <trkpt lat="46.78987" lon="17.37969">
        <ele>125.69</ele>
      </trkpt>
      <trkpt lat="46.78941" lon="17.37939">
        <ele>129.63</ele>
      </trkpt>
      <trkpt lat="46.78891" lon="17.37904">
        <ele>133.59</ele>
      </trkpt>
      <trkpt lat="46.78842" lon="17.37869">
        <ele>131.9</ele>
      </trkpt>
      <trkpt lat="46.78792" lon="17.37834">
        <ele>130.07</ele>
      </trkpt>
      <trkpt lat="46.78744" lon="17.37805">
        <ele>128.28</ele>
      </trkpt>
      <trkpt lat="46.78696" lon="17.37776">
        <ele>134.0</ele>
      </trkpt>
      <trkpt lat="46.78648" lon="17.37746">
        <ele>120.22</ele>
      </trkpt>
      <trkpt lat="46.786" lon="17.37717">
        <ele>118.45</ele>
      </trkpt>
      <trkpt lat="46.78554" lon="17.3768">
        <ele>116.43</ele>
      </trkpt>
      <trkpt lat="46.78551" lon="17.37674">
        <ele>116.41</ele>
      </trkpt>
      <trkpt lat="46.78545" lon="17.37667">
        <ele>117.12</ele>
      </trkpt>
      <trkpt lat="46.7851" lon="17.37633">
        <ele>121.17</ele>
      </trkpt>
      <trkpt lat="46.78453" lon="17.37567">
        <ele>126.9</ele>
      </trkpt>
      <trkpt lat="46.78426" lon="17.37531">
        <ele>122.63</ele>
      </trkpt>
      <trkpt lat="46.78414" lon="17.37514">
        <ele>122.26</ele>
      </trkpt>
      <trkpt lat="46.78406" lon="17.37501">
        <ele>122.18</ele>
      </trkpt>
      <trkpt lat="46.78374" lon="17.37451">
        <ele>119.5</ele>
      </trkpt>
      <trkpt lat="46.78343" lon="17.37401">
        <ele>115.95</ele>
      </trkpt>
      <trkpt lat="46.78311" lon="17.37352">
        <ele>117.86</ele>
      </trkpt>
      <trkpt lat="46.7828" lon="17.37302">
        <ele>123.29</ele>
      </trkpt>
      <trkpt lat="46.78248" lon="17.37252">
        <ele>127.58</ele>
      </trkpt>
      <trkpt lat="46.78197" lon="17.37175">
        <ele>129.29</ele>
      </trkpt>
      <trkpt lat="46.78197" lon="17.37175">
        <ele>129.29</ele>
      </trkpt>
      <trkpt lat="46.78059" lon="17.36968">
        <ele>122.15</ele>
      </trkpt>
      <trkpt lat="46.77954" lon="17.36812">
        <ele>119.68</ele>
      </trkpt>
      <trkpt lat="46.77939" lon="17.36794">
        <ele>122.28</ele>
      </trkpt>
      <trkpt lat="46.7793" lon="17.36784">
        <ele>123.16</ele>
      </trkpt>
      <trkpt lat="46.77923" lon="17.36777">
        <ele>122.99</ele>
      </trkpt>
      <trkpt lat="46.77903" lon="17.36752">
        <ele>122.42</ele>
      </trkpt>
      <trkpt lat="46.77893" lon="17.36741">
        <ele>122.06</ele>
      </trkpt>
      <trkpt lat="46.7789" lon="17.36738">
        <ele>121.66</ele>
      </trkpt>
      <trkpt lat="46.77886" lon="17.36736">
        <ele>121.3</ele>
      </trkpt>
      <trkpt lat="46.77882" lon="17.36735">
        <ele>121.04</ele>
      </trkpt>
      <trkpt lat="46.77878" lon="17.36732">
        <ele>120.86</ele>
      </trkpt>
      <trkpt lat="46.77872" lon="17.36728">
        <ele>120.58</ele>
      </trkpt>
      <trkpt lat="46.77868" lon="17.36725">
        <ele>120.4</ele>
      </trkpt>
      <trkpt lat="46.77855" lon="17.36716">
        <ele>120.13</ele>
      </trkpt>
      <trkpt lat="46.77843" lon="17.36709">
        <ele>119.68</ele>
      </trkpt>
      <trkpt lat="46.77834" lon="17.36703">
        <ele>119.06</ele>
      </trkpt>
      <trkpt lat="46.77756" lon="17.36651">
        <ele>125.48</ele>
      </trkpt>
      <trkpt lat="46.77719" lon="17.36627">
        <ele>126.61</ele>
      </trkpt>
      <trkpt lat="46.77691" lon="17.36608">
        <ele>127.96</ele>
      </trkpt>
      <trkpt lat="46.77666" lon="17.36592">
        <ele>126.25</ele>
      </trkpt>
      <trkpt lat="46.77606" lon="17.36558">
        <ele>124.2</ele>
      </trkpt>
      <trkpt lat="46.77586" lon="17.36548">
        <ele>118.36</ele>
      </trkpt>
      <trkpt lat="46.77578" lon="17.36544">
        <ele>116.76</ele>
      </trkpt>
      <trkpt lat="46.77574" lon="17.36542">
        <ele>116.12</ele>
      </trkpt>
      <trkpt lat="46.77571" lon="17.36541">
        <ele>115.62</ele>
      </trkpt>
      <trkpt lat="46.77567" lon="17.36541">
        <ele>114.83</ele>
      </trkpt>
      <trkpt lat="46.77563" lon="17.36541">
        <ele>114.04</ele>
      </trkpt>
      <trkpt lat="46.7756" lon="17.36541">
        <ele>113.45</ele>
      </trkpt>
      <trkpt lat="46.77556" lon="17.36541">
        <ele>112.66</ele>
      </trkpt>
      <trkpt lat="46.77552" lon="17.36542">
        <ele>112.53</ele>
      </trkpt>
      <trkpt lat="46.77549" lon="17.36542">
        <ele>112.58</ele>
      </trkpt>
      <trkpt lat="46.77547" lon="17.36541">
        <ele>112.72</ele>
      </trkpt>
      <trkpt lat="46.77544" lon="17.36539">
        <ele>112.96</ele>
      </trkpt>
      <trkpt lat="46.77541" lon="17.36538">
        <ele>113.09</ele>
      </trkpt>
      <trkpt lat="46.77538" lon="17.36535">
        <ele>113.38</ele>
      </trkpt>
      <trkpt lat="46.77536" lon="17.36532">
        <ele>113.65</ele>
      </trkpt>
      <trkpt lat="46.77534" lon="17.36529">
        <ele>113.9</ele>
      </trkpt>
      <trkpt lat="46.77532" lon="17.36525">
        <ele>114.52</ele>
      </trkpt>
      <trkpt lat="46.7753" lon="17.36521">
        <ele>115.24</ele>
      </trkpt>
      <trkpt lat="46.77529" lon="17.36517">
        <ele>115.96</ele>
      </trkpt>
      <trkpt lat="46.77527" lon="17.36514">
        <ele>116.48</ele>
      </trkpt>
      <trkpt lat="46.77526" lon="17.36511">
        <ele>117.03</ele>
      </trkpt>
      <trkpt lat="46.77524" lon="17.36509">
        <ele>117.43</ele>
      </trkpt>
      <trkpt lat="46.7752" lon="17.36507">
        <ele>117.88</ele>
      </trkpt>
      <trkpt lat="46.77517" lon="17.36505">
        <ele>118.35</ele>
      </trkpt>
      <trkpt lat="46.77455" lon="17.36472">
        <ele>126.47</ele>
      </trkpt>
      <trkpt lat="46.77455" lon="17.36472">
        <ele>126.47</ele>
      </trkpt>
      <trkpt lat="46.77361" lon="17.36422">
        <ele>122.19</ele>
      </trkpt>
      <trkpt lat="46.77335" lon="17.36409">
        <ele>120.78</ele>
      </trkpt>
      <trkpt lat="46.77327" lon="17.36405">
        <ele>120.41</ele>
      </trkpt>
      <trkpt lat="46.77311" lon="17.36398">
        <ele>120.34</ele>
      </trkpt>
      <trkpt lat="46.77301" lon="17.36393">
        <ele>121.71</ele>
      </trkpt>
      <trkpt lat="46.77283" lon="17.36382">
        <ele>125.92</ele>
      </trkpt>
      <trkpt lat="46.77218" lon="17.36334">
        <ele>128.04</ele>
      </trkpt>
      <trkpt lat="46.77148" lon="17.3628">
        <ele>126.6</ele>
      </trkpt>
      <trkpt lat="46.77131" lon="17.36269">
        <ele>126.83</ele>
      </trkpt>
      <trkpt lat="46.77128" lon="17.36268">
        <ele>127.19</ele>
      </trkpt>
      <trkpt lat="46.77125" lon="17.36266">
        <ele>127.7</ele>
      </trkpt>
      <trkpt lat="46.77121" lon="17.36266">
        <ele>127.98</ele>
      </trkpt>
      <trkpt lat="46.77117" lon="17.36265">
        <ele>128.42</ele>
      </trkpt>
      <trkpt lat="46.77112" lon="17.36266">
        <ele>128.63</ele>
      </trkpt>
      <trkpt lat="46.77108" lon="17.36266">
        <ele>128.49</ele>
      </trkpt>
      <trkpt lat="46.77104" lon="17.36268">
        <ele>127.97</ele>
      </trkpt>
      <trkpt lat="46.771" lon="17.3627">
        <ele>127.5</ele>
      </trkpt>
      <trkpt lat="46.77097" lon="17.36272">
        <ele>127.11</ele>
      </trkpt>
      <trkpt lat="46.77093" lon="17.36274">
        <ele>126.71</ele>
      </trkpt>
      <trkpt lat="46.7709" lon="17.36278">
        <ele>126.21</ele>
      </trkpt>
      <trkpt lat="46.77085" lon="17.36283">
        <ele>125.32</ele>
      </trkpt>
      <trkpt lat="46.77083" lon="17.36286">
        <ele>124.8</ele>
      </trkpt>
      <trkpt lat="46.7708" lon="17.36292">
        <ele>123.77</ele>
      </trkpt>
      <trkpt lat="46.77076" lon="17.36301">
        <ele>122.35</ele>
      </trkpt>
      <trkpt lat="46.77072" lon="17.36314">
        <ele>121.05</ele>
      </trkpt>
      <trkpt lat="46.77018" lon="17.36511">
        <ele>107.47</ele>
      </trkpt>
      <trkpt lat="46.77015" lon="17.36519">
        <ele>106.64</ele>
      </trkpt>
      <trkpt lat="46.77012" lon="17.36526">
        <ele>105.96</ele>
      </trkpt>
      <trkpt lat="46.77009" lon="17.36529">
        <ele>105.95</ele>
      </trkpt>
      <trkpt lat="46.77004" lon="17.36532">
        <ele>106.29</ele>
      </trkpt>
      <trkpt lat="46.76997" lon="17.36535">
        <ele>106.56</ele>
      </trkpt>
      <trkpt lat="46.76988" lon="17.36531">
        <ele>106.92</ele>
      </trkpt>
      <trkpt lat="46.76982" lon="17.36526">
        <ele>107.26</ele>
      </trkpt>
      <trkpt lat="46.76979" lon="17.36527">
        <ele>107.11</ele>
      </trkpt>
      <trkpt lat="46.76977" lon="17.36531">
        <ele>107.06</ele>
      </trkpt>
      <trkpt lat="46.76973" lon="17.36536">
        <ele>107.27</ele>
      </trkpt>
      <trkpt lat="46.7697" lon="17.36537">
        <ele>107.65</ele>
      </trkpt>
      <trkpt lat="46.76967" lon="17.36537">
        <ele>108.08</ele>
      </trkpt>
      <trkpt lat="46.76963" lon="17.36537">
        <ele>108.66</ele>
      </trkpt>
      <trkpt lat="46.76958" lon="17.36535">
        <ele>109.2</ele>
      </trkpt>
      <trkpt lat="46.76947" lon="17.3652">
        <ele>110.08</ele>
      </trkpt>
      <trkpt lat="46.76936" lon="17.36506">
        <ele>110.78</ele>
      </trkpt>
      <trkpt lat="46.76848" lon="17.36418">
        <ele>104.93</ele>
      </trkpt>
      <trkpt lat="46.76848" lon="17.36418">
        <ele>104.93</ele>
      </trkpt>
      <trkpt lat="46.76838" lon="17.36407">
        <ele>105.41</ele>
      </trkpt>
      <trkpt lat="46.76632" lon="17.36207">
        <ele>108.07</ele>
      </trkpt>
      <trkpt lat="46.76627" lon="17.36204">
        <ele>107.39</ele>
      </trkpt>
      <trkpt lat="46.76622" lon="17.36204">
        <ele>106.84</ele>
      </trkpt>
      <trkpt lat="46.76602" lon="17.36203">
        <ele>106.65</ele>
      </trkpt>
      <trkpt lat="46.76596" lon="17.36202">
        <ele>107.26</ele>
      </trkpt>
      <trkpt lat="46.76591" lon="17.36198">
        <ele>107.6</ele>
      </trkpt>
      <trkpt lat="46.76586" lon="17.36193">
        <ele>107.91</ele>
      </trkpt>
      <trkpt lat="46.76584" lon="17.36182">
        <ele>108.85</ele>
      </trkpt>
      <trkpt lat="46.7658" lon="17.36163">
        <ele>111.13</ele>
      </trkpt>
      <trkpt lat="46.76577" lon="17.36154">
        <ele>112.59</ele>
      </trkpt>
      <trkpt lat="46.76573" lon="17.36145">
        <ele>113.44</ele>
      </trkpt>
      <trkpt lat="46.76425" lon="17.36">
        <ele>113.8</ele>
      </trkpt>
      <trkpt lat="46.76331" lon="17.3591">
        <ele>95.82</ele>
      </trkpt>
      <trkpt lat="46.76302" lon="17.35885">
        <ele>101.09</ele>
      </trkpt>
      <trkpt lat="46.76264" lon="17.35858">
        <ele>105.36</ele>
      </trkpt>
      <trkpt lat="46.76232" lon="17.3584">
        <ele>107.26</ele>
      </trkpt>
      <trkpt lat="46.76232" lon="17.3584">
        <ele>107.26</ele>
      </trkpt>
      <trkpt lat="46.76202" lon="17.35823">
        <ele>103.31</ele>
      </trkpt>
      <trkpt lat="46.76152" lon="17.35796">
        <ele>100.59</ele>
      </trkpt>
      <trkpt lat="46.76095" lon="17.35777">
        <ele>101.14</ele>
      </trkpt>
      <trkpt lat="46.76039" lon="17.35766">
        <ele>94.43</ele>
      </trkpt>
      <trkpt lat="46.7599" lon="17.35755">
        <ele>91.0</ele>
      </trkpt>
      <trkpt lat="46.75945" lon="17.35752">
        <ele>102.62</ele>
      </trkpt>
      <trkpt lat="46.759" lon="17.35749">
        <ele>94.63</ele>
      </trkpt>
      <trkpt lat="46.75854" lon="17.35747">
        <ele>93.69</ele>
      </trkpt>
      <trkpt lat="46.75809" lon="17.35744">
        <ele>95.76</ele>
      </trkpt>
      <trkpt lat="46.75764" lon="17.35741">
        <ele>101.14</ele>
      </trkpt>
      <trkpt lat="46.75689" lon="17.35738">
        <ele>99.22</ele>
      </trkpt>
      <trkpt lat="46.75634" lon="17.35736">
        <ele>99.24</ele>
      </trkpt>
      <trkpt lat="46.75579" lon="17.3574">
        <ele>99.26</ele>
      </trkpt>
      <trkpt lat="46.7553" lon="17.35724">
        <ele>109.87</ele>
      </trkpt>
      <trkpt lat="46.75481" lon="17.35707">
        <ele>108.96</ele>
      </trkpt>
      <trkpt lat="46.75439" lon="17.3568">
        <ele>110.98</ele>
      </trkpt>
      <trkpt lat="46.75439" lon="17.3568">
        <ele>110.98</ele>
      </trkpt>
      <trkpt lat="46.75405" lon="17.35659">
        <ele>113.33</ele>
      </trkpt>
      <trkpt lat="46.75367" lon="17.35626">
        <ele>108.43</ele>
      </trkpt>
      <trkpt lat="46.75326" lon="17.35582">
        <ele>117.13</ele>
      </trkpt>
      <trkpt lat="46.7531" lon="17.35565">
        <ele>119.98</ele>
      </trkpt>
      <trkpt lat="46.75289" lon="17.35539">
        <ele>119.38</ele>
      </trkpt>
      <trkpt lat="46.75281" lon="17.35532">
        <ele>118.44</ele>
      </trkpt>
      <trkpt lat="46.75248" lon="17.3551">
        <ele>114.27</ele>
      </trkpt>
      <trkpt lat="46.75237" lon="17.355">
        <ele>112.6</ele>
      </trkpt>
      <trkpt lat="46.75207" lon="17.35458">
        <ele>110.62</ele>
      </trkpt>
      <trkpt lat="46.75199" lon="17.35452">
        <ele>109.72</ele>
      </trkpt>
      <trkpt lat="46.75191" lon="17.35445">
        <ele>108.73</ele>
      </trkpt>
      <trkpt lat="46.75183" lon="17.35441">
        <ele>108.18</ele>
      </trkpt>
      <trkpt lat="46.75166" lon="17.35439">
        <ele>106.62</ele>
      </trkpt>
      <trkpt lat="46.7516" lon="17.35436">
        <ele>103.16</ele>
      </trkpt>
      <trkpt lat="46.75156" lon="17.35431">
        <ele>100.86</ele>
      </trkpt>
      <trkpt lat="46.75153" lon="17.35424">
        <ele>99.13</ele>
      </trkpt>
      <trkpt lat="46.75152" lon="17.35415">
        <ele>98.58</ele>
      </trkpt>
      <trkpt lat="46.75148" lon="17.35404">
        <ele>96.4</ele>
      </trkpt>
      <trkpt lat="46.7514" lon="17.35392">
        <ele>91.68</ele>
      </trkpt>
      <trkpt lat="46.75116" lon="17.35358">
        <ele>91.37</ele>
      </trkpt>
      <trkpt lat="46.75067" lon="17.35301">
        <ele>99.94</ele>
      </trkpt>
      <trkpt lat="46.7506" lon="17.35292">
        <ele>99.8</ele>
      </trkpt>
      <trkpt lat="46.75051" lon="17.35278">
        <ele>103.44</ele>
      </trkpt>
      <trkpt lat="46.74998" lon="17.35155">
        <ele>103.1</ele>
      </trkpt>
      <trkpt lat="46.7499" lon="17.35136">
        <ele>104.54</ele>
      </trkpt>
      <trkpt lat="46.74986" lon="17.3512">
        <ele>107.43</ele>
      </trkpt>
      <trkpt lat="46.74979" lon="17.35073">
        <ele>105.93</ele>
      </trkpt>
      <trkpt lat="46.74976" lon="17.35038">
        <ele>104.0</ele>
      </trkpt>
      <trkpt lat="46.74975" lon="17.35016">
        <ele>105.32</ele>
      </trkpt>
      <trkpt lat="46.74975" lon="17.34987">
        <ele>108.27</ele>
      </trkpt>
      <trkpt lat="46.74976" lon="17.34973">
        <ele>108.7</ele>
      </trkpt>
      <trkpt lat="46.74977" lon="17.34952">
        <ele>108.91</ele>
      </trkpt>
      <trkpt lat="46.74981" lon="17.34926">
        <ele>109.21</ele>
      </trkpt>
      <trkpt lat="46.74984" lon="17.34908">
        <ele>109.74</ele>
      </trkpt>
      <trkpt lat="46.74988" lon="17.34894">
        <ele>110.38</ele>
      </trkpt>
      <trkpt lat="46.74991" lon="17.34881">
        <ele>110.87</ele>
      </trkpt>
      <trkpt lat="46.74991" lon="17.34881">
        <ele>110.87</ele>
      </trkpt>
      <trkpt lat="46.75004" lon="17.34839">
        <ele>114.71</ele>
      </trkpt>
      <trkpt lat="46.75025" lon="17.34784">
        <ele>108.67</ele>
      </trkpt>
      <trkpt lat="46.75035" lon="17.34793">
        <ele>109.38</ele>
      </trkpt>
      <trkpt lat="46.75049" lon="17.34798">
        <ele>109.42</ele>
      </trkpt>
      <trkpt lat="46.75056" lon="17.34798">
        <ele>109.22</ele>
      </trkpt>
      <trkpt lat="46.75061" lon="17.34791">
        <ele>108.92</ele>
      </trkpt>
      <trkpt lat="46.75087" lon="17.3473">
        <ele>111.78</ele>
      </trkpt>
      <trkpt lat="46.75112" lon="17.34669">
        <ele>104.77</ele>
      </trkpt>
      <trkpt lat="46.75138" lon="17.34607">
        <ele>105.88</ele>
      </trkpt>
      <trkpt lat="46.75163" lon="17.34546">
        <ele>109.48</ele>
      </trkpt>
      <trkpt lat="46.75189" lon="17.34485">
        <ele>106.8</ele>
      </trkpt>
      <trkpt lat="46.75208" lon="17.34449">
        <ele>107.9</ele>
      </trkpt>
      <trkpt lat="46.75224" lon="17.34423">
        <ele>108.99</ele>
      </trkpt>
      <trkpt lat="46.75231" lon="17.34407">
        <ele>108.18</ele>
      </trkpt>
      <trkpt lat="46.75245" lon="17.34371">
        <ele>107.41</ele>
      </trkpt>
      <trkpt lat="46.7525" lon="17.34353">
        <ele>108.0</ele>
      </trkpt>
      <trkpt lat="46.75261" lon="17.34297">
        <ele>110.62</ele>
      </trkpt>
      <trkpt lat="46.7527" lon="17.3422">
        <ele>112.32</ele>
      </trkpt>
      <trkpt lat="46.75274" lon="17.34104">
        <ele>104.1</ele>
      </trkpt>
      <trkpt lat="46.75276" lon="17.34038">
        <ele>104.1</ele>
      </trkpt>
      <trkpt lat="46.75279" lon="17.33971">
        <ele>104.87</ele>
      </trkpt>
      <trkpt lat="46.75281" lon="17.33905">
        <ele>105.19</ele>
      </trkpt>
      <trkpt lat="46.75284" lon="17.33838">
        <ele>106.19</ele>
      </trkpt>
      <trkpt lat="46.75286" lon="17.33772">
        <ele>106.99</ele>
      </trkpt>
      <trkpt lat="46.75289" lon="17.33705">
        <ele>107.89</ele>
      </trkpt>
      <trkpt lat="46.75291" lon="17.33639">
        <ele>107.05</ele>
      </trkpt>
      <trkpt lat="46.75291" lon="17.33639">
        <ele>107.05</ele>
      </trkpt>
      <trkpt lat="46.75292" lon="17.33621">
        <ele>105.03</ele>
      </trkpt>
      <trkpt lat="46.75295" lon="17.33541">
        <ele>105.29</ele>
      </trkpt>
      <trkpt lat="46.75301" lon="17.33471">
        <ele>117.04</ele>
      </trkpt>
      <trkpt lat="46.75313" lon="17.33399">
        <ele>109.78</ele>
      </trkpt>
      <trkpt lat="46.7532" lon="17.33365">
        <ele>108.14</ele>
      </trkpt>
      <trkpt lat="46.75341" lon="17.33291">
        <ele>111.35</ele>
      </trkpt>
      <trkpt lat="46.75342" lon="17.3328">
        <ele>110.31</ele>
      </trkpt>
      <trkpt lat="46.75345" lon="17.33269">
        <ele>110.18</ele>
      </trkpt>
      <trkpt lat="46.75399" lon="17.33124">
        <ele>105.48</ele>
      </trkpt>
      <trkpt lat="46.75472" lon="17.32912">
        <ele>106.62</ele>
      </trkpt>
      <trkpt lat="46.75472" lon="17.32912">
        <ele>106.62</ele>
      </trkpt>
      <trkpt lat="46.75492" lon="17.32856">
        <ele>103.82</ele>
      </trkpt>
      <trkpt lat="46.75495" lon="17.32846">
        <ele>103.46</ele>
      </trkpt>
      <trkpt lat="46.75498" lon="17.32844">
        <ele>103.38</ele>
      </trkpt>
      <trkpt lat="46.75504" lon="17.32842">
        <ele>103.6</ele>
      </trkpt>
      <trkpt lat="46.75537" lon="17.32744">
        <ele>103.62</ele>
      </trkpt>
      <trkpt lat="46.75568" lon="17.32652">
        <ele>106.28</ele>
      </trkpt>
      <trkpt lat="46.75575" lon="17.32621">
        <ele>107.14</ele>
      </trkpt>
      <trkpt lat="46.75579" lon="17.32593">
        <ele>107.77</ele>
      </trkpt>
      <trkpt lat="46.75582" lon="17.32561">
        <ele>107.82</ele>
      </trkpt>
      <trkpt lat="46.75588" lon="17.325">
        <ele>107.34</ele>
      </trkpt>
      <trkpt lat="46.7559" lon="17.32439">
        <ele>104.57</ele>
      </trkpt>
      <trkpt lat="46.75588" lon="17.32396">
        <ele>104.29</ele>
      </trkpt>
      <trkpt lat="46.75585" lon="17.32362">
        <ele>104.12</ele>
      </trkpt>
      <trkpt lat="46.7558" lon="17.32311">
        <ele>103.29</ele>
      </trkpt>
      <trkpt lat="46.75576" lon="17.32278">
        <ele>102.53</ele>
      </trkpt>
      <trkpt lat="46.75559" lon="17.32174">
        <ele>102.8</ele>
      </trkpt>
      <trkpt lat="46.75552" lon="17.32102">
        <ele>103.96</ele>
      </trkpt>
      <trkpt lat="46.75527" lon="17.31945">
        <ele>106.9</ele>
      </trkpt>
      <trkpt lat="46.75517" lon="17.31877">
        <ele>102.61</ele>
      </trkpt>
      <trkpt lat="46.75505" lon="17.31812">
        <ele>102.72</ele>
      </trkpt>
      <trkpt lat="46.75493" lon="17.31753">
        <ele>103.92</ele>
      </trkpt>
      <trkpt lat="46.75488" lon="17.3172">
        <ele>104.72</ele>
      </trkpt>
      <trkpt lat="46.75485" lon="17.31698">
        <ele>106.27</ele>
      </trkpt>
      <trkpt lat="46.75481" lon="17.31665">
        <ele>105.65</ele>
      </trkpt>
      <trkpt lat="46.75477" lon="17.31649">
        <ele>105.45</ele>
      </trkpt>
      <trkpt lat="46.75466" lon="17.31617">
        <ele>106.06</ele>
      </trkpt>
      <trkpt lat="46.75461" lon="17.31594">
        <ele>107.02</ele>
      </trkpt>
      <trkpt lat="46.75459" lon="17.31576">
        <ele>107.48</ele>
      </trkpt>
      <trkpt lat="46.75458" lon="17.31568">
        <ele>107.51</ele>
      </trkpt>
      <trkpt lat="46.75458" lon="17.31568">
        <ele>107.51</ele>
      </trkpt>
      <trkpt lat="46.75457" lon="17.3156">
        <ele>107.55</ele>
      </trkpt>
      <trkpt lat="46.75462" lon="17.31546">
        <ele>107.15</ele>
      </trkpt>
      <trkpt lat="46.75454" lon="17.31416">
        <ele>106.39</ele>
      </trkpt>
      <trkpt lat="46.75454" lon="17.31394">
        <ele>106.94</ele>
      </trkpt>
      <trkpt lat="46.75454" lon="17.31385">
        <ele>107.02</ele>
      </trkpt>
      <trkpt lat="46.75454" lon="17.31365">
        <ele>106.8</ele>
      </trkpt>
      <trkpt lat="46.75454" lon="17.31354">
        <ele>106.83</ele>
      </trkpt>
      <trkpt lat="46.75455" lon="17.31323">
        <ele>108.45</ele>
      </trkpt>
      <trkpt lat="46.75457" lon="17.31292">
        <ele>110.45</ele>
      </trkpt>
      <trkpt lat="46.75472" lon="17.31164">
        <ele>110.11</ele>
      </trkpt>
      <trkpt lat="46.75482" lon="17.31089">
        <ele>106.91</ele>
      </trkpt>
      <trkpt lat="46.75478" lon="17.31088">
        <ele>106.58</ele>
      </trkpt>
      <trkpt lat="46.75477" lon="17.31087">
        <ele>106.48</ele>
      </trkpt>
      <trkpt lat="46.75477" lon="17.31085">
        <ele>106.4</ele>
      </trkpt>
      <trkpt lat="46.75478" lon="17.31081">
        <ele>106.42</ele>
      </trkpt>
      <trkpt lat="46.75479" lon="17.31078">
        <ele>106.49</ele>
      </trkpt>
      <trkpt lat="46.7548" lon="17.31071">
        <ele>106.56</ele>
      </trkpt>
      <trkpt lat="46.75493" lon="17.30953">
        <ele>109.3</ele>
      </trkpt>
      <trkpt lat="46.75496" lon="17.30925">
        <ele>109.33</ele>
      </trkpt>
      <trkpt lat="46.75494" lon="17.3091">
        <ele>108.6</ele>
      </trkpt>
      <trkpt lat="46.75492" lon="17.30899">
        <ele>108.26</ele>
      </trkpt>
      <trkpt lat="46.75484" lon="17.30894">
        <ele>108.08</ele>
      </trkpt>
      <trkpt lat="46.75484" lon="17.30894">
        <ele>108.08</ele>
      </trkpt>
      <trkpt lat="46.75492" lon="17.30899">
        <ele>108.26</ele>
      </trkpt>
      <trkpt lat="46.7549" lon="17.30893">
        <ele>108.09</ele>
      </trkpt>
      <trkpt lat="46.75486" lon="17.30888">
        <ele>108.02</ele>
      </trkpt>
      <trkpt lat="46.75479" lon="17.30882">
        <ele>108.19</ele>
      </trkpt>
      <trkpt lat="46.7547" lon="17.30879">
        <ele>108.38</ele>
      </trkpt>
      <trkpt lat="46.75453" lon="17.30875">
        <ele>108.5</ele>
      </trkpt>
      <trkpt lat="46.75435" lon="17.30869">
        <ele>108.33</ele>
      </trkpt>
      <trkpt lat="46.75432" lon="17.30867">
        <ele>108.38</ele>
      </trkpt>
      <trkpt lat="46.7543" lon="17.30862">
        <ele>108.5</ele>
      </trkpt>
      <trkpt lat="46.7543" lon="17.30856">
        <ele>108.52</ele>
      </trkpt>
      <trkpt lat="46.7543" lon="17.30851">
        <ele>108.52</ele>
      </trkpt>
      <trkpt lat="46.75432" lon="17.30845">
        <ele>108.45</ele>
      </trkpt>
      <trkpt lat="46.75435" lon="17.30839">
        <ele>108.34</ele>
      </trkpt>
      <trkpt lat="46.75437" lon="17.30831">
        <ele>108.22</ele>
      </trkpt>
      <trkpt lat="46.75436" lon="17.3082">
        <ele>108.01</ele>
      </trkpt>
      <trkpt lat="46.75433" lon="17.30804">
        <ele>107.53</ele>
      </trkpt>
      <trkpt lat="46.75429" lon="17.30796">
        <ele>107.1</ele>
      </trkpt>
      <trkpt lat="46.75424" lon="17.30792">
        <ele>106.78</ele>
      </trkpt>
      <trkpt lat="46.75417" lon="17.30789">
        <ele>106.42</ele>
      </trkpt>
      <trkpt lat="46.7541" lon="17.30788">
        <ele>103.92</ele>
      </trkpt>
      <trkpt lat="46.75393" lon="17.30789">
        <ele>98.1</ele>
      </trkpt>
      <trkpt lat="46.75386" lon="17.30789">
        <ele>96.07</ele>
      </trkpt>
      <trkpt lat="46.75382" lon="17.30787">
        <ele>94.5</ele>
      </trkpt>
      <trkpt lat="46.75378" lon="17.3078">
        <ele>91.68</ele>
      </trkpt>
      <trkpt lat="46.75374" lon="17.30775">
        <ele>91.0</ele>
      </trkpt>
      <trkpt lat="46.75373" lon="17.30769">
        <ele>91.0</ele>
      </trkpt>
      <trkpt lat="46.75373" lon="17.3076">
        <ele>91.0</ele>
      </trkpt>
      <trkpt lat="46.75379" lon="17.30729">
        <ele>91.0</ele>
      </trkpt>
      <trkpt lat="46.75383" lon="17.30718">
        <ele>91.0</ele>
      </trkpt>
      <trkpt lat="46.75383" lon="17.30718">
        <ele>91.0</ele>
      </trkpt>
      <trkpt lat="46.75394" lon="17.30676">
        <ele>91.8</ele>
      </trkpt>
      <trkpt lat="46.75433" lon="17.30553">
        <ele>91.0</ele>
      </trkpt>
      <trkpt lat="46.75488" lon="17.30399">
        <ele>102.21</ele>
      </trkpt>
      <trkpt lat="46.75498" lon="17.3037">
        <ele>106.11</ele>
      </trkpt>
      <trkpt lat="46.75502" lon="17.30363">
        <ele>106.33</ele>
      </trkpt>
      <trkpt lat="46.75509" lon="17.30355">
        <ele>103.88</ele>
      </trkpt>
      <trkpt lat="46.75517" lon="17.30355">
        <ele>104.93</ele>
      </trkpt>
      <trkpt lat="46.75523" lon="17.30357">
        <ele>106.08</ele>
      </trkpt>
      <trkpt lat="46.7558" lon="17.30399">
        <ele>100.21</ele>
      </trkpt>
      <trkpt lat="46.7558" lon="17.30399">
        <ele>100.21</ele>
      </trkpt>
      <trkpt lat="46.75582" lon="17.304">
        <ele>100.25</ele>
      </trkpt>
      <trkpt lat="46.756" lon="17.30411">
        <ele>100.67</ele>
      </trkpt>
      <trkpt lat="46.75619" lon="17.30415">
        <ele>101.13</ele>
      </trkpt>
      <trkpt lat="46.75643" lon="17.30412">
        <ele>101.63</ele>
      </trkpt>
      <trkpt lat="46.75657" lon="17.30407">
        <ele>100.19</ele>
      </trkpt>
      <trkpt lat="46.75662" lon="17.30403">
        <ele>99.98</ele>
      </trkpt>
      <trkpt lat="46.75671" lon="17.30394">
        <ele>100.53</ele>
      </trkpt>
      <trkpt lat="46.75709" lon="17.30341">
        <ele>103.58</ele>
      </trkpt>
      <trkpt lat="46.75739" lon="17.30298">
        <ele>106.65</ele>
      </trkpt>
      <trkpt lat="46.75745" lon="17.30291">
        <ele>107.14</ele>
      </trkpt>
      <trkpt lat="46.75751" lon="17.30294">
        <ele>106.74</ele>
      </trkpt>
      <trkpt lat="46.75767" lon="17.30308">
        <ele>105.32</ele>
      </trkpt>
      <trkpt lat="46.75796" lon="17.30354">
        <ele>106.42</ele>
      </trkpt>
      <trkpt lat="46.75805" lon="17.30365">
        <ele>106.18</ele>
      </trkpt>
      <trkpt lat="46.7581" lon="17.30371">
        <ele>106.36</ele>
      </trkpt>
      <trkpt lat="46.75816" lon="17.30375">
        <ele>106.5</ele>
      </trkpt>
      <trkpt lat="46.75823" lon="17.30376">
        <ele>106.54</ele>
      </trkpt>
      <trkpt lat="46.75839" lon="17.3035">
        <ele>105.67</ele>
      </trkpt>
      <trkpt lat="46.75839" lon="17.3035">
        <ele>105.67</ele>
      </trkpt>
      <trkpt lat="46.75841" lon="17.30345">
        <ele>105.61</ele>
      </trkpt>
      <trkpt lat="46.75865" lon="17.30318">
        <ele>105.82</ele>
      </trkpt>
      <trkpt lat="46.75913" lon="17.30266">
        <ele>106.37</ele>
      </trkpt>
      <trkpt lat="46.75963" lon="17.30214">
        <ele>104.0</ele>
      </trkpt>
      <trkpt lat="46.76022" lon="17.30147">
        <ele>107.67</ele>
      </trkpt>
      <trkpt lat="46.76053" lon="17.30105">
        <ele>108.5</ele>
      </trkpt>
      <trkpt lat="46.76094" lon="17.30043">
        <ele>108.49</ele>
      </trkpt>
      <trkpt lat="46.76109" lon="17.30012">
        <ele>108.47</ele>
      </trkpt>
      <trkpt lat="46.76179" lon="17.29862">
        <ele>109.8</ele>
      </trkpt>
      <trkpt lat="46.76196" lon="17.29824">
        <ele>110.66</ele>
      </trkpt>
      <trkpt lat="46.76198" lon="17.29818">
        <ele>110.45</ele>
      </trkpt>
      <trkpt lat="46.76198" lon="17.29818">
        <ele>110.45</ele>
      </trkpt>
      <trkpt lat="46.76254" lon="17.29691">
        <ele>107.53</ele>
      </trkpt>
      <trkpt lat="46.76285" lon="17.2961">
        <ele>105.58</ele>
      </trkpt>
      <trkpt lat="46.76307" lon="17.29529">
        <ele>107.25</ele>
      </trkpt>
      <trkpt lat="46.7632" lon="17.2947">
        <ele>108.04</ele>
      </trkpt>
      <trkpt lat="46.76331" lon="17.29407">
        <ele>107.68</ele>
      </trkpt>
      <trkpt lat="46.76345" lon="17.29257">
        <ele>107.69</ele>
      </trkpt>
      <trkpt lat="46.76345" lon="17.29235">
        <ele>107.58</ele>
      </trkpt>
      <trkpt lat="46.76369" lon="17.29079">
        <ele>101.52</ele>
      </trkpt>
      <trkpt lat="46.76372" lon="17.29057">
        <ele>100.29</ele>
      </trkpt>
      <trkpt lat="46.76368" lon="17.29058">
        <ele>100.61</ele>
      </trkpt>
      <trkpt lat="46.76364" lon="17.2906">
        <ele>100.97</ele>
      </trkpt>
      <trkpt lat="46.7636" lon="17.29061">
        <ele>101.37</ele>
      </trkpt>
      <trkpt lat="46.76356" lon="17.29062">
        <ele>102.02</ele>
      </trkpt>
      <trkpt lat="46.76306" lon="17.29076">
        <ele>107.48</ele>
      </trkpt>
      <trkpt lat="46.76305" lon="17.2907">
        <ele>107.92</ele>
      </trkpt>
      <trkpt lat="46.76304" lon="17.29063">
        <ele>108.33</ele>
      </trkpt>
      <trkpt lat="46.76297" lon="17.29012">
        <ele>108.38</ele>
      </trkpt>
      <trkpt lat="46.76297" lon="17.29012">
        <ele>108.38</ele>
      </trkpt>
      <trkpt lat="46.76294" lon="17.2899">
        <ele>108.02</ele>
      </trkpt>
      <trkpt lat="46.76285" lon="17.2891">
        <ele>105.96</ele>
      </trkpt>
      <trkpt lat="46.76284" lon="17.28902">
        <ele>106.08</ele>
      </trkpt>
      <trkpt lat="46.76287" lon="17.28839">
        <ele>109.46</ele>
      </trkpt>
      <trkpt lat="46.76294" lon="17.28794">
        <ele>112.44</ele>
      </trkpt>
      <trkpt lat="46.76306" lon="17.28741">
        <ele>113.3</ele>
      </trkpt>
      <trkpt lat="46.7632" lon="17.28699">
        <ele>111.95</ele>
      </trkpt>
      <trkpt lat="46.76353" lon="17.28634">
        <ele>108.76</ele>
      </trkpt>
      <trkpt lat="46.76386" lon="17.28569">
        <ele>107.34</ele>
      </trkpt>
      <trkpt lat="46.76424" lon="17.28492">
        <ele>101.29</ele>
      </trkpt>
      <trkpt lat="46.76429" lon="17.28479">
        <ele>101.16</ele>
      </trkpt>
      <trkpt lat="46.76432" lon="17.28466">
        <ele>101.01</ele>
      </trkpt>
      <trkpt lat="46.76445" lon="17.28392">
        <ele>100.19</ele>
      </trkpt>
      <trkpt lat="46.76458" lon="17.28318">
        <ele>104.4</ele>
      </trkpt>
      <trkpt lat="46.76471" lon="17.28243">
        <ele>104.58</ele>
      </trkpt>
      <trkpt lat="46.76484" lon="17.28169">
        <ele>104.39</ele>
      </trkpt>
      <trkpt lat="46.76497" lon="17.28095">
        <ele>102.7</ele>
      </trkpt>
      <trkpt lat="46.76516" lon="17.27984">
        <ele>99.15</ele>
      </trkpt>
      <trkpt lat="46.76516" lon="17.27984">
        <ele>99.15</ele>
      </trkpt>
      <trkpt lat="46.76555" lon="17.27764">
        <ele>108.03</ele>
      </trkpt>
      <trkpt lat="46.76564" lon="17.27708">
        <ele>107.18</ele>
      </trkpt>
      <trkpt lat="46.76578" lon="17.27611">
        <ele>107.81</ele>
      </trkpt>
      <trkpt lat="46.7665" lon="17.27188">
        <ele>101.54</ele>
      </trkpt>
      <trkpt lat="46.76659" lon="17.27112">
        <ele>99.0</ele>
      </trkpt>
      <trkpt lat="46.76661" lon="17.27097">
        <ele>99.0</ele>
      </trkpt>
      <trkpt lat="46.76664" lon="17.27021">
        <ele>98.26</ele>
      </trkpt>
      <trkpt lat="46.76664" lon="17.2701">
        <ele>98.23</ele>
      </trkpt>
      <trkpt lat="46.7666" lon="17.26992">
        <ele>99.07</ele>
      </trkpt>
      <trkpt lat="46.76652" lon="17.26978">
        <ele>99.76</ele>
      </trkpt>
      <trkpt lat="46.76636" lon="17.26972">
        <ele>98.91</ele>
      </trkpt>
      <trkpt lat="46.76628" lon="17.26965">
        <ele>99.03</ele>
      </trkpt>
      <trkpt lat="46.76626" lon="17.26956">
        <ele>99.43</ele>
      </trkpt>
      <trkpt lat="46.76625" lon="17.26944">
        <ele>100.07</ele>
      </trkpt>
      <trkpt lat="46.76624" lon="17.26935">
        <ele>101.47</ele>
      </trkpt>
      <trkpt lat="46.76624" lon="17.26923">
        <ele>103.43</ele>
      </trkpt>
      <trkpt lat="46.76624" lon="17.26923">
        <ele>103.43</ele>
      </trkpt>
      <trkpt lat="46.76602" lon="17.26539">
        <ele>105.24</ele>
      </trkpt>
      <trkpt lat="46.76601" lon="17.2653">
        <ele>105.23</ele>
      </trkpt>
      <trkpt lat="46.766" lon="17.26518">
        <ele>105.47</ele>
      </trkpt>
      <trkpt lat="46.76577" lon="17.26396">
        <ele>103.68</ele>
      </trkpt>
      <trkpt lat="46.76573" lon="17.26374">
        <ele>103.17</ele>
      </trkpt>
      <trkpt lat="46.76542" lon="17.26245">
        <ele>104.46</ele>
      </trkpt>
      <trkpt lat="46.76551" lon="17.26236">
        <ele>103.49</ele>
      </trkpt>
      <trkpt lat="46.76558" lon="17.2622">
        <ele>102.91</ele>
      </trkpt>
      <trkpt lat="46.76564" lon="17.26214">
        <ele>102.7</ele>
      </trkpt>
      <trkpt lat="46.76598" lon="17.26203">
        <ele>103.06</ele>
      </trkpt>
      <trkpt lat="46.76602" lon="17.262">
        <ele>103.34</ele>
      </trkpt>
      <trkpt lat="46.76603" lon="17.26193">
        <ele>103.45</ele>
      </trkpt>
      <trkpt lat="46.76596" lon="17.26106">
        <ele>106.62</ele>
      </trkpt>
      <trkpt lat="46.76596" lon="17.26097">
        <ele>106.27</ele>
      </trkpt>
      <trkpt lat="46.76595" lon="17.26093">
        <ele>105.92</ele>
      </trkpt>
      <trkpt lat="46.76592" lon="17.26088">
        <ele>105.1</ele>
      </trkpt>
      <trkpt lat="46.76589" lon="17.26088">
        <ele>104.49</ele>
      </trkpt>
      <trkpt lat="46.76568" lon="17.26094">
        <ele>101.9</ele>
      </trkpt>
      <trkpt lat="46.76568" lon="17.26094">
        <ele>101.9</ele>
      </trkpt>
      <trkpt lat="46.7653" lon="17.26106">
        <ele>102.07</ele>
      </trkpt>
      <trkpt lat="46.7651" lon="17.26095">
        <ele>104.5</ele>
      </trkpt>
      <trkpt lat="46.76498" lon="17.26083">
        <ele>105.85</ele>
      </trkpt>
      <trkpt lat="46.7648" lon="17.26043">
        <ele>107.68</ele>
      </trkpt>
      <trkpt lat="46.76477" lon="17.26032">
        <ele>107.76</ele>
      </trkpt>
      <trkpt lat="46.764" lon="17.25812">
        <ele>110.0</ele>
      </trkpt>
      <trkpt lat="46.76374" lon="17.25742">
        <ele>106.56</ele>
      </trkpt>
      <trkpt lat="46.76371" lon="17.25736">
        <ele>105.55</ele>
      </trkpt>
      <trkpt lat="46.76367" lon="17.25732">
        <ele>104.52</ele>
      </trkpt>
      <trkpt lat="46.7636" lon="17.25718">
        <ele>101.71</ele>
      </trkpt>
      <trkpt lat="46.7636" lon="17.25718">
        <ele>101.71</ele>
      </trkpt>
      <trkpt lat="46.76359" lon="17.25704">
        <ele>101.77</ele>
      </trkpt>
      <trkpt lat="46.76361" lon="17.25688">
        <ele>103.89</ele>
      </trkpt>
      <trkpt lat="46.76365" lon="17.25673">
        <ele>105.97</ele>
      </trkpt>
      <trkpt lat="46.764" lon="17.25556">
        <ele>118.55</ele>
      </trkpt>
      <trkpt lat="46.76401" lon="17.25548">
        <ele>118.08</ele>
      </trkpt>
      <trkpt lat="46.76398" lon="17.25541">
        <ele>118.33</ele>
      </trkpt>
      <trkpt lat="46.76358" lon="17.25484">
        <ele>121.54</ele>
      </trkpt>
      <trkpt lat="46.76344" lon="17.25464">
        <ele>124.57</ele>
      </trkpt>
      <trkpt lat="46.76324" lon="17.25441">
        <ele>124.13</ele>
      </trkpt>
      <trkpt lat="46.76231" lon="17.25343">
        <ele>115.81</ele>
      </trkpt>
      <trkpt lat="46.76231" lon="17.25343">
        <ele>115.81</ele>
      </trkpt>
      <trkpt lat="46.76227" lon="17.25338">
        <ele>115.49</ele>
      </trkpt>
      <trkpt lat="46.76218" lon="17.25333">
        <ele>114.05</ele>
      </trkpt>
      <trkpt lat="46.76208" lon="17.2533">
        <ele>111.63</ele>
      </trkpt>
      <trkpt lat="46.76198" lon="17.25323">
        <ele>108.98</ele>
      </trkpt>
      <trkpt lat="46.76193" lon="17.25318">
        <ele>108.14</ele>
      </trkpt>
      <trkpt lat="46.76186" lon="17.2531">
        <ele>109.0</ele>
      </trkpt>
      <trkpt lat="46.76182" lon="17.25311">
        <ele>109.82</ele>
      </trkpt>
      <trkpt lat="46.76177" lon="17.25309">
        <ele>110.78</ele>
      </trkpt>
      <trkpt lat="46.7617" lon="17.25302">
        <ele>112.18</ele>
      </trkpt>
      <trkpt lat="46.76165" lon="17.25293">
        <ele>112.79</ele>
      </trkpt>
      <trkpt lat="46.76165" lon="17.25293">
        <ele>112.79</ele>
      </trkpt>
      <trkpt lat="46.7615" lon="17.25265">
        <ele>114.03</ele>
      </trkpt>
      <trkpt lat="46.7612" lon="17.25214">
        <ele>114.3</ele>
      </trkpt>
      <trkpt lat="46.76099" lon="17.25181">
        <ele>113.97</ele>
      </trkpt>
      <trkpt lat="46.76073" lon="17.25148">
        <ele>116.45</ele>
      </trkpt>
      <trkpt lat="46.76067" lon="17.25142">
        <ele>117.27</ele>
      </trkpt>
      <trkpt lat="46.76067" lon="17.25142">
        <ele>117.27</ele>
      </trkpt>
      <trkpt lat="46.76065" lon="17.2514">
        <ele>117.6</ele>
      </trkpt>
      <trkpt lat="46.76056" lon="17.25134">
        <ele>118.77</ele>
      </trkpt>
      <trkpt lat="46.76047" lon="17.25132">
        <ele>119.75</ele>
      </trkpt>
      <trkpt lat="46.76035" lon="17.25132">
        <ele>121.16</ele>
      </trkpt>
      <trkpt lat="46.76026" lon="17.2513">
        <ele>122.15</ele>
      </trkpt>
      <trkpt lat="46.7602" lon="17.25125">
        <ele>122.7</ele>
      </trkpt>
      <trkpt lat="46.76015" lon="17.25118">
        <ele>123.27</ele>
      </trkpt>
      <trkpt lat="46.76008" lon="17.25106">
        <ele>123.72</ele>
      </trkpt>
      <trkpt lat="46.76005" lon="17.25101">
        <ele>123.4</ele>
      </trkpt>
      <trkpt lat="46.76" lon="17.25094">
        <ele>122.54</ele>
      </trkpt>
      <trkpt lat="46.7599" lon="17.25084">
        <ele>121.1</ele>
      </trkpt>
      <trkpt lat="46.75965" lon="17.25059">
        <ele>118.73</ele>
      </trkpt>
      <trkpt lat="46.75949" lon="17.25043">
        <ele>120.49</ele>
      </trkpt>
      <trkpt lat="46.75906" lon="17.24994">
        <ele>113.69</ele>
      </trkpt>
      <trkpt lat="46.75895" lon="17.2498">
        <ele>113.36</ele>
      </trkpt>
      <trkpt lat="46.75861" lon="17.24939">
        <ele>112.77</ele>
      </trkpt>
      <trkpt lat="46.75861" lon="17.24939">
        <ele>112.77</ele>
      </trkpt>
      <trkpt lat="46.7581" lon="17.24877">
        <ele>122.81</ele>
      </trkpt>
      <trkpt lat="46.75791" lon="17.24859">
        <ele>123.58</ele>
      </trkpt>
      <trkpt lat="46.75772" lon="17.24847">
        <ele>120.12</ele>
      </trkpt>
      <trkpt lat="46.75744" lon="17.24836">
        <ele>112.75</ele>
      </trkpt>
      <trkpt lat="46.75721" lon="17.24826">
        <ele>109.58</ele>
      </trkpt>
      <trkpt lat="46.75716" lon="17.24823">
        <ele>110.05</ele>
      </trkpt>
      <trkpt lat="46.75645" lon="17.24774">
        <ele>116.4</ele>
      </trkpt>
      <trkpt lat="46.75641" lon="17.24775">
        <ele>116.1</ele>
      </trkpt>
      <trkpt lat="46.75638" lon="17.24778">
        <ele>115.96</ele>
      </trkpt>
      <trkpt lat="46.75633" lon="17.24792">
        <ele>116.79</ele>
      </trkpt>
      <trkpt lat="46.75631" lon="17.24791">
        <ele>116.45</ele>
      </trkpt>
      <trkpt lat="46.75629" lon="17.24791">
        <ele>116.21</ele>
      </trkpt>
      <trkpt lat="46.75627" lon="17.24793">
        <ele>116.08</ele>
      </trkpt>
      <trkpt lat="46.75625" lon="17.24797">
        <ele>116.04</ele>
      </trkpt>
      <trkpt lat="46.75623" lon="17.24798">
        <ele>115.79</ele>
      </trkpt>
      <trkpt lat="46.75621" lon="17.24799">
        <ele>115.53</ele>
      </trkpt>
      <trkpt lat="46.75609" lon="17.24791">
        <ele>113.77</ele>
      </trkpt>
      <trkpt lat="46.75609" lon="17.24791">
        <ele>113.77</ele>
      </trkpt>
      <trkpt lat="46.75539" lon="17.24742">
        <ele>118.17</ele>
      </trkpt>
      <trkpt lat="46.75501" lon="17.24711">
        <ele>119.77</ele>
      </trkpt>
      <trkpt lat="46.7543" lon="17.24652">
        <ele>118.86</ele>
      </trkpt>
      <trkpt lat="46.75426" lon="17.24647">
        <ele>119.86</ele>
      </trkpt>
      <trkpt lat="46.75423" lon="17.24643">
        <ele>121.06</ele>
      </trkpt>
      <trkpt lat="46.75422" lon="17.24638">
        <ele>122.33</ele>
      </trkpt>
      <trkpt lat="46.7542" lon="17.24626">
        <ele>121.06</ele>
      </trkpt>
      <trkpt lat="46.75419" lon="17.24609">
        <ele>118.79</ele>
      </trkpt>
      <trkpt lat="46.75419" lon="17.24594">
        <ele>116.09</ele>
      </trkpt>
      <trkpt lat="46.7542" lon="17.24583">
        <ele>114.19</ele>
      </trkpt>
      <trkpt lat="46.75421" lon="17.24578">
        <ele>113.51</ele>
      </trkpt>
      <trkpt lat="46.7542" lon="17.24573">
        <ele>112.71</ele>
      </trkpt>
      <trkpt lat="46.75418" lon="17.24564">
        <ele>111.28</ele>
      </trkpt>
      <trkpt lat="46.75415" lon="17.24557">
        <ele>109.9</ele>
      </trkpt>
      <trkpt lat="46.75412" lon="17.24552">
        <ele>108.37</ele>
      </trkpt>
      <trkpt lat="46.75406" lon="17.24548">
        <ele>106.34</ele>
      </trkpt>
      <trkpt lat="46.75394" lon="17.24546">
        <ele>103.58</ele>
      </trkpt>
      <trkpt lat="46.75394" lon="17.24546">
        <ele>103.58</ele>
      </trkpt>
      <trkpt lat="46.75347" lon="17.24538">
        <ele>106.48</ele>
      </trkpt>
      <trkpt lat="46.75344" lon="17.24538">
        <ele>106.87</ele>
      </trkpt>
      <trkpt lat="46.75212" lon="17.24518">
        <ele>109.18</ele>
      </trkpt>
      <trkpt lat="46.75165" lon="17.2451">
        <ele>111.53</ele>
      </trkpt>
      <trkpt lat="46.75111" lon="17.24502">
        <ele>111.07</ele>
      </trkpt>
      <trkpt lat="46.75111" lon="17.24502">
        <ele>111.07</ele>
      </trkpt>
      <trkpt lat="46.75094" lon="17.24569">
        <ele>96.79</ele>
      </trkpt>
      <trkpt lat="46.75038" lon="17.24549">
        <ele>94.09</ele>
      </trkpt>
      <trkpt lat="46.75042" lon="17.24509">
        <ele>105.54</ele>
      </trkpt>
      <trkpt lat="46.75041" lon="17.24509">
        <ele>105.46</ele>
      </trkpt>
      <trkpt lat="46.75036" lon="17.24501">
        <ele>105.53</ele>
      </trkpt>
      <trkpt lat="46.75031" lon="17.2446">
        <ele>104.01</ele>
      </trkpt>
      <trkpt lat="46.75034" lon="17.24447">
        <ele>103.82</ele>
      </trkpt>
      <trkpt lat="46.75035" lon="17.24448">
        <ele>103.81</ele>
      </trkpt>
      <trkpt lat="46.75029" lon="17.24442">
        <ele>104.05</ele>
      </trkpt>
      <trkpt lat="46.75024" lon="17.24439">
        <ele>104.3</ele>
      </trkpt>
      <trkpt lat="46.75019" lon="17.24437">
        <ele>104.61</ele>
      </trkpt>
      <trkpt lat="46.75012" lon="17.24435">
        <ele>105.11</ele>
      </trkpt>
      <trkpt lat="46.75012" lon="17.24435">
        <ele>105.11</ele>
      </trkpt>
      <trkpt lat="46.75008" lon="17.24434">
        <ele>105.45</ele>
      </trkpt>
      <trkpt lat="46.74954" lon="17.24428">
        <ele>104.49</ele>
      </trkpt>
      <trkpt lat="46.74899" lon="17.24421">
        <ele>100.14</ele>
      </trkpt>
      <trkpt lat="46.74845" lon="17.24415">
        <ele>102.52</ele>
      </trkpt>
      <trkpt lat="46.74791" lon="17.24408">
        <ele>108.72</ele>
      </trkpt>
      <trkpt lat="46.74791" lon="17.24408">
        <ele>108.72</ele>
      </trkpt>
      <trkpt lat="46.74739" lon="17.24402">
        <ele>112.41</ele>
      </trkpt>
      <trkpt lat="46.74687" lon="17.24396">
        <ele>116.4</ele>
      </trkpt>
      <trkpt lat="46.74635" lon="17.2439">
        <ele>108.7</ele>
      </trkpt>
      <trkpt lat="46.74626" lon="17.24389">
        <ele>108.07</ele>
      </trkpt>
      <trkpt lat="46.74548" lon="17.24379">
        <ele>106.4</ele>
      </trkpt>
      <trkpt lat="46.74548" lon="17.24379">
        <ele>106.4</ele>
      </trkpt>
      <trkpt lat="46.74475" lon="17.2437">
        <ele>98.64</ele>
      </trkpt>
      <trkpt lat="46.74401" lon="17.24361">
        <ele>98.39</ele>
      </trkpt>
      <trkpt lat="46.74401" lon="17.24361">
        <ele>98.39</ele>
      </trkpt>
      <trkpt lat="46.74337" lon="17.24353">
        <ele>99.35</ele>
      </trkpt>
      <trkpt lat="46.74273" lon="17.24345">
        <ele>104.19</ele>
      </trkpt>
      <trkpt lat="46.74199" lon="17.24338">
        <ele>110.08</ele>
      </trkpt>
      <trkpt lat="46.74171" lon="17.24335">
        <ele>105.84</ele>
      </trkpt>
      <trkpt lat="46.74171" lon="17.24335">
        <ele>105.84</ele>
      </trkpt>
      <trkpt lat="46.74119" lon="17.24329">
        <ele>108.12</ele>
      </trkpt>
      <trkpt lat="46.7409" lon="17.24326">
        <ele>107.6</ele>
      </trkpt>
      <trkpt lat="46.74087" lon="17.24326">
        <ele>107.47</ele>
      </trkpt>
      <trkpt lat="46.7408" lon="17.24326">
        <ele>107.82</ele>
      </trkpt>
      <trkpt lat="46.74065" lon="17.24334">
        <ele>109.32</ele>
      </trkpt>
      <trkpt lat="46.74053" lon="17.24337">
        <ele>110.99</ele>
      </trkpt>
      <trkpt lat="46.73998" lon="17.24333">
        <ele>109.91</ele>
      </trkpt>
      <trkpt lat="46.73954" lon="17.24328">
        <ele>108.87</ele>
      </trkpt>
      <trkpt lat="46.73954" lon="17.24328">
        <ele>108.87</ele>
      </trkpt>
      <trkpt lat="46.73902" lon="17.24321">
        <ele>110.02</ele>
      </trkpt>
      <trkpt lat="46.73839" lon="17.24306">
        <ele>108.81</ele>
      </trkpt>
      <trkpt lat="46.73777" lon="17.24295">
        <ele>105.91</ele>
      </trkpt>
      <trkpt lat="46.73769" lon="17.24296">
        <ele>104.96</ele>
      </trkpt>
      <trkpt lat="46.73764" lon="17.24301">
        <ele>103.93</ele>
      </trkpt>
      <trkpt lat="46.73761" lon="17.24311">
        <ele>103.38</ele>
      </trkpt>
      <trkpt lat="46.73758" lon="17.24337">
        <ele>104.91</ele>
      </trkpt>
      <trkpt lat="46.73758" lon="17.24337">
        <ele>104.91</ele>
      </trkpt>
      <trkpt lat="46.73755" lon="17.24351">
        <ele>104.48</ele>
      </trkpt>
      <trkpt lat="46.7375" lon="17.2436">
        <ele>104.04</ele>
      </trkpt>
      <trkpt lat="46.73744" lon="17.24367">
        <ele>104.26</ele>
      </trkpt>
      <trkpt lat="46.73735" lon="17.2437">
        <ele>104.71</ele>
      </trkpt>
      <trkpt lat="46.73694" lon="17.24373">
        <ele>103.24</ele>
      </trkpt>
      <trkpt lat="46.7369" lon="17.24373">
        <ele>102.83</ele>
      </trkpt>
      <trkpt lat="46.73687" lon="17.24375">
        <ele>102.2</ele>
      </trkpt>
      <trkpt lat="46.73683" lon="17.24382">
        <ele>100.55</ele>
      </trkpt>
      <trkpt lat="46.73679" lon="17.24384">
        <ele>99.68</ele>
      </trkpt>
      <trkpt lat="46.73673" lon="17.24384">
        <ele>98.89</ele>
      </trkpt>
      <trkpt lat="46.73652" lon="17.24381">
        <ele>102.1</ele>
      </trkpt>
      <trkpt lat="46.73627" lon="17.24374">
        <ele>107.7</ele>
      </trkpt>
      <trkpt lat="46.73512" lon="17.24357">
        <ele>113.45</ele>
      </trkpt>
      <trkpt lat="46.73512" lon="17.24357">
        <ele>113.45</ele>
      </trkpt>
      <trkpt lat="46.73463" lon="17.2435">
        <ele>116.33</ele>
      </trkpt>
      <trkpt lat="46.73415" lon="17.24342">
        <ele>114.53</ele>
      </trkpt>
      <trkpt lat="46.73366" lon="17.24335">
        <ele>113.45</ele>
      </trkpt>
      <trkpt lat="46.73317" lon="17.24328">
        <ele>110.8</ele>
      </trkpt>
      <trkpt lat="46.73268" lon="17.24321">
        <ele>111.69</ele>
      </trkpt>
      <trkpt lat="46.7322" lon="17.24313">
        <ele>110.72</ele>
      </trkpt>
      <trkpt lat="46.73171" lon="17.24306">
        <ele>102.93</ele>
      </trkpt>
      <trkpt lat="46.73165" lon="17.24304">
        <ele>102.1</ele>
      </trkpt>
      <trkpt lat="46.73163" lon="17.24298">
        <ele>102.61</ele>
      </trkpt>
      <trkpt lat="46.73162" lon="17.2429">
        <ele>103.32</ele>
      </trkpt>
      <trkpt lat="46.73161" lon="17.24223">
        <ele>108.13</ele>
      </trkpt>
      <trkpt lat="46.73161" lon="17.2421">
        <ele>107.5</ele>
      </trkpt>
      <trkpt lat="46.73159" lon="17.24205">
        <ele>107.38</ele>
      </trkpt>
      <trkpt lat="46.73154" lon="17.24204">
        <ele>107.74</ele>
      </trkpt>
      <trkpt lat="46.73097" lon="17.24197">
        <ele>108.55</ele>
      </trkpt>
      <trkpt lat="46.73039" lon="17.2419">
        <ele>108.07</ele>
      </trkpt>
      <trkpt lat="46.73039" lon="17.2419">
        <ele>108.07</ele>
      </trkpt>
      <trkpt lat="46.72867" lon="17.2417">
        <ele>108.4</ele>
      </trkpt>
      <trkpt lat="46.72856" lon="17.24168">
        <ele>107.61</ele>
      </trkpt>
      <trkpt lat="46.72844" lon="17.2417">
        <ele>106.62</ele>
      </trkpt>
      <trkpt lat="46.72829" lon="17.24169">
        <ele>106.1</ele>
      </trkpt>
      <trkpt lat="46.72796" lon="17.2417">
        <ele>106.42</ele>
      </trkpt>
      <trkpt lat="46.72784" lon="17.24164">
        <ele>106.75</ele>
      </trkpt>
      <trkpt lat="46.7271" lon="17.24168">
        <ele>95.43</ele>
      </trkpt>
      <trkpt lat="46.7269" lon="17.24171">
        <ele>97.49</ele>
      </trkpt>
      <trkpt lat="46.72679" lon="17.24176">
        <ele>97.97</ele>
      </trkpt>
      <trkpt lat="46.72655" lon="17.24207">
        <ele>102.05</ele>
      </trkpt>
      <trkpt lat="46.72652" lon="17.24206">
        <ele>101.79</ele>
      </trkpt>
      <trkpt lat="46.72643" lon="17.24193">
        <ele>101.01</ele>
      </trkpt>
      <trkpt lat="46.72641" lon="17.2419">
        <ele>101.09</ele>
      </trkpt>
      <trkpt lat="46.72641" lon="17.24187">
        <ele>101.15</ele>
      </trkpt>
      <trkpt lat="46.72641" lon="17.24182">
        <ele>101.24</ele>
      </trkpt>
      <trkpt lat="46.72642" lon="17.24174">
        <ele>101.24</ele>
      </trkpt>
      <trkpt lat="46.72642" lon="17.24171">
        <ele>101.28</ele>
      </trkpt>
      <trkpt lat="46.72641" lon="17.24166">
        <ele>101.55</ele>
      </trkpt>
      <trkpt lat="46.72641" lon="17.24162">
        <ele>101.58</ele>
      </trkpt>
      <trkpt lat="46.7264" lon="17.24159">
        <ele>101.79</ele>
      </trkpt>
      <trkpt lat="46.72644" lon="17.24142">
        <ele>101.39</ele>
      </trkpt>
      <trkpt lat="46.72644" lon="17.24127">
        <ele>102.5</ele>
      </trkpt>
      <trkpt lat="46.72641" lon="17.24099">
        <ele>104.14</ele>
      </trkpt>
      <trkpt lat="46.72639" lon="17.2409">
        <ele>104.22</ele>
      </trkpt>
      <trkpt lat="46.72637" lon="17.24085">
        <ele>103.8</ele>
      </trkpt>
      <trkpt lat="46.72633" lon="17.24081">
        <ele>103.3</ele>
      </trkpt>
      <trkpt lat="46.72595" lon="17.24088">
        <ele>100.45</ele>
      </trkpt>
      <trkpt lat="46.72595" lon="17.24088">
        <ele>100.45</ele>
      </trkpt>
      <trkpt lat="46.72508" lon="17.24103">
        <ele>101.29</ele>
      </trkpt>
      <trkpt lat="46.72468" lon="17.24112">
        <ele>104.93</ele>
      </trkpt>
      <trkpt lat="46.72435" lon="17.24121">
        <ele>105.97</ele>
      </trkpt>
      <trkpt lat="46.72409" lon="17.24124">
        <ele>105.55</ele>
      </trkpt>
      <trkpt lat="46.72375" lon="17.24131">
        <ele>100.43</ele>
      </trkpt>
      <trkpt lat="46.72303" lon="17.24145">
        <ele>98.02</ele>
      </trkpt>
      <trkpt lat="46.72256" lon="17.24154">
        <ele>92.31</ele>
      </trkpt>
      <trkpt lat="46.72208" lon="17.24163">
        <ele>83.99</ele>
      </trkpt>
      <trkpt lat="46.72161" lon="17.24172">
        <ele>71.06</ele>
      </trkpt>
      <trkpt lat="46.72113" lon="17.24181">
        <ele>95.11</ele>
      </trkpt>
      <trkpt lat="46.72066" lon="17.2419">
        <ele>104.74</ele>
      </trkpt>
      <trkpt lat="46.71984" lon="17.24204">
        <ele>102.36</ele>
      </trkpt>
      <trkpt lat="46.71984" lon="17.24204">
        <ele>102.36</ele>
      </trkpt>
      <trkpt lat="46.71938" lon="17.24212">
        <ele>102.44</ele>
      </trkpt>
      <trkpt lat="46.71892" lon="17.2422">
        <ele>99.7</ele>
      </trkpt>
      <trkpt lat="46.71847" lon="17.24227">
        <ele>101.11</ele>
      </trkpt>
      <trkpt lat="46.71801" lon="17.24235">
        <ele>103.45</ele>
      </trkpt>
      <trkpt lat="46.71755" lon="17.24243">
        <ele>102.58</ele>
      </trkpt>
      <trkpt lat="46.71706" lon="17.24254">
        <ele>103.16</ele>
      </trkpt>
      <trkpt lat="46.71657" lon="17.24264">
        <ele>107.07</ele>
      </trkpt>
      <trkpt lat="46.7161" lon="17.24281">
        <ele>100.83</ele>
      </trkpt>
      <trkpt lat="46.71563" lon="17.24297">
        <ele>99.23</ele>
      </trkpt>
      <trkpt lat="46.71515" lon="17.24318">
        <ele>101.95</ele>
      </trkpt>
      <trkpt lat="46.71468" lon="17.24341">
        <ele>101.94</ele>
      </trkpt>
      <trkpt lat="46.71432" lon="17.24365">
        <ele>102.69</ele>
      </trkpt>
      <trkpt lat="46.7139" lon="17.24393">
        <ele>117.95</ele>
      </trkpt>
      <trkpt lat="46.71318" lon="17.24448">
        <ele>115.55</ele>
      </trkpt>
      <trkpt lat="46.71249" lon="17.24508">
        <ele>110.11</ele>
      </trkpt>
      <trkpt lat="46.71212" lon="17.24545">
        <ele>112.1</ele>
      </trkpt>
      <trkpt lat="46.7116" lon="17.24604">
        <ele>114.31</ele>
      </trkpt>
      <trkpt lat="46.7116" lon="17.24603">
        <ele>114.31</ele>
      </trkpt>
      <trkpt lat="46.71133" lon="17.24633">
        <ele>106.8</ele>
      </trkpt>
      <trkpt lat="46.71114" lon="17.24663">
        <ele>108.63</ele>
      </trkpt>
      <trkpt lat="46.71088" lon="17.24693">
        <ele>114.59</ele>
      </trkpt>
      <trkpt lat="46.71082" lon="17.24704">
        <ele>113.87</ele>
      </trkpt>
      <trkpt lat="46.71074" lon="17.24719">
        <ele>112.23</ele>
      </trkpt>
      <trkpt lat="46.71073" lon="17.24727">
        <ele>111.94</ele>
      </trkpt>
      <trkpt lat="46.71073" lon="17.24736">
        <ele>111.82</ele>
      </trkpt>
      <trkpt lat="46.71073" lon="17.24743">
        <ele>111.72</ele>
      </trkpt>
      <trkpt lat="46.71093" lon="17.24888">
        <ele>101.15</ele>
      </trkpt>
      <trkpt lat="46.71092" lon="17.24899">
        <ele>100.53</ele>
      </trkpt>
      <trkpt lat="46.7109" lon="17.24907">
        <ele>99.97</ele>
      </trkpt>
      <trkpt lat="46.71086" lon="17.24912">
        <ele>99.34</ele>
      </trkpt>
      <trkpt lat="46.7108" lon="17.24921">
        <ele>98.05</ele>
      </trkpt>
      <trkpt lat="46.71072" lon="17.2493">
        <ele>96.25</ele>
      </trkpt>
      <trkpt lat="46.71027" lon="17.24971">
        <ele>97.06</ele>
      </trkpt>
      <trkpt lat="46.70928" lon="17.25066">
        <ele>98.21</ele>
      </trkpt>
      <trkpt lat="46.70928" lon="17.25066">
        <ele>98.21</ele>
      </trkpt>
      <trkpt lat="46.70882" lon="17.2511">
        <ele>96.79</ele>
      </trkpt>
      <trkpt lat="46.70703" lon="17.25282">
        <ele>99.0</ele>
      </trkpt>
      <trkpt lat="46.70639" lon="17.25342">
        <ele>96.0</ele>
      </trkpt>
      <trkpt lat="46.70619" lon="17.25364">
        <ele>94.88</ele>
      </trkpt>
      <trkpt lat="46.70596" lon="17.25386">
        <ele>95.4</ele>
      </trkpt>
      <trkpt lat="46.70563" lon="17.25412">
        <ele>95.93</ele>
      </trkpt>
      <trkpt lat="46.7053" lon="17.25436">
        <ele>96.0</ele>
      </trkpt>
      <trkpt lat="46.7051" lon="17.25449">
        <ele>97.23</ele>
      </trkpt>
      <trkpt lat="46.70489" lon="17.2546">
        <ele>97.84</ele>
      </trkpt>
      <trkpt lat="46.70453" lon="17.25479">
        <ele>97.59</ele>
      </trkpt>
      <trkpt lat="46.70445" lon="17.25482">
        <ele>97.3</ele>
      </trkpt>
      <trkpt lat="46.70426" lon="17.25482">
        <ele>97.96</ele>
      </trkpt>
      <trkpt lat="46.70415" lon="17.25484">
        <ele>98.4</ele>
      </trkpt>
      <trkpt lat="46.70416" lon="17.25493">
        <ele>97.59</ele>
      </trkpt>
      <trkpt lat="46.70417" lon="17.25505">
        <ele>96.81</ele>
      </trkpt>
      <trkpt lat="46.7042" lon="17.25539">
        <ele>96.97</ele>
      </trkpt>
      <trkpt lat="46.70396" lon="17.25557">
        <ele>97.59</ele>
      </trkpt>
      <trkpt lat="46.70374" lon="17.25585">
        <ele>102.24</ele>
      </trkpt>
      <trkpt lat="46.7037" lon="17.25593">
        <ele>103.07</ele>
      </trkpt>
      <trkpt lat="46.7037" lon="17.25593">
        <ele>103.07</ele>
      </trkpt>
      <trkpt lat="46.70352" lon="17.2563">
        <ele>103.75</ele>
      </trkpt>
      <trkpt lat="46.70346" lon="17.25649">
        <ele>103.48</ele>
      </trkpt>
      <trkpt lat="46.70336" lon="17.25659">
        <ele>102.73</ele>
      </trkpt>
      <trkpt lat="46.70304" lon="17.25731">
        <ele>104.52</ele>
      </trkpt>
      <trkpt lat="46.70294" lon="17.25763">
        <ele>104.54</ele>
      </trkpt>
      <trkpt lat="46.70276" lon="17.25811">
        <ele>103.67</ele>
      </trkpt>
      <trkpt lat="46.70265" lon="17.2584">
        <ele>106.73</ele>
      </trkpt>
      <trkpt lat="46.70251" lon="17.25894">
        <ele>109.7</ele>
      </trkpt>
      <trkpt lat="46.70246" lon="17.25919">
        <ele>107.45</ele>
      </trkpt>
      <trkpt lat="46.70219" lon="17.26046">
        <ele>102.38</ele>
      </trkpt>
      <trkpt lat="46.70198" lon="17.26132">
        <ele>102.1</ele>
      </trkpt>
      <trkpt lat="46.70158" lon="17.26309">
        <ele>105.55</ele>
      </trkpt>
      <trkpt lat="46.70154" lon="17.26318">
        <ele>105.58</ele>
      </trkpt>
      <trkpt lat="46.70149" lon="17.26321">
        <ele>105.13</ele>
      </trkpt>
      <trkpt lat="46.70143" lon="17.26321">
        <ele>104.46</ele>
      </trkpt>
      <trkpt lat="46.70112" lon="17.26305">
        <ele>104.95</ele>
      </trkpt>
      <trkpt lat="46.70104" lon="17.26303">
        <ele>103.91</ele>
      </trkpt>
      <trkpt lat="46.70097" lon="17.26305">
        <ele>102.96</ele>
      </trkpt>
      <trkpt lat="46.70092" lon="17.2631">
        <ele>102.15</ele>
      </trkpt>
      <trkpt lat="46.70088" lon="17.26319">
        <ele>101.51</ele>
      </trkpt>
      <trkpt lat="46.70088" lon="17.26319">
        <ele>101.51</ele>
      </trkpt>
      <trkpt lat="46.70086" lon="17.26324">
        <ele>101.26</ele>
      </trkpt>
      <trkpt lat="46.70074" lon="17.26363">
        <ele>101.28</ele>
      </trkpt>
      <trkpt lat="46.70061" lon="17.26411">
        <ele>100.84</ele>
      </trkpt>
      <trkpt lat="46.7004" lon="17.26493">
        <ele>102.28</ele>
      </trkpt>
      <trkpt lat="46.70019" lon="17.26583">
        <ele>101.99</ele>
      </trkpt>
      <trkpt lat="46.69965" lon="17.26793">
        <ele>101.0</ele>
      </trkpt>
      <trkpt lat="46.69945" lon="17.26877">
        <ele>102.5</ele>
      </trkpt>
      <trkpt lat="46.69938" lon="17.26895">
        <ele>102.66</ele>
      </trkpt>
      <trkpt lat="46.69924" lon="17.26925">
        <ele>105.46</ele>
      </trkpt>
      <trkpt lat="46.69884" lon="17.2699">
        <ele>105.1</ele>
      </trkpt>
      <trkpt lat="46.69868" lon="17.2701">
        <ele>105.55</ele>
      </trkpt>
      <trkpt lat="46.69837" lon="17.27039">
        <ele>104.96</ele>
      </trkpt>
      <trkpt lat="46.69832" lon="17.27049">
        <ele>105.86</ele>
      </trkpt>
      <trkpt lat="46.6983" lon="17.27059">
        <ele>106.64</ele>
      </trkpt>
      <trkpt lat="46.69829" lon="17.2707">
        <ele>106.9</ele>
      </trkpt>
      <trkpt lat="46.69858" lon="17.27139">
        <ele>111.78</ele>
      </trkpt>
      <trkpt lat="46.69886" lon="17.27207">
        <ele>112.92</ele>
      </trkpt>
      <trkpt lat="46.69948" lon="17.27365">
        <ele>111.5</ele>
      </trkpt>
      <trkpt lat="46.70002" lon="17.27507">
        <ele>113.87</ele>
      </trkpt>
      <trkpt lat="46.70002" lon="17.27507">
        <ele>113.87</ele>
      </trkpt>
      <trkpt lat="46.70029" lon="17.27578">
        <ele>114.92</ele>
      </trkpt>
      <trkpt lat="46.70034" lon="17.27585">
        <ele>115.87</ele>
      </trkpt>
      <trkpt lat="46.70041" lon="17.2759">
        <ele>116.68</ele>
      </trkpt>
      <trkpt lat="46.70062" lon="17.27597">
        <ele>118.01</ele>
      </trkpt>
      <trkpt lat="46.70067" lon="17.27601">
        <ele>117.84</ele>
      </trkpt>
      <trkpt lat="46.70072" lon="17.27607">
        <ele>117.71</ele>
      </trkpt>
      <trkpt lat="46.70119" lon="17.27726">
        <ele>113.89</ele>
      </trkpt>
      <trkpt lat="46.70121" lon="17.27736">
        <ele>114.63</ele>
      </trkpt>
      <trkpt lat="46.70121" lon="17.27745">
        <ele>115.56</ele>
      </trkpt>
      <trkpt lat="46.70117" lon="17.27772">
        <ele>113.6</ele>
      </trkpt>
      <trkpt lat="46.70116" lon="17.27781">
        <ele>112.82</ele>
      </trkpt>
      <trkpt lat="46.70117" lon="17.2779">
        <ele>112.78</ele>
      </trkpt>
      <trkpt lat="46.70158" lon="17.27889">
        <ele>111.99</ele>
      </trkpt>
      <trkpt lat="46.70229" lon="17.2806">
        <ele>111.49</ele>
      </trkpt>
      <trkpt lat="46.7028" lon="17.28179">
        <ele>113.51</ele>
      </trkpt>
      <trkpt lat="46.70305" lon="17.28233">
        <ele>112.17</ele>
      </trkpt>
      <trkpt lat="46.70315" lon="17.28252">
        <ele>111.2</ele>
      </trkpt>
      <trkpt lat="46.70361" lon="17.28351">
        <ele>111.62</ele>
      </trkpt>
      <trkpt lat="46.70389" lon="17.28411">
        <ele>107.2</ele>
      </trkpt>
      <trkpt lat="46.70392" lon="17.28419">
        <ele>107.05</ele>
      </trkpt>
      <trkpt lat="46.70392" lon="17.28419">
        <ele>107.05</ele>
      </trkpt>
      <trkpt lat="46.70403" lon="17.28442">
        <ele>109.65</ele>
      </trkpt>
      <trkpt lat="46.70432" lon="17.2852">
        <ele>110.1</ele>
      </trkpt>
      <trkpt lat="46.70456" lon="17.2858">
        <ele>107.17</ele>
      </trkpt>
      <trkpt lat="46.70476" lon="17.28641">
        <ele>105.35</ele>
      </trkpt>
      <trkpt lat="46.70494" lon="17.28692">
        <ele>109.39</ele>
      </trkpt>
      <trkpt lat="46.7051" lon="17.28733">
        <ele>112.67</ele>
      </trkpt>
      <trkpt lat="46.70516" lon="17.28747">
        <ele>113.92</ele>
      </trkpt>
      <trkpt lat="46.7052" lon="17.2876">
        <ele>114.28</ele>
      </trkpt>
      <trkpt lat="46.70541" lon="17.2882">
        <ele>113.52</ele>
      </trkpt>
      <trkpt lat="46.70571" lon="17.28919">
        <ele>113.17</ele>
      </trkpt>
      <trkpt lat="46.70598" lon="17.29009">
        <ele>111.36</ele>
      </trkpt>
      <trkpt lat="46.70608" lon="17.29045">
        <ele>110.52</ele>
      </trkpt>
      <trkpt lat="46.70617" lon="17.29083">
        <ele>113.33</ele>
      </trkpt>
      <trkpt lat="46.70635" lon="17.29139">
        <ele>111.0</ele>
      </trkpt>
      <trkpt lat="46.70651" lon="17.29173">
        <ele>110.87</ele>
      </trkpt>
      <trkpt lat="46.7066" lon="17.29189">
        <ele>110.81</ele>
      </trkpt>
      <trkpt lat="46.70666" lon="17.29196">
        <ele>110.86</ele>
      </trkpt>
      <trkpt lat="46.70674" lon="17.29201">
        <ele>111.57</ele>
      </trkpt>
      <trkpt lat="46.70687" lon="17.29208">
        <ele>113.65</ele>
      </trkpt>
      <trkpt lat="46.70697" lon="17.29218">
        <ele>115.66</ele>
      </trkpt>
      <trkpt lat="46.70702" lon="17.29225">
        <ele>115.46</ele>
      </trkpt>
      <trkpt lat="46.7071" lon="17.29236">
        <ele>114.23</ele>
      </trkpt>
      <trkpt lat="46.70731" lon="17.29274">
        <ele>113.32</ele>
      </trkpt>
      <trkpt lat="46.70786" lon="17.29376">
        <ele>110.21</ele>
      </trkpt>
      <trkpt lat="46.70805" lon="17.29414">
        <ele>113.64</ele>
      </trkpt>
      <trkpt lat="46.70819" lon="17.2945">
        <ele>113.08</ele>
      </trkpt>
      <trkpt lat="46.70827" lon="17.29481">
        <ele>111.65</ele>
      </trkpt>
      <trkpt lat="46.70832" lon="17.29515">
        <ele>109.14</ele>
      </trkpt>
      <trkpt lat="46.70835" lon="17.29543">
        <ele>107.95</ele>
      </trkpt>
      <trkpt lat="46.70835" lon="17.29583">
        <ele>105.09</ele>
      </trkpt>
      <trkpt lat="46.70832" lon="17.29625">
        <ele>104.6</ele>
      </trkpt>
      <trkpt lat="46.70809" lon="17.29789">
        <ele>111.72</ele>
      </trkpt>
      <trkpt lat="46.70805" lon="17.29824">
        <ele>110.36</ele>
      </trkpt>
      <trkpt lat="46.70806" lon="17.29824">
        <ele>110.33</ele>
      </trkpt>
      <trkpt lat="46.708" lon="17.2987">
        <ele>112.98</ele>
      </trkpt>
      <trkpt lat="46.70797" lon="17.29904">
        <ele>113.32</ele>
      </trkpt>
      <trkpt lat="46.70798" lon="17.29934">
        <ele>111.75</ele>
      </trkpt>
      <trkpt lat="46.70801" lon="17.29956">
        <ele>110.86</ele>
      </trkpt>
      <trkpt lat="46.70817" lon="17.30012">
        <ele>110.08</ele>
      </trkpt>
      <trkpt lat="46.70822" lon="17.30024">
        <ele>110.4</ele>
      </trkpt>
      <trkpt lat="46.70819" lon="17.30046">
        <ele>109.2</ele>
      </trkpt>
      <trkpt lat="46.70819" lon="17.30057">
        <ele>108.81</ele>
      </trkpt>
      <trkpt lat="46.70821" lon="17.30065">
        <ele>109.67</ele>
      </trkpt>
      <trkpt lat="46.70845" lon="17.30121">
        <ele>115.99</ele>
      </trkpt>
      <trkpt lat="46.7085" lon="17.30133">
        <ele>117.07</ele>
      </trkpt>
      <trkpt lat="46.70863" lon="17.30166">
        <ele>117.22</ele>
      </trkpt>
      <trkpt lat="46.70868" lon="17.30179">
        <ele>117.52</ele>
      </trkpt>
      <trkpt lat="46.70902" lon="17.30247">
        <ele>121.89</ele>
      </trkpt>
      <trkpt lat="46.70965" lon="17.30392">
        <ele>123.94</ele>
      </trkpt>
      <trkpt lat="46.71003" lon="17.30478">
        <ele>116.42</ele>
      </trkpt>
      <trkpt lat="46.71018" lon="17.30514">
        <ele>114.14</ele>
      </trkpt>
      <trkpt lat="46.71029" lon="17.30542">
        <ele>111.44</ele>
      </trkpt>
      <trkpt lat="46.7104" lon="17.30573">
        <ele>109.57</ele>
      </trkpt>
      <trkpt lat="46.71071" lon="17.30663">
        <ele>111.16</ele>
      </trkpt>
      <trkpt lat="46.71108" lon="17.30767">
        <ele>116.06</ele>
      </trkpt>
      <trkpt lat="46.71123" lon="17.30807">
        <ele>121.85</ele>
      </trkpt>
      <trkpt lat="46.71123" lon="17.30807">
        <ele>121.85</ele>
      </trkpt>
      <trkpt lat="46.71137" lon="17.30845">
        <ele>122.86</ele>
      </trkpt>
      <trkpt lat="46.7116" lon="17.3091">
        <ele>116.54</ele>
      </trkpt>
      <trkpt lat="46.71182" lon="17.30971">
        <ele>115.95</ele>
      </trkpt>
      <trkpt lat="46.71221" lon="17.31074">
        <ele>115.11</ele>
      </trkpt>
      <trkpt lat="46.71247" lon="17.31143">
        <ele>114.43</ele>
      </trkpt>
      <trkpt lat="46.71267" lon="17.31195">
        <ele>112.53</ele>
      </trkpt>
      <trkpt lat="46.71284" lon="17.31238">
        <ele>109.65</ele>
      </trkpt>
      <trkpt lat="46.71296" lon="17.31271">
        <ele>108.69</ele>
      </trkpt>
      <trkpt lat="46.71319" lon="17.31334">
        <ele>108.56</ele>
      </trkpt>
      <trkpt lat="46.71344" lon="17.31427">
        <ele>110.35</ele>
      </trkpt>
      <trkpt lat="46.71391" lon="17.31594">
        <ele>117.77</ele>
      </trkpt>
      <trkpt lat="46.7141" lon="17.31664">
        <ele>113.34</ele>
      </trkpt>
      <trkpt lat="46.71412" lon="17.31683">
        <ele>112.58</ele>
      </trkpt>
      <trkpt lat="46.71415" lon="17.31704">
        <ele>112.06</ele>
      </trkpt>
      <trkpt lat="46.71416" lon="17.31723">
        <ele>112.05</ele>
      </trkpt>
      <trkpt lat="46.71419" lon="17.31791">
        <ele>112.7</ele>
      </trkpt>
      <trkpt lat="46.71418" lon="17.31798">
        <ele>112.84</ele>
      </trkpt>
      <trkpt lat="46.71425" lon="17.31888">
        <ele>112.94</ele>
      </trkpt>
      <trkpt lat="46.71429" lon="17.32011">
        <ele>110.83</ele>
      </trkpt>
      <trkpt lat="46.71434" lon="17.32119">
        <ele>109.43</ele>
      </trkpt>
      <trkpt lat="46.71434" lon="17.32184">
        <ele>109.72</ele>
      </trkpt>
      <trkpt lat="46.71432" lon="17.32219">
        <ele>109.95</ele>
      </trkpt>
      <trkpt lat="46.71431" lon="17.32256">
        <ele>110.26</ele>
      </trkpt>
      <trkpt lat="46.71429" lon="17.32373">
        <ele>108.11</ele>
      </trkpt>
      <trkpt lat="46.71427" lon="17.32494">
        <ele>109.53</ele>
      </trkpt>
      <trkpt lat="46.71427" lon="17.32496">
        <ele>109.82</ele>
      </trkpt>
      <trkpt lat="46.71426" lon="17.32569">
        <ele>120.3</ele>
      </trkpt>
      <trkpt lat="46.71424" lon="17.3268">
        <ele>115.54</ele>
      </trkpt>
      <trkpt lat="46.71416" lon="17.32679">
        <ele>116.19</ele>
      </trkpt>
      <trkpt lat="46.71416" lon="17.32679">
        <ele>116.19</ele>
      </trkpt>
      <trkpt lat="46.71424" lon="17.3268">
        <ele>115.54</ele>
      </trkpt>
      <trkpt lat="46.71423" lon="17.32723">
        <ele>110.97</ele>
      </trkpt>
      <trkpt lat="46.71422" lon="17.32792">
        <ele>109.37</ele>
      </trkpt>
      <trkpt lat="46.71422" lon="17.32901">
        <ele>112.78</ele>
      </trkpt>
      <trkpt lat="46.7142" lon="17.33013">
        <ele>113.22</ele>
      </trkpt>
      <trkpt lat="46.71421" lon="17.33056">
        <ele>110.92</ele>
      </trkpt>
      <trkpt lat="46.71421" lon="17.33121">
        <ele>110.85</ele>
      </trkpt>
      <trkpt lat="46.71417" lon="17.33231">
        <ele>114.65</ele>
      </trkpt>
      <trkpt lat="46.71415" lon="17.3334">
        <ele>110.17</ele>
      </trkpt>
      <trkpt lat="46.71414" lon="17.33453">
        <ele>113.77</ele>
      </trkpt>
      <trkpt lat="46.71413" lon="17.33481">
        <ele>116.39</ele>
      </trkpt>
      <trkpt lat="46.71413" lon="17.33481">
        <ele>116.39</ele>
      </trkpt>
      <trkpt lat="46.71413" lon="17.33519">
        <ele>117.99</ele>
      </trkpt>
      <trkpt lat="46.71412" lon="17.33573">
        <ele>114.92</ele>
      </trkpt>
      <trkpt lat="46.71408" lon="17.33744">
        <ele>111.21</ele>
      </trkpt>
      <trkpt lat="46.71408" lon="17.33767">
        <ele>111.06</ele>
      </trkpt>
      <trkpt lat="46.71408" lon="17.33882">
        <ele>109.52</ele>
      </trkpt>
      <trkpt lat="46.71405" lon="17.33954">
        <ele>111.16</ele>
      </trkpt>
      <trkpt lat="46.71405" lon="17.33992">
        <ele>110.45</ele>
      </trkpt>
      <trkpt lat="46.71403" lon="17.34032">
        <ele>110.37</ele>
      </trkpt>
      <trkpt lat="46.71393" lon="17.34095">
        <ele>109.65</ele>
      </trkpt>
      <trkpt lat="46.71379" lon="17.34184">
        <ele>112.02</ele>
      </trkpt>
      <trkpt lat="46.71359" lon="17.34303">
        <ele>123.93</ele>
      </trkpt>
      <trkpt lat="46.71347" lon="17.34379">
        <ele>120.92</ele>
      </trkpt>
      <trkpt lat="46.71337" lon="17.34445">
        <ele>108.87</ele>
      </trkpt>
      <trkpt lat="46.71325" lon="17.34495">
        <ele>109.65</ele>
      </trkpt>
      <trkpt lat="46.71286" lon="17.34612">
        <ele>107.97</ele>
      </trkpt>
      <trkpt lat="46.71258" lon="17.34693">
        <ele>111.81</ele>
      </trkpt>
      <trkpt lat="46.71257" lon="17.34695">
        <ele>111.95</ele>
      </trkpt>
      <trkpt lat="46.71254" lon="17.34695">
        <ele>112.81</ele>
      </trkpt>
      <trkpt lat="46.7125" lon="17.34693">
        <ele>114.16</ele>
      </trkpt>
      <trkpt lat="46.71245" lon="17.34689">
        <ele>115.95</ele>
      </trkpt>
      <trkpt lat="46.71243" lon="17.34689">
        <ele>116.5</ele>
      </trkpt>
      <trkpt lat="46.71241" lon="17.34692">
        <ele>116.62</ele>
      </trkpt>
      <trkpt lat="46.71216" lon="17.34765">
        <ele>111.83</ele>
      </trkpt>
      <trkpt lat="46.71183" lon="17.34868">
        <ele>114.21</ele>
      </trkpt>
      <trkpt lat="46.71119" lon="17.35064">
        <ele>119.95</ele>
      </trkpt>
      <trkpt lat="46.71067" lon="17.35218">
        <ele>117.89</ele>
      </trkpt>
      <trkpt lat="46.71039" lon="17.35297">
        <ele>125.06</ele>
      </trkpt>
      <trkpt lat="46.71015" lon="17.35366">
        <ele>119.4</ele>
      </trkpt>
      <trkpt lat="46.71015" lon="17.35366">
        <ele>119.4</ele>
      </trkpt>
      <trkpt lat="46.71002" lon="17.35403">
        <ele>112.78</ele>
      </trkpt>
      <trkpt lat="46.70983" lon="17.35461">
        <ele>113.45</ele>
      </trkpt>
      <trkpt lat="46.70963" lon="17.3552">
        <ele>115.54</ele>
      </trkpt>
      <trkpt lat="46.70943" lon="17.3558">
        <ele>101.4</ele>
      </trkpt>
      <trkpt lat="46.70923" lon="17.35639">
        <ele>115.24</ele>
      </trkpt>
      <trkpt lat="46.70898" lon="17.35717">
        <ele>109.18</ele>
      </trkpt>
      <trkpt lat="46.70873" lon="17.35794">
        <ele>106.95</ele>
      </trkpt>
      <trkpt lat="46.70845" lon="17.35873">
        <ele>103.56</ele>
      </trkpt>
      <trkpt lat="46.70835" lon="17.35905">
        <ele>103.15</ele>
      </trkpt>
      <trkpt lat="46.70809" lon="17.3589">
        <ele>102.92</ele>
      </trkpt>
      <trkpt lat="46.70805" lon="17.35889">
        <ele>103.12</ele>
      </trkpt>
      <trkpt lat="46.70801" lon="17.3589">
        <ele>104.0</ele>
      </trkpt>
      <trkpt lat="46.70798" lon="17.35893">
        <ele>104.62</ele>
      </trkpt>
      <trkpt lat="46.70795" lon="17.35897">
        <ele>105.13</ele>
      </trkpt>
      <trkpt lat="46.70776" lon="17.35967">
        <ele>107.23</ele>
      </trkpt>
      <trkpt lat="46.70758" lon="17.36036">
        <ele>107.7</ele>
      </trkpt>
      <trkpt lat="46.70739" lon="17.36106">
        <ele>110.5</ele>
      </trkpt>
      <trkpt lat="46.7072" lon="17.36175">
        <ele>112.1</ele>
      </trkpt>
      <trkpt lat="46.70702" lon="17.36245">
        <ele>114.72</ele>
      </trkpt>
      <trkpt lat="46.70683" lon="17.36314">
        <ele>111.94</ele>
      </trkpt>
      <trkpt lat="46.70671" lon="17.36356">
        <ele>115.66</ele>
      </trkpt>
      <trkpt lat="46.70651" lon="17.36435">
        <ele>113.77</ele>
      </trkpt>
      <trkpt lat="46.70645" lon="17.36454">
        <ele>112.32</ele>
      </trkpt>
      <trkpt lat="46.70629" lon="17.36516">
        <ele>110.85</ele>
      </trkpt>
      <trkpt lat="46.70613" lon="17.36578">
        <ele>105.38</ele>
      </trkpt>
      <trkpt lat="46.70596" lon="17.36639">
        <ele>102.64</ele>
      </trkpt>
      <trkpt lat="46.7058" lon="17.36701">
        <ele>111.1</ele>
      </trkpt>
      <trkpt lat="46.70575" lon="17.36737">
        <ele>114.57</ele>
      </trkpt>
      <trkpt lat="46.70575" lon="17.36737">
        <ele>114.57</ele>
      </trkpt>
      <trkpt lat="46.70573" lon="17.36758">
        <ele>114.14</ele>
      </trkpt>
      <trkpt lat="46.70571" lon="17.36814">
        <ele>110.46</ele>
      </trkpt>
      <trkpt lat="46.70569" lon="17.36875">
        <ele>111.21</ele>
      </trkpt>
      <trkpt lat="46.70566" lon="17.36957">
        <ele>111.8</ele>
      </trkpt>
      <trkpt lat="46.70565" lon="17.36984">
        <ele>109.26</ele>
      </trkpt>
      <trkpt lat="46.70563" lon="17.37029">
        <ele>111.87</ele>
      </trkpt>
      <trkpt lat="46.70562" lon="17.37042">
        <ele>111.66</ele>
      </trkpt>
      <trkpt lat="46.70575" lon="17.37041">
        <ele>114.04</ele>
      </trkpt>
      <trkpt lat="46.7058" lon="17.37063">
        <ele>112.93</ele>
      </trkpt>
      <trkpt lat="46.70614" lon="17.3706">
        <ele>117.35</ele>
      </trkpt>
      <trkpt lat="46.70626" lon="17.37059">
        <ele>118.12</ele>
      </trkpt>
      <trkpt lat="46.70648" lon="17.37047">
        <ele>116.6</ele>
      </trkpt>
      <trkpt lat="46.7066" lon="17.37074">
        <ele>117.67</ele>
      </trkpt>
      <trkpt lat="46.70672" lon="17.3708">
        <ele>118.1</ele>
      </trkpt>
      <trkpt lat="46.70686" lon="17.37081">
        <ele>118.67</ele>
      </trkpt>
      <trkpt lat="46.70664" lon="17.37145">
        <ele>121.43</ele>
      </trkpt>
      <trkpt lat="46.70604" lon="17.37112">
        <ele>113.25</ele>
      </trkpt>
      <trkpt lat="46.70567" lon="17.37088">
        <ele>110.9</ele>
      </trkpt>
      <trkpt lat="46.70559" lon="17.37085">
        <ele>110.95</ele>
      </trkpt>
      <trkpt lat="46.70558" lon="17.37085">
        <ele>110.95</ele>
      </trkpt>
      <trkpt lat="46.70558" lon="17.37091">
        <ele>110.75</ele>
      </trkpt>
      <trkpt lat="46.70555" lon="17.37121">
        <ele>109.99</ele>
      </trkpt>
      <trkpt lat="46.70552" lon="17.37157">
        <ele>111.35</ele>
      </trkpt>
      <trkpt lat="46.70549" lon="17.37179">
        <ele>111.56</ele>
      </trkpt>
      <trkpt lat="46.70546" lon="17.37212">
        <ele>110.78</ele>
      </trkpt>
      <trkpt lat="46.70546" lon="17.37212">
        <ele>110.78</ele>
      </trkpt>
      <trkpt lat="46.70541" lon="17.37252">
        <ele>109.95</ele>
      </trkpt>
      <trkpt lat="46.70532" lon="17.37319">
        <ele>108.76</ele>
      </trkpt>
      <trkpt lat="46.70532" lon="17.37319">
        <ele>108.76</ele>
      </trkpt>
      <trkpt lat="46.70529" lon="17.37344">
        <ele>108.2</ele>
      </trkpt>
      <trkpt lat="46.7052" lon="17.37408">
        <ele>105.13</ele>
      </trkpt>
      <trkpt lat="46.70508" lon="17.37501">
        <ele>106.61</ele>
      </trkpt>
      <trkpt lat="46.70495" lon="17.37604">
        <ele>107.82</ele>
      </trkpt>
      <trkpt lat="46.70495" lon="17.37604">
        <ele>107.82</ele>
      </trkpt>
      <trkpt lat="46.70483" lon="17.37702">
        <ele>106.0</ele>
      </trkpt>
      <trkpt lat="46.7047" lon="17.37808">
        <ele>106.77</ele>
      </trkpt>
      <trkpt lat="46.70463" lon="17.37877">
        <ele>107.24</ele>
      </trkpt>
      <trkpt lat="46.70463" lon="17.37877">
        <ele>107.24</ele>
      </trkpt>
      <trkpt lat="46.70461" lon="17.37901">
        <ele>108.12</ele>
      </trkpt>
      <trkpt lat="46.70447" lon="17.38012">
        <ele>110.58</ele>
      </trkpt>
      <trkpt lat="46.70445" lon="17.38027">
        <ele>110.99</ele>
      </trkpt>
      <trkpt lat="46.70442" lon="17.3806">
        <ele>109.72</ele>
      </trkpt>
      <trkpt lat="46.70439" lon="17.38098">
        <ele>108.98</ele>
      </trkpt>
      <trkpt lat="46.70439" lon="17.38103">
        <ele>108.84</ele>
      </trkpt>
      <trkpt lat="46.70438" lon="17.38108">
        <ele>108.64</ele>
      </trkpt>
      <trkpt lat="46.70434" lon="17.38144">
        <ele>106.36</ele>
      </trkpt>
      <trkpt lat="46.70434" lon="17.3815">
        <ele>105.9</ele>
      </trkpt>
      <trkpt lat="46.70433" lon="17.38162">
        <ele>104.96</ele>
      </trkpt>
      <trkpt lat="46.70433" lon="17.38162">
        <ele>104.96</ele>
      </trkpt>
      <trkpt lat="46.70446" lon="17.38163">
        <ele>104.99</ele>
      </trkpt>
      <trkpt lat="46.70527" lon="17.38176">
        <ele>100.27</ele>
      </trkpt>
      <trkpt lat="46.70526" lon="17.38183">
        <ele>99.7</ele>
      </trkpt>
      <trkpt lat="46.70524" lon="17.38204">
        <ele>100.2</ele>
      </trkpt>
      <trkpt lat="46.70524" lon="17.38204">
        <ele>100.2</ele>
      </trkpt>
      <trkpt lat="46.70519" lon="17.38251">
        <ele>111.84</ele>
      </trkpt>
      <trkpt lat="46.70519" lon="17.38258">
        <ele>111.08</ele>
      </trkpt>
      <trkpt lat="46.70514" lon="17.38308">
        <ele>109.54</ele>
      </trkpt>
      <trkpt lat="46.70507" lon="17.38378">
        <ele>110.04</ele>
      </trkpt>
      <trkpt lat="46.70504" lon="17.38424">
        <ele>110.86</ele>
      </trkpt>
      <trkpt lat="46.70495" lon="17.38537">
        <ele>109.02</ele>
      </trkpt>
      <trkpt lat="46.70489" lon="17.38609">
        <ele>111.23</ele>
      </trkpt>
      <trkpt lat="46.70485" lon="17.38657">
        <ele>107.64</ele>
      </trkpt>
      <trkpt lat="46.70481" lon="17.38703">
        <ele>107.31</ele>
      </trkpt>
      <trkpt lat="46.70477" lon="17.38751">
        <ele>109.03</ele>
      </trkpt>
      <trkpt lat="46.70473" lon="17.38796">
        <ele>110.57</ele>
      </trkpt>
      <trkpt lat="46.70469" lon="17.38841">
        <ele>109.97</ele>
      </trkpt>
      <trkpt lat="46.70467" lon="17.38867">
        <ele>109.22</ele>
      </trkpt>
      <trkpt lat="46.7046" lon="17.3894">
        <ele>104.37</ele>
      </trkpt>
      <trkpt lat="46.70454" lon="17.39004">
        <ele>107.71</ele>
      </trkpt>
      <trkpt lat="46.70446" lon="17.39097">
        <ele>108.6</ele>
      </trkpt>
      <trkpt lat="46.70445" lon="17.39105">
        <ele>108.81</ele>
      </trkpt>
      <trkpt lat="46.70446" lon="17.39112">
        <ele>109.09</ele>
      </trkpt>
      <trkpt lat="46.70448" lon="17.39118">
        <ele>109.34</ele>
      </trkpt>
      <trkpt lat="46.70448" lon="17.39124">
        <ele>109.53</ele>
      </trkpt>
      <trkpt lat="46.70448" lon="17.39134">
        <ele>109.85</ele>
      </trkpt>
      <trkpt lat="46.70444" lon="17.39185">
        <ele>108.63</ele>
      </trkpt>
      <trkpt lat="46.70444" lon="17.39185">
        <ele>108.63</ele>
      </trkpt>
      <trkpt lat="46.70441" lon="17.39232">
        <ele>107.41</ele>
      </trkpt>
      <trkpt lat="46.70436" lon="17.39317">
        <ele>106.89</ele>
      </trkpt>
      <trkpt lat="46.70431" lon="17.39402">
        <ele>102.26</ele>
      </trkpt>
      <trkpt lat="46.70412" lon="17.39403">
        <ele>101.51</ele>
      </trkpt>
      <trkpt lat="46.70409" lon="17.39498">
        <ele>111.27</ele>
      </trkpt>
      <trkpt lat="46.70405" lon="17.39593">
        <ele>110.47</ele>
      </trkpt>
      <trkpt lat="46.70403" lon="17.39661">
        <ele>111.08</ele>
      </trkpt>
      <trkpt lat="46.70401" lon="17.39728">
        <ele>110.57</ele>
      </trkpt>
      <trkpt lat="46.70398" lon="17.39802">
        <ele>109.59</ele>
      </trkpt>
      <trkpt lat="46.70396" lon="17.39876">
        <ele>109.86</ele>
      </trkpt>
      <trkpt lat="46.70393" lon="17.3995">
        <ele>108.28</ele>
      </trkpt>
      <trkpt lat="46.70391" lon="17.40024">
        <ele>111.09</ele>
      </trkpt>
      <trkpt lat="46.70388" lon="17.40098">
        <ele>109.95</ele>
      </trkpt>
      <trkpt lat="46.70388" lon="17.40098">
        <ele>109.95</ele>
      </trkpt>
      <trkpt lat="46.70388" lon="17.40115">
        <ele>109.94</ele>
      </trkpt>
      <trkpt lat="46.70386" lon="17.40186">
        <ele>110.84</ele>
      </trkpt>
      <trkpt lat="46.70383" lon="17.40258">
        <ele>115.36</ele>
      </trkpt>
      <trkpt lat="46.70381" lon="17.40329">
        <ele>114.31</ele>
      </trkpt>
      <trkpt lat="46.70379" lon="17.404">
        <ele>113.49</ele>
      </trkpt>
      <trkpt lat="46.70376" lon="17.40472">
        <ele>108.62</ele>
      </trkpt>
      <trkpt lat="46.70374" lon="17.40543">
        <ele>109.72</ele>
      </trkpt>
      <trkpt lat="46.70371" lon="17.40614">
        <ele>104.29</ele>
      </trkpt>
      <trkpt lat="46.70369" lon="17.40685">
        <ele>106.92</ele>
      </trkpt>
      <trkpt lat="46.70366" lon="17.40756">
        <ele>109.86</ele>
      </trkpt>
      <trkpt lat="46.70364" lon="17.40827">
        <ele>112.75</ele>
      </trkpt>
      <trkpt lat="46.70361" lon="17.40898">
        <ele>107.67</ele>
      </trkpt>
      <trkpt lat="46.70359" lon="17.40969">
        <ele>108.95</ele>
      </trkpt>
      <trkpt lat="46.70356" lon="17.4104">
        <ele>109.92</ele>
      </trkpt>
      <trkpt lat="46.7036" lon="17.41089">
        <ele>109.95</ele>
      </trkpt>
      <trkpt lat="46.7036" lon="17.41089">
        <ele>109.95</ele>
      </trkpt>
      <trkpt lat="46.70367" lon="17.41166">
        <ele>110.98</ele>
      </trkpt>
      <trkpt lat="46.70369" lon="17.41223">
        <ele>109.11</ele>
      </trkpt>
      <trkpt lat="46.7037" lon="17.41228">
        <ele>108.77</ele>
      </trkpt>
      <trkpt lat="46.70378" lon="17.41294">
        <ele>106.91</ele>
      </trkpt>
      <trkpt lat="46.70386" lon="17.4136">
        <ele>107.86</ele>
      </trkpt>
      <trkpt lat="46.70392" lon="17.41428">
        <ele>113.76</ele>
      </trkpt>
      <trkpt lat="46.70397" lon="17.41496">
        <ele>115.08</ele>
      </trkpt>
      <trkpt lat="46.70403" lon="17.41564">
        <ele>112.22</ele>
      </trkpt>
      <trkpt lat="46.70409" lon="17.41631">
        <ele>113.69</ele>
      </trkpt>
      <trkpt lat="46.70415" lon="17.41699">
        <ele>111.63</ele>
      </trkpt>
      <trkpt lat="46.7042" lon="17.41767">
        <ele>109.19</ele>
      </trkpt>
      <trkpt lat="46.70426" lon="17.41835">
        <ele>107.77</ele>
      </trkpt>
      <trkpt lat="46.70432" lon="17.41912">
        <ele>112.49</ele>
      </trkpt>
      <trkpt lat="46.70439" lon="17.41989">
        <ele>111.4</ele>
      </trkpt>
      <trkpt lat="46.70445" lon="17.42066">
        <ele>103.66</ele>
      </trkpt>
      <trkpt lat="46.70451" lon="17.42135">
        <ele>109.25</ele>
      </trkpt>
      <trkpt lat="46.70457" lon="17.42205">
        <ele>106.96</ele>
      </trkpt>
      <trkpt lat="46.70464" lon="17.42274">
        <ele>107.31</ele>
      </trkpt>
      <trkpt lat="46.7047" lon="17.42343">
        <ele>109.59</ele>
      </trkpt>
      <trkpt lat="46.70476" lon="17.42413">
        <ele>110.3</ele>
      </trkpt>
      <trkpt lat="46.70482" lon="17.42482">
        <ele>113.19</ele>
      </trkpt>
      <trkpt lat="46.70482" lon="17.42482">
        <ele>113.19</ele>
      </trkpt>
      <trkpt lat="46.70488" lon="17.42552">
        <ele>110.7</ele>
      </trkpt>
      <trkpt lat="46.70494" lon="17.42622">
        <ele>107.95</ele>
      </trkpt>
      <trkpt lat="46.70499" lon="17.42692">
        <ele>109.0</ele>
      </trkpt>
      <trkpt lat="46.70505" lon="17.42762">
        <ele>109.28</ele>
      </trkpt>
      <trkpt lat="46.70512" lon="17.42842">
        <ele>107.92</ele>
      </trkpt>
      <trkpt lat="46.70518" lon="17.42922">
        <ele>111.1</ele>
      </trkpt>
      <trkpt lat="46.70522" lon="17.42979">
        <ele>109.96</ele>
      </trkpt>
      <trkpt lat="46.70528" lon="17.43049">
        <ele>109.75</ele>
      </trkpt>
      <trkpt lat="46.70533" lon="17.43119">
        <ele>107.81</ele>
      </trkpt>
      <trkpt lat="46.70539" lon="17.43189">
        <ele>108.4</ele>
      </trkpt>
      <trkpt lat="46.70545" lon="17.43259">
        <ele>109.5</ele>
      </trkpt>
      <trkpt lat="46.7055" lon="17.43329">
        <ele>109.68</ele>
      </trkpt>
      <trkpt lat="46.70556" lon="17.43399">
        <ele>112.89</ele>
      </trkpt>
      <trkpt lat="46.70587" lon="17.43398">
        <ele>106.43</ele>
      </trkpt>
      <trkpt lat="46.70598" lon="17.43502">
        <ele>106.73</ele>
      </trkpt>
      <trkpt lat="46.70547" lon="17.43503">
        <ele>114.51</ele>
      </trkpt>
      <trkpt lat="46.70547" lon="17.43502">
        <ele>114.52</ele>
      </trkpt>
      <trkpt lat="46.70551" lon="17.43541">
        <ele>112.56</ele>
      </trkpt>
      <trkpt lat="46.70552" lon="17.43545">
        <ele>112.26</ele>
      </trkpt>
      <trkpt lat="46.70552" lon="17.43545">
        <ele>112.26</ele>
      </trkpt>
      <trkpt lat="46.70568" lon="17.43629">
        <ele>115.71</ele>
      </trkpt>
      <trkpt lat="46.70584" lon="17.43713">
        <ele>113.41</ele>
      </trkpt>
      <trkpt lat="46.706" lon="17.43797">
        <ele>116.12</ele>
      </trkpt>
      <trkpt lat="46.70608" lon="17.4383">
        <ele>113.36</ele>
      </trkpt>
      <trkpt lat="46.70625" lon="17.43905">
        <ele>111.5</ele>
      </trkpt>
      <trkpt lat="46.70643" lon="17.43979">
        <ele>115.58</ele>
      </trkpt>
      <trkpt lat="46.7066" lon="17.44054">
        <ele>116.27</ele>
      </trkpt>
      <trkpt lat="46.70675" lon="17.44116">
        <ele>117.2</ele>
      </trkpt>
      <trkpt lat="46.7069" lon="17.44179">
        <ele>119.74</ele>
      </trkpt>
      <trkpt lat="46.70705" lon="17.44241">
        <ele>110.35</ele>
      </trkpt>
      <trkpt lat="46.70717" lon="17.44299">
        <ele>109.65</ele>
      </trkpt>
      <trkpt lat="46.70717" lon="17.44299">
        <ele>109.65</ele>
      </trkpt>
      <trkpt lat="46.7074" lon="17.44417">
        <ele>112.09</ele>
      </trkpt>
      <trkpt lat="46.70752" lon="17.44492">
        <ele>112.69</ele>
      </trkpt>
      <trkpt lat="46.70765" lon="17.44568">
        <ele>106.83</ele>
      </trkpt>
      <trkpt lat="46.70777" lon="17.44643">
        <ele>109.71</ele>
      </trkpt>
      <trkpt lat="46.70789" lon="17.44718">
        <ele>110.97</ele>
      </trkpt>
      <trkpt lat="46.708" lon="17.44785">
        <ele>113.67</ele>
      </trkpt>
      <trkpt lat="46.70811" lon="17.44852">
        <ele>110.86</ele>
      </trkpt>
      <trkpt lat="46.70814" lon="17.44881">
        <ele>110.78</ele>
      </trkpt>
      <trkpt lat="46.70823" lon="17.44944">
        <ele>114.59</ele>
      </trkpt>
      <trkpt lat="46.7083" lon="17.45004">
        <ele>115.1</ele>
      </trkpt>
      <trkpt lat="46.70832" lon="17.45015">
        <ele>115.16</ele>
      </trkpt>
      <trkpt lat="46.70832" lon="17.45015">
        <ele>115.16</ele>
      </trkpt>
      <trkpt lat="46.70838" lon="17.45067">
        <ele>114.08</ele>
      </trkpt>
      <trkpt lat="46.70846" lon="17.45123">
        <ele>112.42</ele>
      </trkpt>
      <trkpt lat="46.70854" lon="17.45187">
        <ele>114.37</ele>
      </trkpt>
      <trkpt lat="46.70864" lon="17.45267">
        <ele>113.32</ele>
      </trkpt>
      <trkpt lat="46.70874" lon="17.4534">
        <ele>115.65</ele>
      </trkpt>
      <trkpt lat="46.70875" lon="17.45357">
        <ele>115.93</ele>
      </trkpt>
      <trkpt lat="46.70875" lon="17.45374">
        <ele>116.23</ele>
      </trkpt>
      <trkpt lat="46.70872" lon="17.45388">
        <ele>116.59</ele>
      </trkpt>
      <trkpt lat="46.7087" lon="17.45394">
        <ele>116.87</ele>
      </trkpt>
      <trkpt lat="46.70869" lon="17.45399">
        <ele>117.13</ele>
      </trkpt>
      <trkpt lat="46.70865" lon="17.45407">
        <ele>117.89</ele>
      </trkpt>
      <trkpt lat="46.70863" lon="17.45413">
        <ele>118.49</ele>
      </trkpt>
      <trkpt lat="46.70861" lon="17.45418">
        <ele>119.04</ele>
      </trkpt>
      <trkpt lat="46.70854" lon="17.45439">
        <ele>118.83</ele>
      </trkpt>
      <trkpt lat="46.70849" lon="17.45454">
        <ele>118.06</ele>
      </trkpt>
      <trkpt lat="46.70846" lon="17.45469">
        <ele>117.42</ele>
      </trkpt>
      <trkpt lat="46.70847" lon="17.45488">
        <ele>118.91</ele>
      </trkpt>
      <trkpt lat="46.70856" lon="17.45532">
        <ele>121.17</ele>
      </trkpt>
      <trkpt lat="46.70858" lon="17.45544">
        <ele>122.43</ele>
      </trkpt>
      <trkpt lat="46.70864" lon="17.45573">
        <ele>121.31</ele>
      </trkpt>
      <trkpt lat="46.70864" lon="17.45573">
        <ele>121.31</ele>
      </trkpt>
      <trkpt lat="46.70876" lon="17.45639">
        <ele>124.13</ele>
      </trkpt>
      <trkpt lat="46.70888" lon="17.45705">
        <ele>120.14</ele>
      </trkpt>
      <trkpt lat="46.70901" lon="17.4577">
        <ele>118.16</ele>
      </trkpt>
      <trkpt lat="46.70913" lon="17.45836">
        <ele>116.9</ele>
      </trkpt>
      <trkpt lat="46.70925" lon="17.45902">
        <ele>115.14</ele>
      </trkpt>
      <trkpt lat="46.70939" lon="17.45974">
        <ele>115.51</ele>
      </trkpt>
      <trkpt lat="46.70952" lon="17.4605">
        <ele>108.55</ele>
      </trkpt>
      <trkpt lat="46.70957" lon="17.46078">
        <ele>106.38</ele>
      </trkpt>
      <trkpt lat="46.70968" lon="17.46137">
        <ele>106.79</ele>
      </trkpt>
      <trkpt lat="46.70983" lon="17.46221">
        <ele>111.67</ele>
      </trkpt>
      <trkpt lat="46.71002" lon="17.46327">
        <ele>112.8</ele>
      </trkpt>
      <trkpt lat="46.71003" lon="17.46333">
        <ele>111.2</ele>
      </trkpt>
      <trkpt lat="46.71015" lon="17.46398">
        <ele>113.04</ele>
      </trkpt>
      <trkpt lat="46.71026" lon="17.46458">
        <ele>114.32</ele>
      </trkpt>
      <trkpt lat="46.71038" lon="17.46527">
        <ele>112.28</ele>
      </trkpt>
      <trkpt lat="46.71053" lon="17.46606">
        <ele>111.37</ele>
      </trkpt>
      <trkpt lat="46.71066" lon="17.46676">
        <ele>112.88</ele>
      </trkpt>
      <trkpt lat="46.71081" lon="17.46754">
        <ele>115.95</ele>
      </trkpt>
      <trkpt lat="46.71093" lon="17.46824">
        <ele>112.35</ele>
      </trkpt>
      <trkpt lat="46.71093" lon="17.46824">
        <ele>112.35</ele>
      </trkpt>
      <trkpt lat="46.71107" lon="17.46895">
        <ele>110.63</ele>
      </trkpt>
      <trkpt lat="46.71113" lon="17.46933">
        <ele>113.83</ele>
      </trkpt>
      <trkpt lat="46.71122" lon="17.46982">
        <ele>114.37</ele>
      </trkpt>
      <trkpt lat="46.71135" lon="17.47051">
        <ele>112.49</ele>
      </trkpt>
      <trkpt lat="46.71158" lon="17.47182">
        <ele>112.25</ele>
      </trkpt>
      <trkpt lat="46.71163" lon="17.47208">
        <ele>113.22</ele>
      </trkpt>
      <trkpt lat="46.71175" lon="17.47271">
        <ele>116.29</ele>
      </trkpt>
      <trkpt lat="46.71189" lon="17.47346">
        <ele>110.66</ele>
      </trkpt>
      <trkpt lat="46.71204" lon="17.47425">
        <ele>108.81</ele>
      </trkpt>
      <trkpt lat="46.71211" lon="17.47467">
        <ele>110.84</ele>
      </trkpt>
      <trkpt lat="46.71211" lon="17.47467">
        <ele>110.84</ele>
      </trkpt>
      <trkpt lat="46.71223" lon="17.47534">
        <ele>112.48</ele>
      </trkpt>
      <trkpt lat="46.7124" lon="17.47627">
        <ele>114.45</ele>
      </trkpt>
      <trkpt lat="46.7124" lon="17.47629">
        <ele>114.68</ele>
      </trkpt>
      <trkpt lat="46.71251" lon="17.47695">
        <ele>102.14</ele>
      </trkpt>
      <trkpt lat="46.71308" lon="17.47676">
        <ele>107.43</ele>
      </trkpt>
      <trkpt lat="46.71357" lon="17.4766">
        <ele>109.08</ele>
      </trkpt>
      <trkpt lat="46.7137" lon="17.47647">
        <ele>108.6</ele>
      </trkpt>
      <trkpt lat="46.71375" lon="17.47657">
        <ele>109.0</ele>
      </trkpt>
      <trkpt lat="46.71381" lon="17.47654">
        <ele>109.16</ele>
      </trkpt>
      <trkpt lat="46.71385" lon="17.47676">
        <ele>106.46</ele>
      </trkpt>
      <trkpt lat="46.71392" lon="17.47674">
        <ele>106.57</ele>
      </trkpt>
      <trkpt lat="46.71438" lon="17.47659">
        <ele>108.22</ele>
      </trkpt>
      <trkpt lat="46.71462" lon="17.47752">
        <ele>108.0</ele>
      </trkpt>
      <trkpt lat="46.71463" lon="17.47757">
        <ele>108.0</ele>
      </trkpt>
      <trkpt lat="46.71469" lon="17.4778">
        <ele>108.16</ele>
      </trkpt>
      <trkpt lat="46.71467" lon="17.47782">
        <ele>108.3</ele>
      </trkpt>
      <trkpt lat="46.71469" lon="17.4778">
        <ele>108.16</ele>
      </trkpt>
      <trkpt lat="46.71499" lon="17.47894">
        <ele>117.93</ele>
      </trkpt>
      <trkpt lat="46.7152" lon="17.47973">
        <ele>110.75</ele>
      </trkpt>
      <trkpt lat="46.71538" lon="17.48042">
        <ele>109.54</ele>
      </trkpt>
      <trkpt lat="46.71548" lon="17.48082">
        <ele>109.93</ele>
      </trkpt>
      <trkpt lat="46.71543" lon="17.48085">
        <ele>109.13</ele>
      </trkpt>
      <trkpt lat="46.7154" lon="17.48092">
        <ele>108.45</ele>
      </trkpt>
      <trkpt lat="46.7154" lon="17.481">
        <ele>108.16</ele>
      </trkpt>
      <trkpt lat="46.7154" lon="17.48108">
        <ele>107.87</ele>
      </trkpt>
      <trkpt lat="46.71542" lon="17.48115">
        <ele>107.98</ele>
      </trkpt>
      <trkpt lat="46.71544" lon="17.4812">
        <ele>108.2</ele>
      </trkpt>
      <trkpt lat="46.71547" lon="17.48124">
        <ele>108.63</ele>
      </trkpt>
      <trkpt lat="46.7155" lon="17.48127">
        <ele>109.09</ele>
      </trkpt>
      <trkpt lat="46.71562" lon="17.48138">
        <ele>110.22</ele>
      </trkpt>
      <trkpt lat="46.71576" lon="17.48193">
        <ele>110.51</ele>
      </trkpt>
      <trkpt lat="46.71597" lon="17.48272">
        <ele>109.86</ele>
      </trkpt>
      <trkpt lat="46.71597" lon="17.48272">
        <ele>109.86</ele>
      </trkpt>
      <trkpt lat="46.71616" lon="17.48352">
        <ele>112.07</ele>
      </trkpt>
      <trkpt lat="46.71634" lon="17.48415">
        <ele>110.73</ele>
      </trkpt>
      <trkpt lat="46.71648" lon="17.48463">
        <ele>112.87</ele>
      </trkpt>
      <trkpt lat="46.71646" lon="17.48469">
        <ele>112.7</ele>
      </trkpt>
      <trkpt lat="46.71642" lon="17.48474">
        <ele>111.66</ele>
      </trkpt>
      <trkpt lat="46.7164" lon="17.48482">
        <ele>110.58</ele>
      </trkpt>
      <trkpt lat="46.71641" lon="17.48492">
        <ele>110.11</ele>
      </trkpt>
      <trkpt lat="46.71644" lon="17.48498">
        <ele>110.43</ele>
      </trkpt>
      <trkpt lat="46.71647" lon="17.48503">
        <ele>110.9</ele>
      </trkpt>
      <trkpt lat="46.71651" lon="17.48505">
        <ele>111.79</ele>
      </trkpt>
      <trkpt lat="46.71653" lon="17.48506">
        <ele>112.23</ele>
      </trkpt>
      <trkpt lat="46.71655" lon="17.48508">
        <ele>112.6</ele>
      </trkpt>
      <trkpt lat="46.71658" lon="17.48514">
        <ele>112.97</ele>
      </trkpt>
      <trkpt lat="46.7168" lon="17.48598">
        <ele>111.42</ele>
      </trkpt>
      <trkpt lat="46.71701" lon="17.48677">
        <ele>112.78</ele>
      </trkpt>
      <trkpt lat="46.71721" lon="17.48756">
        <ele>109.75</ele>
      </trkpt>
      <trkpt lat="46.71722" lon="17.48758">
        <ele>109.71</ele>
      </trkpt>
      <trkpt lat="46.71676" lon="17.48797">
        <ele>109.25</ele>
      </trkpt>
      <trkpt lat="46.71631" lon="17.48832">
        <ele>116.36</ele>
      </trkpt>
      <trkpt lat="46.71589" lon="17.48866">
        <ele>107.74</ele>
      </trkpt>
      <trkpt lat="46.71551" lon="17.48898">
        <ele>110.27</ele>
      </trkpt>
      <trkpt lat="46.71537" lon="17.48909">
        <ele>110.24</ele>
      </trkpt>
      <trkpt lat="46.71491" lon="17.48947">
        <ele>112.97</ele>
      </trkpt>
      <trkpt lat="46.71498" lon="17.48981">
        <ele>112.61</ele>
      </trkpt>
      <trkpt lat="46.71501" lon="17.48999">
        <ele>112.0</ele>
      </trkpt>
      <trkpt lat="46.71515" lon="17.49079">
        <ele>111.99</ele>
      </trkpt>
      <trkpt lat="46.71515" lon="17.49092">
        <ele>112.17</ele>
      </trkpt>
      <trkpt lat="46.71512" lon="17.49115">
        <ele>112.29</ele>
      </trkpt>
      <trkpt lat="46.71512" lon="17.49134">
        <ele>111.61</ele>
      </trkpt>
      <trkpt lat="46.71514" lon="17.49141">
        <ele>111.43</ele>
      </trkpt>
      <trkpt lat="46.71514" lon="17.49141">
        <ele>111.43</ele>
      </trkpt>
      <trkpt lat="46.71547" lon="17.49287">
        <ele>111.54</ele>
      </trkpt>
      <trkpt lat="46.71557" lon="17.49333">
        <ele>112.99</ele>
      </trkpt>
      <trkpt lat="46.71583" lon="17.49434">
        <ele>115.66</ele>
      </trkpt>
      <trkpt lat="46.71612" lon="17.49528">
        <ele>113.06</ele>
      </trkpt>
      <trkpt lat="46.71616" lon="17.4954">
        <ele>112.91</ele>
      </trkpt>
      <trkpt lat="46.71616" lon="17.4954">
        <ele>112.91</ele>
      </trkpt>
      <trkpt lat="46.71627" lon="17.49567">
        <ele>112.97</ele>
      </trkpt>
      <trkpt lat="46.71656" lon="17.49608">
        <ele>114.07</ele>
      </trkpt>
      <trkpt lat="46.71691" lon="17.49654">
        <ele>109.09</ele>
      </trkpt>
      <trkpt lat="46.71697" lon="17.49664">
        <ele>108.36</ele>
      </trkpt>
      <trkpt lat="46.71703" lon="17.49677">
        <ele>108.76</ele>
      </trkpt>
      <trkpt lat="46.71706" lon="17.49684">
        <ele>108.94</ele>
      </trkpt>
      <trkpt lat="46.71707" lon="17.49689">
        <ele>108.98</ele>
      </trkpt>
      <trkpt lat="46.71707" lon="17.49695">
        <ele>109.01</ele>
      </trkpt>
      <trkpt lat="46.71708" lon="17.497">
        <ele>109.1</ele>
      </trkpt>
      <trkpt lat="46.71708" lon="17.49712">
        <ele>109.31</ele>
      </trkpt>
      <trkpt lat="46.71708" lon="17.49769">
        <ele>110.52</ele>
      </trkpt>
      <trkpt lat="46.71708" lon="17.49778">
        <ele>111.0</ele>
      </trkpt>
      <trkpt lat="46.71709" lon="17.49786">
        <ele>111.14</ele>
      </trkpt>
      <trkpt lat="46.71711" lon="17.49792">
        <ele>111.21</ele>
      </trkpt>
      <trkpt lat="46.71717" lon="17.49806">
        <ele>111.16</ele>
      </trkpt>
      <trkpt lat="46.71717" lon="17.49806">
        <ele>111.16</ele>
      </trkpt>
      <trkpt lat="46.7173" lon="17.49836">
        <ele>109.05</ele>
      </trkpt>
      <trkpt lat="46.71762" lon="17.49919">
        <ele>109.24</ele>
      </trkpt>
      <trkpt lat="46.71822" lon="17.50075">
        <ele>107.3</ele>
      </trkpt>
      <trkpt lat="46.71869" lon="17.50197">
        <ele>114.84</ele>
      </trkpt>
      <trkpt lat="46.71871" lon="17.50201">
        <ele>114.26</ele>
      </trkpt>
      <trkpt lat="46.71882" lon="17.50229">
        <ele>114.9</ele>
      </trkpt>
      <trkpt lat="46.71882" lon="17.50229">
        <ele>114.9</ele>
      </trkpt>
      <trkpt lat="46.71905" lon="17.50288">
        <ele>119.05</ele>
      </trkpt>
      <trkpt lat="46.71929" lon="17.50346">
        <ele>118.39</ele>
      </trkpt>
      <trkpt lat="46.71952" lon="17.50405">
        <ele>118.47</ele>
      </trkpt>
      <trkpt lat="46.71975" lon="17.50464">
        <ele>117.21</ele>
      </trkpt>
      <trkpt lat="46.72002" lon="17.50532">
        <ele>112.91</ele>
      </trkpt>
      <trkpt lat="46.72028" lon="17.50599">
        <ele>111.11</ele>
      </trkpt>
      <trkpt lat="46.7203" lon="17.50605">
        <ele>111.34</ele>
      </trkpt>
      <trkpt lat="46.72056" lon="17.5067">
        <ele>106.79</ele>
      </trkpt>
      <trkpt lat="46.72081" lon="17.50736">
        <ele>106.96</ele>
      </trkpt>
      <trkpt lat="46.72088" lon="17.50754">
        <ele>107.44</ele>
      </trkpt>
      <trkpt lat="46.72088" lon="17.50754">
        <ele>107.44</ele>
      </trkpt>
      <trkpt lat="46.72109" lon="17.50807">
        <ele>112.18</ele>
      </trkpt>
      <trkpt lat="46.72144" lon="17.50897">
        <ele>111.24</ele>
      </trkpt>
      <trkpt lat="46.72179" lon="17.50989">
        <ele>111.98</ele>
      </trkpt>
      <trkpt lat="46.72181" lon="17.50996">
        <ele>112.78</ele>
      </trkpt>
      <trkpt lat="46.72209" lon="17.5107">
        <ele>110.71</ele>
      </trkpt>
      <trkpt lat="46.72237" lon="17.51141">
        <ele>110.22</ele>
      </trkpt>
      <trkpt lat="46.72264" lon="17.51212">
        <ele>105.98</ele>
      </trkpt>
      <trkpt lat="46.72292" lon="17.51283">
        <ele>108.6</ele>
      </trkpt>
      <trkpt lat="46.72303" lon="17.51313">
        <ele>113.97</ele>
      </trkpt>
      <trkpt lat="46.72334" lon="17.51393">
        <ele>105.96</ele>
      </trkpt>
      <trkpt lat="46.72365" lon="17.51472">
        <ele>104.99</ele>
      </trkpt>
      <trkpt lat="46.724" lon="17.51561">
        <ele>106.46</ele>
      </trkpt>
      <trkpt lat="46.72408" lon="17.51571">
        <ele>103.42</ele>
      </trkpt>
      <trkpt lat="46.72414" lon="17.51575">
        <ele>102.33</ele>
      </trkpt>
      <trkpt lat="46.72429" lon="17.51588">
        <ele>101.43</ele>
      </trkpt>
      <trkpt lat="46.72469" lon="17.51638">
        <ele>103.22</ele>
      </trkpt>
      <trkpt lat="46.72475" lon="17.51647">
        <ele>104.6</ele>
      </trkpt>
      <trkpt lat="46.72528" lon="17.51715">
        <ele>111.46</ele>
      </trkpt>
      <trkpt lat="46.72549" lon="17.51753">
        <ele>113.26</ele>
      </trkpt>
      <trkpt lat="46.72589" lon="17.5186">
        <ele>121.22</ele>
      </trkpt>
      <trkpt lat="46.72601" lon="17.5189">
        <ele>119.92</ele>
      </trkpt>
      <trkpt lat="46.72601" lon="17.5189">
        <ele>119.92</ele>
      </trkpt>
      <trkpt lat="46.72606" lon="17.51902">
        <ele>118.77</ele>
      </trkpt>
      <trkpt lat="46.72552" lon="17.51949">
        <ele>126.08</ele>
      </trkpt>
      <trkpt lat="46.7257" lon="17.51996">
        <ele>115.04</ele>
      </trkpt>
      <trkpt lat="46.7257" lon="17.51996">
        <ele>115.04</ele>
      </trkpt>
      <trkpt lat="46.72596" lon="17.52063">
        <ele>107.32</ele>
      </trkpt>
      <trkpt lat="46.72623" lon="17.5213">
        <ele>103.42</ele>
      </trkpt>
      <trkpt lat="46.72649" lon="17.52197">
        <ele>109.36</ele>
      </trkpt>
      <trkpt lat="46.72675" lon="17.52264">
        <ele>105.54</ele>
      </trkpt>
      <trkpt lat="46.72703" lon="17.52333">
        <ele>102.22</ele>
      </trkpt>
      <trkpt lat="46.72732" lon="17.52401">
        <ele>105.63</ele>
      </trkpt>
      <trkpt lat="46.7276" lon="17.5247">
        <ele>106.38</ele>
      </trkpt>
      <trkpt lat="46.72792" lon="17.52542">
        <ele>107.82</ele>
      </trkpt>
      <trkpt lat="46.72823" lon="17.52606">
        <ele>106.09</ele>
      </trkpt>
      <trkpt lat="46.72823" lon="17.52606">
        <ele>106.09</ele>
      </trkpt>
      <trkpt lat="46.72833" lon="17.52625">
        <ele>103.64</ele>
      </trkpt>
      <trkpt lat="46.72862" lon="17.52673">
        <ele>108.46</ele>
      </trkpt>
      <trkpt lat="46.72904" lon="17.52735">
        <ele>112.17</ele>
      </trkpt>
      <trkpt lat="46.72931" lon="17.52775">
        <ele>109.93</ele>
      </trkpt>
      <trkpt lat="46.72964" lon="17.52818">
        <ele>114.48</ele>
      </trkpt>
      <trkpt lat="46.72977" lon="17.52832">
        <ele>113.68</ele>
      </trkpt>
      <trkpt lat="46.72992" lon="17.52847">
        <ele>111.36</ele>
      </trkpt>
      <trkpt lat="46.73013" lon="17.52872">
        <ele>110.83</ele>
      </trkpt>
      <trkpt lat="46.73012" lon="17.52874">
        <ele>110.83</ele>
      </trkpt>
      <trkpt lat="46.7301" lon="17.52877">
        <ele>110.77</ele>
      </trkpt>
      <trkpt lat="46.73008" lon="17.52881">
        <ele>110.7</ele>
      </trkpt>
      <trkpt lat="46.72997" lon="17.52902">
        <ele>115.66</ele>
      </trkpt>
      <trkpt lat="46.72991" lon="17.52918">
        <ele>119.82</ele>
      </trkpt>
      <trkpt lat="46.73002" lon="17.52933">
        <ele>113.49</ele>
      </trkpt>
      <trkpt lat="46.7304" lon="17.52993">
        <ele>114.61</ele>
      </trkpt>
      <trkpt lat="46.7304" lon="17.52993">
        <ele>114.61</ele>
      </trkpt>
      <trkpt lat="46.73044" lon="17.52999">
        <ele>113.78</ele>
      </trkpt>
      <trkpt lat="46.73089" lon="17.53071">
        <ele>114.38</ele>
      </trkpt>
      <trkpt lat="46.73138" lon="17.53155">
        <ele>122.75</ele>
      </trkpt>
      <trkpt lat="46.73151" lon="17.53174">
        <ele>121.42</ele>
      </trkpt>
      <trkpt lat="46.73151" lon="17.53174">
        <ele>121.42</ele>
      </trkpt>
      <trkpt lat="46.73181" lon="17.5322">
        <ele>123.01</ele>
      </trkpt>
      <trkpt lat="46.73202" lon="17.53249">
        <ele>120.65</ele>
      </trkpt>
      <trkpt lat="46.73222" lon="17.53272">
        <ele>117.23</ele>
      </trkpt>
      <trkpt lat="46.73239" lon="17.53293">
        <ele>111.62</ele>
      </trkpt>
      <trkpt lat="46.73266" lon="17.53322">
        <ele>111.79</ele>
      </trkpt>
      <trkpt lat="46.73289" lon="17.53345">
        <ele>116.59</ele>
      </trkpt>
      <trkpt lat="46.73299" lon="17.53354">
        <ele>119.15</ele>
      </trkpt>
      <trkpt lat="46.73314" lon="17.53367">
        <ele>120.2</ele>
      </trkpt>
      <trkpt lat="46.73363" lon="17.53405">
        <ele>109.45</ele>
      </trkpt>
      <trkpt lat="46.73373" lon="17.53412">
        <ele>110.26</ele>
      </trkpt>
      <trkpt lat="46.73373" lon="17.53412">
        <ele>110.26</ele>
      </trkpt>
      <trkpt lat="46.73394" lon="17.53425">
        <ele>111.6</ele>
      </trkpt>
      <trkpt lat="46.73426" lon="17.53442">
        <ele>110.82</ele>
      </trkpt>
      <trkpt lat="46.73455" lon="17.53453">
        <ele>113.85</ele>
      </trkpt>
      <trkpt lat="46.73495" lon="17.53465">
        <ele>119.98</ele>
      </trkpt>
      <trkpt lat="46.73546" lon="17.53479">
        <ele>114.92</ele>
      </trkpt>
      <trkpt lat="46.73614" lon="17.53488">
        <ele>112.81</ele>
      </trkpt>
      <trkpt lat="46.73668" lon="17.53498">
        <ele>105.11</ele>
      </trkpt>
      <trkpt lat="46.73695" lon="17.535">
        <ele>109.06</ele>
      </trkpt>
      <trkpt lat="46.737" lon="17.53501">
        <ele>109.94</ele>
      </trkpt>
      <trkpt lat="46.737" lon="17.53501">
        <ele>109.94</ele>
      </trkpt>
      <trkpt lat="46.73729" lon="17.53507">
        <ele>113.12</ele>
      </trkpt>
      <trkpt lat="46.73735" lon="17.53508">
        <ele>113.66</ele>
      </trkpt>
      <trkpt lat="46.73758" lon="17.53513">
        <ele>115.13</ele>
      </trkpt>
      <trkpt lat="46.73773" lon="17.53518">
        <ele>113.54</ele>
      </trkpt>
      <trkpt lat="46.73795" lon="17.53528">
        <ele>117.36</ele>
      </trkpt>
      <trkpt lat="46.7382" lon="17.5354">
        <ele>124.81</ele>
      </trkpt>
      <trkpt lat="46.73851" lon="17.5356">
        <ele>134.81</ele>
      </trkpt>
      <trkpt lat="46.73934" lon="17.5363">
        <ele>119.3</ele>
      </trkpt>
      <trkpt lat="46.73982" lon="17.53671">
        <ele>123.84</ele>
      </trkpt>
      <trkpt lat="46.73982" lon="17.53671">
        <ele>123.84</ele>
      </trkpt>
      <trkpt lat="46.73995" lon="17.53682">
        <ele>125.14</ele>
      </trkpt>
      <trkpt lat="46.7405" lon="17.53736">
        <ele>127.5</ele>
      </trkpt>
      <trkpt lat="46.74103" lon="17.53798">
        <ele>124.7</ele>
      </trkpt>
      <trkpt lat="46.74139" lon="17.53847">
        <ele>127.02</ele>
      </trkpt>
      <trkpt lat="46.74175" lon="17.53897">
        <ele>125.07</ele>
      </trkpt>
      <trkpt lat="46.74215" lon="17.53959">
        <ele>123.76</ele>
      </trkpt>
      <trkpt lat="46.74251" lon="17.5402">
        <ele>126.18</ele>
      </trkpt>
      <trkpt lat="46.74286" lon="17.5408">
        <ele>117.03</ele>
      </trkpt>
      <trkpt lat="46.74286" lon="17.5408">
        <ele>117.03</ele>
      </trkpt>
      <trkpt lat="46.74317" lon="17.54133">
        <ele>114.54</ele>
      </trkpt>
      <trkpt lat="46.74348" lon="17.54185">
        <ele>115.3</ele>
      </trkpt>
      <trkpt lat="46.74379" lon="17.54239">
        <ele>116.49</ele>
      </trkpt>
      <trkpt lat="46.7441" lon="17.54293">
        <ele>110.72</ele>
      </trkpt>
      <trkpt lat="46.7444" lon="17.54343">
        <ele>106.47</ele>
      </trkpt>
      <trkpt lat="46.74469" lon="17.54393">
        <ele>109.83</ele>
      </trkpt>
      <trkpt lat="46.74519" lon="17.5448">
        <ele>109.37</ele>
      </trkpt>
      <trkpt lat="46.74544" lon="17.54525">
        <ele>109.38</ele>
      </trkpt>
      <trkpt lat="46.74544" lon="17.54525">
        <ele>109.38</ele>
      </trkpt>
      <trkpt lat="46.74549" lon="17.54533">
        <ele>109.96</ele>
      </trkpt>
      <trkpt lat="46.74586" lon="17.54598">
        <ele>125.57</ele>
      </trkpt>
      <trkpt lat="46.74615" lon="17.54644">
        <ele>114.79</ele>
      </trkpt>
      <trkpt lat="46.74621" lon="17.54654">
        <ele>114.67</ele>
      </trkpt>
      <trkpt lat="46.74662" lon="17.54725">
        <ele>111.3</ele>
      </trkpt>
      <trkpt lat="46.74703" lon="17.548">
        <ele>117.69</ele>
      </trkpt>
      <trkpt lat="46.74731" lon="17.54863">
        <ele>114.13</ele>
      </trkpt>
      <trkpt lat="46.74766" lon="17.54933">
        <ele>111.11</ele>
      </trkpt>
      <trkpt lat="46.74789" lon="17.54987">
        <ele>114.26</ele>
      </trkpt>
      <trkpt lat="46.74805" lon="17.55022">
        <ele>115.01</ele>
      </trkpt>
      <trkpt lat="46.74806" lon="17.55024">
        <ele>115.48</ele>
      </trkpt>
      <trkpt lat="46.74806" lon="17.55024">
        <ele>115.48</ele>
      </trkpt>
      <trkpt lat="46.7482" lon="17.55065">
        <ele>116.06</ele>
      </trkpt>
      <trkpt lat="46.74831" lon="17.55106">
        <ele>121.48</ele>
      </trkpt>
      <trkpt lat="46.74846" lon="17.55179">
        <ele>118.37</ele>
      </trkpt>
      <trkpt lat="46.74874" lon="17.55325">
        <ele>109.38</ele>
      </trkpt>
      <trkpt lat="46.7489" lon="17.55417">
        <ele>112.75</ele>
      </trkpt>
      <trkpt lat="46.74905" lon="17.55517">
        <ele>109.58</ele>
      </trkpt>
      <trkpt lat="46.74915" lon="17.55567">
        <ele>104.08</ele>
      </trkpt>
      <trkpt lat="46.74919" lon="17.55593">
        <ele>101.71</ele>
      </trkpt>
      <trkpt lat="46.74921" lon="17.55602">
        <ele>103.96</ele>
      </trkpt>
      <trkpt lat="46.74925" lon="17.55615">
        <ele>105.82</ele>
      </trkpt>
      <trkpt lat="46.74933" lon="17.5561">
        <ele>105.84</ele>
      </trkpt>
      <trkpt lat="46.74946" lon="17.55603">
        <ele>105.38</ele>
      </trkpt>
      <trkpt lat="46.74961" lon="17.55593">
        <ele>104.49</ele>
      </trkpt>
      <trkpt lat="46.74966" lon="17.55591">
        <ele>104.34</ele>
      </trkpt>
      <trkpt lat="46.7497" lon="17.55588">
        <ele>104.18</ele>
      </trkpt>
      <trkpt lat="46.74976" lon="17.55585">
        <ele>103.92</ele>
      </trkpt>
      <trkpt lat="46.74982" lon="17.5558">
        <ele>103.53</ele>
      </trkpt>
      <trkpt lat="46.74987" lon="17.55613">
        <ele>104.4</ele>
      </trkpt>
      <trkpt lat="46.74999" lon="17.55666">
        <ele>103.11</ele>
      </trkpt>
      <trkpt lat="46.74999" lon="17.55666">
        <ele>103.11</ele>
      </trkpt>
      <trkpt lat="46.75007" lon="17.55705">
        <ele>103.91</ele>
      </trkpt>
      <trkpt lat="46.75019" lon="17.5575">
        <ele>105.58</ele>
      </trkpt>
      <trkpt lat="46.75022" lon="17.55763">
        <ele>105.06</ele>
      </trkpt>
      <trkpt lat="46.75039" lon="17.55837">
        <ele>102.51</ele>
      </trkpt>
      <trkpt lat="46.75057" lon="17.5591">
        <ele>100.62</ele>
      </trkpt>
      <trkpt lat="46.75074" lon="17.55984">
        <ele>98.67</ele>
      </trkpt>
      <trkpt lat="46.75092" lon="17.56057">
        <ele>101.38</ele>
      </trkpt>
      <trkpt lat="46.75109" lon="17.56131">
        <ele>101.6</ele>
      </trkpt>
      <trkpt lat="46.75121" lon="17.56184">
        <ele>99.48</ele>
      </trkpt>
      <trkpt lat="46.7515" lon="17.56299">
        <ele>103.0</ele>
      </trkpt>
      <trkpt lat="46.75167" lon="17.5637">
        <ele>100.0</ele>
      </trkpt>
      <trkpt lat="46.75184" lon="17.5644">
        <ele>97.33</ele>
      </trkpt>
      <trkpt lat="46.75201" lon="17.56511">
        <ele>97.0</ele>
      </trkpt>
      <trkpt lat="46.75226" lon="17.56627">
        <ele>97.31</ele>
      </trkpt>
      <trkpt lat="46.75247" lon="17.5672">
        <ele>92.27</ele>
      </trkpt>
      <trkpt lat="46.75255" lon="17.56756">
        <ele>91.75</ele>
      </trkpt>
      <trkpt lat="46.7526" lon="17.56774">
        <ele>92.98</ele>
      </trkpt>
      <trkpt lat="46.7527" lon="17.5682">
        <ele>98.44</ele>
      </trkpt>
      <trkpt lat="46.7527" lon="17.5682">
        <ele>98.44</ele>
      </trkpt>
      <trkpt lat="46.7529" lon="17.56905">
        <ele>101.86</ele>
      </trkpt>
      <trkpt lat="46.75312" lon="17.56995">
        <ele>99.94</ele>
      </trkpt>
      <trkpt lat="46.7533" lon="17.57086">
        <ele>103.62</ele>
      </trkpt>
      <trkpt lat="46.75366" lon="17.57232">
        <ele>108.3</ele>
      </trkpt>
      <trkpt lat="46.75377" lon="17.57264">
        <ele>105.7</ele>
      </trkpt>
      <trkpt lat="46.75397" lon="17.57308">
        <ele>102.47</ele>
      </trkpt>
      <trkpt lat="46.7541" lon="17.57349">
        <ele>103.0</ele>
      </trkpt>
      <trkpt lat="46.7543" lon="17.57438">
        <ele>98.28</ele>
      </trkpt>
      <trkpt lat="46.7545" lon="17.57535">
        <ele>101.7</ele>
      </trkpt>
      <trkpt lat="46.75452" lon="17.57581">
        <ele>103.52</ele>
      </trkpt>
      <trkpt lat="46.75455" lon="17.57602">
        <ele>102.98</ele>
      </trkpt>
      <trkpt lat="46.75458" lon="17.57625">
        <ele>102.55</ele>
      </trkpt>
      <trkpt lat="46.75471" lon="17.57677">
        <ele>102.73</ele>
      </trkpt>
      <trkpt lat="46.75489" lon="17.57758">
        <ele>104.07</ele>
      </trkpt>
      <trkpt lat="46.75489" lon="17.57758">
        <ele>104.07</ele>
      </trkpt>
      <trkpt lat="46.75493" lon="17.57755">
        <ele>103.71</ele>
      </trkpt>
      <trkpt lat="46.75505" lon="17.57747">
        <ele>102.58</ele>
      </trkpt>
      <trkpt lat="46.75536" lon="17.57715">
        <ele>97.41</ele>
      </trkpt>
      <trkpt lat="46.75587" lon="17.57679">
        <ele>98.39</ele>
      </trkpt>
      <trkpt lat="46.75619" lon="17.57657">
        <ele>97.8</ele>
      </trkpt>
      <trkpt lat="46.75624" lon="17.57656">
        <ele>97.64</ele>
      </trkpt>
      <trkpt lat="46.75627" lon="17.57658">
        <ele>97.64</ele>
      </trkpt>
      <trkpt lat="46.75654" lon="17.57752">
        <ele>99.5</ele>
      </trkpt>
      <trkpt lat="46.75654" lon="17.57752">
        <ele>99.5</ele>
      </trkpt>
      <trkpt lat="46.75671" lon="17.57813">
        <ele>100.93</ele>
      </trkpt>
      <trkpt lat="46.75688" lon="17.57874">
        <ele>101.05</ele>
      </trkpt>
      <trkpt lat="46.75705" lon="17.57935">
        <ele>100.83</ele>
      </trkpt>
      <trkpt lat="46.75722" lon="17.57996">
        <ele>100.28</ele>
      </trkpt>
      <trkpt lat="46.75742" lon="17.58061">
        <ele>96.38</ele>
      </trkpt>
      <trkpt lat="46.75762" lon="17.58126">
        <ele>98.9</ele>
      </trkpt>
      <trkpt lat="46.75784" lon="17.58199">
        <ele>100.9</ele>
      </trkpt>
      <trkpt lat="46.75802" lon="17.58265">
        <ele>101.26</ele>
      </trkpt>
      <trkpt lat="46.75819" lon="17.58331">
        <ele>100.01</ele>
      </trkpt>
      <trkpt lat="46.75837" lon="17.58397">
        <ele>102.36</ele>
      </trkpt>
      <trkpt lat="46.75854" lon="17.58455">
        <ele>100.46</ele>
      </trkpt>
      <trkpt lat="46.75878" lon="17.58543">
        <ele>100.71</ele>
      </trkpt>
      <trkpt lat="46.75898" lon="17.58619">
        <ele>101.36</ele>
      </trkpt>
      <trkpt lat="46.75917" lon="17.58695">
        <ele>100.03</ele>
      </trkpt>
      <trkpt lat="46.75936" lon="17.58767">
        <ele>100.6</ele>
      </trkpt>
      <trkpt lat="46.75955" lon="17.5884">
        <ele>101.29</ele>
      </trkpt>
      <trkpt lat="46.75974" lon="17.58912">
        <ele>101.81</ele>
      </trkpt>
      <trkpt lat="46.7598" lon="17.58936">
        <ele>102.5</ele>
      </trkpt>
      <trkpt lat="46.76001" lon="17.59044">
        <ele>100.99</ele>
      </trkpt>
      <trkpt lat="46.76017" lon="17.59122">
        <ele>101.15</ele>
      </trkpt>
      <trkpt lat="46.76033" lon="17.592">
        <ele>100.75</ele>
      </trkpt>
      <trkpt lat="46.76035" lon="17.59214">
        <ele>102.19</ele>
      </trkpt>
      <trkpt lat="46.76029" lon="17.59218">
        <ele>102.55</ele>
      </trkpt>
      <trkpt lat="46.76029" lon="17.59218">
        <ele>102.55</ele>
      </trkpt>
      <trkpt lat="46.76002" lon="17.59236">
        <ele>99.78</ele>
      </trkpt>
      <trkpt lat="46.76001" lon="17.59256">
        <ele>99.87</ele>
      </trkpt>
      <trkpt lat="46.75974" lon="17.59272">
        <ele>95.66</ele>
      </trkpt>
      <trkpt lat="46.75976" lon="17.5929">
        <ele>95.48</ele>
      </trkpt>
      <trkpt lat="46.75968" lon="17.59381">
        <ele>99.87</ele>
      </trkpt>
      <trkpt lat="46.75968" lon="17.59381">
        <ele>99.87</ele>
      </trkpt>
      <trkpt lat="46.75986" lon="17.59441">
        <ele>101.31</ele>
      </trkpt>
      <trkpt lat="46.76005" lon="17.59501">
        <ele>105.14</ele>
      </trkpt>
      <trkpt lat="46.76023" lon="17.59561">
        <ele>105.64</ele>
      </trkpt>
      <trkpt lat="46.76042" lon="17.59621">
        <ele>104.63</ele>
      </trkpt>
      <trkpt lat="46.7606" lon="17.59681">
        <ele>108.42</ele>
      </trkpt>
      <trkpt lat="46.76079" lon="17.59741">
        <ele>107.25</ele>
      </trkpt>
      <trkpt lat="46.76097" lon="17.598">
        <ele>109.47</ele>
      </trkpt>
      <trkpt lat="46.76115" lon="17.5986">
        <ele>110.11</ele>
      </trkpt>
      <trkpt lat="46.76134" lon="17.5992">
        <ele>102.63</ele>
      </trkpt>
      <trkpt lat="46.76154" lon="17.59983">
        <ele>105.16</ele>
      </trkpt>
      <trkpt lat="46.76174" lon="17.60046">
        <ele>104.91</ele>
      </trkpt>
      <trkpt lat="46.76193" lon="17.6011">
        <ele>106.57</ele>
      </trkpt>
      <trkpt lat="46.76213" lon="17.60173">
        <ele>109.7</ele>
      </trkpt>
      <trkpt lat="46.76233" lon="17.60236">
        <ele>108.32</ele>
      </trkpt>
      <trkpt lat="46.76251" lon="17.6028">
        <ele>105.8</ele>
      </trkpt>
      <trkpt lat="46.76254" lon="17.60285">
        <ele>105.3</ele>
      </trkpt>
      <trkpt lat="46.76257" lon="17.60288">
        <ele>104.92</ele>
      </trkpt>
      <trkpt lat="46.76276" lon="17.60349">
        <ele>106.45</ele>
      </trkpt>
      <trkpt lat="46.76296" lon="17.60411">
        <ele>114.52</ele>
      </trkpt>
      <trkpt lat="46.76315" lon="17.60472">
        <ele>111.64</ele>
      </trkpt>
      <trkpt lat="46.76315" lon="17.60472">
        <ele>111.64</ele>
      </trkpt>
      <trkpt lat="46.76336" lon="17.60537">
        <ele>108.61</ele>
      </trkpt>
      <trkpt lat="46.76356" lon="17.60601">
        <ele>112.75</ele>
      </trkpt>
      <trkpt lat="46.76377" lon="17.60666">
        <ele>113.73</ele>
      </trkpt>
      <trkpt lat="46.76397" lon="17.6073">
        <ele>113.3</ele>
      </trkpt>
      <trkpt lat="46.76418" lon="17.60795">
        <ele>113.9</ele>
      </trkpt>
      <trkpt lat="46.76439" lon="17.60861">
        <ele>110.0</ele>
      </trkpt>
      <trkpt lat="46.76459" lon="17.60927">
        <ele>105.84</ele>
      </trkpt>
      <trkpt lat="46.7648" lon="17.60993">
        <ele>103.19</ele>
      </trkpt>
      <trkpt lat="46.765" lon="17.61061">
        <ele>105.2</ele>
      </trkpt>
      <trkpt lat="46.76521" lon="17.61128">
        <ele>106.44</ele>
      </trkpt>
      <trkpt lat="46.76541" lon="17.61196">
        <ele>103.47</ele>
      </trkpt>
      <trkpt lat="46.76562" lon="17.61264">
        <ele>99.19</ele>
      </trkpt>
      <trkpt lat="46.76582" lon="17.61332">
        <ele>103.67</ele>
      </trkpt>
      <trkpt lat="46.76603" lon="17.61399">
        <ele>102.19</ele>
      </trkpt>
      <trkpt lat="46.76623" lon="17.61467">
        <ele>101.81</ele>
      </trkpt>
      <trkpt lat="46.76623" lon="17.61467">
        <ele>101.81</ele>
      </trkpt>
      <trkpt lat="46.76686" lon="17.61677">
        <ele>103.3</ele>
      </trkpt>
      <trkpt lat="46.76716" lon="17.61774">
        <ele>100.8</ele>
      </trkpt>
      <trkpt lat="46.76726" lon="17.61789">
        <ele>99.46</ele>
      </trkpt>
      <trkpt lat="46.76734" lon="17.618">
        <ele>98.78</ele>
      </trkpt>
      <trkpt lat="46.76749" lon="17.61814">
        <ele>98.06</ele>
      </trkpt>
      <trkpt lat="46.76757" lon="17.61825">
        <ele>97.9</ele>
      </trkpt>
      <trkpt lat="46.76766" lon="17.6184">
        <ele>98.11</ele>
      </trkpt>
      <trkpt lat="46.76778" lon="17.61865">
        <ele>99.56</ele>
      </trkpt>
      <trkpt lat="46.76786" lon="17.61889">
        <ele>102.42</ele>
      </trkpt>
      <trkpt lat="46.76788" lon="17.61896">
        <ele>102.78</ele>
      </trkpt>
      <trkpt lat="46.7679" lon="17.61901">
        <ele>102.99</ele>
      </trkpt>
      <trkpt lat="46.76791" lon="17.61905">
        <ele>103.21</ele>
      </trkpt>
      <trkpt lat="46.7679" lon="17.61908">
        <ele>103.5</ele>
      </trkpt>
      <trkpt lat="46.76789" lon="17.6191">
        <ele>103.71</ele>
      </trkpt>
      <trkpt lat="46.76761" lon="17.61928">
        <ele>104.8</ele>
      </trkpt>
      <trkpt lat="46.76825" lon="17.62138">
        <ele>96.94</ele>
      </trkpt>
      <trkpt lat="46.76827" lon="17.62141">
        <ele>96.82</ele>
      </trkpt>
      <trkpt lat="46.76831" lon="17.62141">
        <ele>96.4</ele>
      </trkpt>
      <trkpt lat="46.76857" lon="17.62125">
        <ele>100.83</ele>
      </trkpt>
      <trkpt lat="46.76885" lon="17.62218">
        <ele>104.99</ele>
      </trkpt>
      <trkpt lat="46.76885" lon="17.62218">
        <ele>104.99</ele>
      </trkpt>
      <trkpt lat="46.76896" lon="17.62254">
        <ele>104.92</ele>
      </trkpt>
      <trkpt lat="46.76916" lon="17.62318">
        <ele>107.95</ele>
      </trkpt>
      <trkpt lat="46.76937" lon="17.62382">
        <ele>110.54</ele>
      </trkpt>
      <trkpt lat="46.76957" lon="17.62446">
        <ele>111.73</ele>
      </trkpt>
      <trkpt lat="46.76978" lon="17.6251">
        <ele>109.2</ele>
      </trkpt>
      <trkpt lat="46.76998" lon="17.62574">
        <ele>101.75</ele>
      </trkpt>
      <trkpt lat="46.7701" lon="17.62614">
        <ele>96.93</ele>
      </trkpt>
      <trkpt lat="46.77033" lon="17.62688">
        <ele>100.62</ele>
      </trkpt>
      <trkpt lat="46.77056" lon="17.62761">
        <ele>99.59</ele>
      </trkpt>
      <trkpt lat="46.77079" lon="17.62835">
        <ele>99.22</ele>
      </trkpt>
      <trkpt lat="46.77102" lon="17.62909">
        <ele>97.89</ele>
      </trkpt>
      <trkpt lat="46.77116" lon="17.62956">
        <ele>97.54</ele>
      </trkpt>
      <trkpt lat="46.77136" lon="17.63023">
        <ele>92.4</ele>
      </trkpt>
      <trkpt lat="46.77157" lon="17.6309">
        <ele>99.54</ele>
      </trkpt>
      <trkpt lat="46.77177" lon="17.63156">
        <ele>104.54</ele>
      </trkpt>
      <trkpt lat="46.77198" lon="17.63223">
        <ele>99.3</ele>
      </trkpt>
      <trkpt lat="46.77218" lon="17.6329">
        <ele>98.66</ele>
      </trkpt>
      <trkpt lat="46.77239" lon="17.63354">
        <ele>103.43</ele>
      </trkpt>
      <trkpt lat="46.77259" lon="17.63419">
        <ele>99.75</ele>
      </trkpt>
      <trkpt lat="46.77263" lon="17.63435">
        <ele>98.02</ele>
      </trkpt>
      <trkpt lat="46.77264" lon="17.63445">
        <ele>97.0</ele>
      </trkpt>
      <trkpt lat="46.77265" lon="17.63449">
        <ele>97.0</ele>
      </trkpt>
      <trkpt lat="46.77269" lon="17.63465">
        <ele>97.0</ele>
      </trkpt>
      <trkpt lat="46.77278" lon="17.63494">
        <ele>96.22</ele>
      </trkpt>
      <trkpt lat="46.77282" lon="17.63511">
        <ele>96.15</ele>
      </trkpt>
      <trkpt lat="46.77291" lon="17.63547">
        <ele>97.46</ele>
      </trkpt>
      <trkpt lat="46.77315" lon="17.63624">
        <ele>103.57</ele>
      </trkpt>
      <trkpt lat="46.77339" lon="17.637">
        <ele>103.78</ele>
      </trkpt>
      <trkpt lat="46.77363" lon="17.63777">
        <ele>101.74</ele>
      </trkpt>
      <trkpt lat="46.77389" lon="17.63861">
        <ele>101.0</ele>
      </trkpt>
      <trkpt lat="46.77389" lon="17.63861">
        <ele>101.0</ele>
      </trkpt>
      <trkpt lat="46.77424" lon="17.63976">
        <ele>98.86</ele>
      </trkpt>
      <trkpt lat="46.77443" lon="17.64037">
        <ele>97.37</ele>
      </trkpt>
      <trkpt lat="46.77463" lon="17.64102">
        <ele>100.56</ele>
      </trkpt>
      <trkpt lat="46.77484" lon="17.64167">
        <ele>98.99</ele>
      </trkpt>
      <trkpt lat="46.77504" lon="17.64232">
        <ele>97.41</ele>
      </trkpt>
      <trkpt lat="46.77524" lon="17.64297">
        <ele>95.67</ele>
      </trkpt>
      <trkpt lat="46.77548" lon="17.64376">
        <ele>95.5</ele>
      </trkpt>
      <trkpt lat="46.77573" lon="17.64455">
        <ele>100.03</ele>
      </trkpt>
      <trkpt lat="46.77597" lon="17.64534">
        <ele>96.13</ele>
      </trkpt>
      <trkpt lat="46.77618" lon="17.64601">
        <ele>98.87</ele>
      </trkpt>
      <trkpt lat="46.77638" lon="17.64667">
        <ele>102.08</ele>
      </trkpt>
      <trkpt lat="46.77659" lon="17.64735">
        <ele>102.29</ele>
      </trkpt>
      <trkpt lat="46.77679" lon="17.64799">
        <ele>102.78</ele>
      </trkpt>
      <trkpt lat="46.77698" lon="17.64862">
        <ele>100.9</ele>
      </trkpt>
      <trkpt lat="46.77718" lon="17.64926">
        <ele>99.32</ele>
      </trkpt>
      <trkpt lat="46.77738" lon="17.64991">
        <ele>97.72</ele>
      </trkpt>
      <trkpt lat="46.77758" lon="17.65056">
        <ele>95.1</ele>
      </trkpt>
      <trkpt lat="46.77761" lon="17.65066">
        <ele>94.06</ele>
      </trkpt>
      <trkpt lat="46.77818" lon="17.65033">
        <ele>92.75</ele>
      </trkpt>
      <trkpt lat="46.77822" lon="17.6503">
        <ele>93.07</ele>
      </trkpt>
      <trkpt lat="46.77818" lon="17.65033">
        <ele>92.75</ele>
      </trkpt>
      <trkpt lat="46.77876" lon="17.64999">
        <ele>93.61</ele>
      </trkpt>
      <trkpt lat="46.77953" lon="17.64953">
        <ele>94.9</ele>
      </trkpt>
      <trkpt lat="46.77969" lon="17.65016">
        <ele>91.32</ele>
      </trkpt>
      <trkpt lat="46.77985" lon="17.6508">
        <ele>93.49</ele>
      </trkpt>
      <trkpt lat="46.78001" lon="17.65144">
        <ele>94.84</ele>
      </trkpt>
      <trkpt lat="46.78018" lon="17.65207">
        <ele>95.78</ele>
      </trkpt>
      <trkpt lat="46.78034" lon="17.65271">
        <ele>94.19</ele>
      </trkpt>
      <trkpt lat="46.7805" lon="17.65334">
        <ele>95.8</ele>
      </trkpt>
      <trkpt lat="46.78066" lon="17.65398">
        <ele>96.92</ele>
      </trkpt>
      <trkpt lat="46.78082" lon="17.65461">
        <ele>100.07</ele>
      </trkpt>
      <trkpt lat="46.78031" lon="17.65486">
        <ele>92.37</ele>
      </trkpt>
      <trkpt lat="46.77979" lon="17.6551">
        <ele>99.16</ele>
      </trkpt>
      <trkpt lat="46.77951" lon="17.65541">
        <ele>109.94</ele>
      </trkpt>
      <trkpt lat="46.7795" lon="17.65537">
        <ele>110.0</ele>
      </trkpt>
      <trkpt lat="46.77957" lon="17.65547">
        <ele>108.84</ele>
      </trkpt>
      <trkpt lat="46.78005" lon="17.65619">
        <ele>111.59</ele>
      </trkpt>
      <trkpt lat="46.78017" lon="17.65639">
        <ele>109.88</ele>
      </trkpt>
      <trkpt lat="46.78057" lon="17.65701">
        <ele>102.94</ele>
      </trkpt>
      <trkpt lat="46.78071" lon="17.65722">
        <ele>105.28</ele>
      </trkpt>
      <trkpt lat="46.78071" lon="17.65722">
        <ele>105.28</ele>
      </trkpt>
      <trkpt lat="46.78086" lon="17.65743">
        <ele>108.15</ele>
      </trkpt>
      <trkpt lat="46.78109" lon="17.65777">
        <ele>112.14</ele>
      </trkpt>
      <trkpt lat="46.78121" lon="17.65796">
        <ele>112.13</ele>
      </trkpt>
      <trkpt lat="46.78152" lon="17.6585">
        <ele>109.39</ele>
      </trkpt>
      <trkpt lat="46.78168" lon="17.65841">
        <ele>104.55</ele>
      </trkpt>
      <trkpt lat="46.78178" lon="17.65847">
        <ele>103.23</ele>
      </trkpt>
      <trkpt lat="46.7819" lon="17.65897">
        <ele>106.16</ele>
      </trkpt>
      <trkpt lat="46.78189" lon="17.65921">
        <ele>106.78</ele>
      </trkpt>
      <trkpt lat="46.78189" lon="17.65921">
        <ele>106.78</ele>
      </trkpt>
      <trkpt lat="46.78197" lon="17.65938">
        <ele>105.54</ele>
      </trkpt>
      <trkpt lat="46.78205" lon="17.65956">
        <ele>104.1</ele>
      </trkpt>
      <trkpt lat="46.78205" lon="17.65956">
        <ele>104.1</ele>
      </trkpt>
      <trkpt lat="46.78212" lon="17.65972">
        <ele>102.84</ele>
      </trkpt>
      <trkpt lat="46.7823" lon="17.66023">
        <ele>101.63</ele>
      </trkpt>
      <trkpt lat="46.78247" lon="17.66071">
        <ele>99.52</ele>
      </trkpt>
      <trkpt lat="46.78257" lon="17.66106">
        <ele>101.88</ele>
      </trkpt>
      <trkpt lat="46.78271" lon="17.6615">
        <ele>102.83</ele>
      </trkpt>
      <trkpt lat="46.78277" lon="17.66176">
        <ele>104.4</ele>
      </trkpt>
      <trkpt lat="46.78279" lon="17.66185">
        <ele>104.35</ele>
      </trkpt>
      <trkpt lat="46.78295" lon="17.66273">
        <ele>100.71</ele>
      </trkpt>
      <trkpt lat="46.78303" lon="17.6633">
        <ele>99.02</ele>
      </trkpt>
      <trkpt lat="46.78303" lon="17.6633">
        <ele>99.02</ele>
      </trkpt>
      <trkpt lat="46.78307" lon="17.6636">
        <ele>99.05</ele>
      </trkpt>
      <trkpt lat="46.78317" lon="17.66431">
        <ele>101.32</ele>
      </trkpt>
      <trkpt lat="46.78327" lon="17.66503">
        <ele>98.64</ele>
      </trkpt>
      <trkpt lat="46.78336" lon="17.66575">
        <ele>98.57</ele>
      </trkpt>
      <trkpt lat="46.78346" lon="17.66646">
        <ele>99.49</ele>
      </trkpt>
      <trkpt lat="46.78355" lon="17.66723">
        <ele>100.6</ele>
      </trkpt>
      <trkpt lat="46.78364" lon="17.66801">
        <ele>103.13</ele>
      </trkpt>
      <trkpt lat="46.78372" lon="17.66878">
        <ele>100.33</ele>
      </trkpt>
      <trkpt lat="46.78381" lon="17.66955">
        <ele>100.31</ele>
      </trkpt>
      <trkpt lat="46.78386" lon="17.67003">
        <ele>96.9</ele>
      </trkpt>
      <trkpt lat="46.78386" lon="17.67003">
        <ele>96.9</ele>
      </trkpt>
      <trkpt lat="46.78388" lon="17.67013">
        <ele>96.97</ele>
      </trkpt>
      <trkpt lat="46.78391" lon="17.67022">
        <ele>97.0</ele>
      </trkpt>
      <trkpt lat="46.78409" lon="17.67048">
        <ele>98.05</ele>
      </trkpt>
      <trkpt lat="46.78422" lon="17.6707">
        <ele>100.91</ele>
      </trkpt>
      <trkpt lat="46.78427" lon="17.67081">
        <ele>102.66</ele>
      </trkpt>
      <trkpt lat="46.78431" lon="17.67091">
        <ele>104.27</ele>
      </trkpt>
      <trkpt lat="46.78434" lon="17.67097">
        <ele>105.29</ele>
      </trkpt>
      <trkpt lat="46.78443" lon="17.67121">
        <ele>108.13</ele>
      </trkpt>
      <trkpt lat="46.78446" lon="17.67129">
        <ele>108.53</ele>
      </trkpt>
      <trkpt lat="46.78448" lon="17.67134">
        <ele>108.57</ele>
      </trkpt>
      <trkpt lat="46.7845" lon="17.67141">
        <ele>108.57</ele>
      </trkpt>
      <trkpt lat="46.78453" lon="17.67152">
        <ele>108.35</ele>
      </trkpt>
      <trkpt lat="46.78457" lon="17.67171">
        <ele>108.3</ele>
      </trkpt>
      <trkpt lat="46.78493" lon="17.67391">
        <ele>97.82</ele>
      </trkpt>
      <trkpt lat="46.78497" lon="17.6739">
        <ele>97.34</ele>
      </trkpt>
      <trkpt lat="46.78578" lon="17.6736">
        <ele>96.84</ele>
      </trkpt>
      <trkpt lat="46.78582" lon="17.67362">
        <ele>96.82</ele>
      </trkpt>
      <trkpt lat="46.78594" lon="17.67429">
        <ele>92.66</ele>
      </trkpt>
      <trkpt lat="46.7863" lon="17.6749">
        <ele>95.59</ele>
      </trkpt>
      <trkpt lat="46.78635" lon="17.67543">
        <ele>93.09</ele>
      </trkpt>
      <trkpt lat="46.78648" lon="17.67613">
        <ele>94.17</ele>
      </trkpt>
      <trkpt lat="46.78661" lon="17.67683">
        <ele>92.72</ele>
      </trkpt>
      <trkpt lat="46.78674" lon="17.67754">
        <ele>92.12</ele>
      </trkpt>
      <trkpt lat="46.78687" lon="17.67824">
        <ele>94.11</ele>
      </trkpt>
      <trkpt lat="46.787" lon="17.6785">
        <ele>93.28</ele>
      </trkpt>
      <trkpt lat="46.78719" lon="17.67941">
        <ele>91.26</ele>
      </trkpt>
      <trkpt lat="46.78737" lon="17.68033">
        <ele>95.93</ele>
      </trkpt>
      <trkpt lat="46.78752" lon="17.68033">
        <ele>96.42</ele>
      </trkpt>
      <trkpt lat="46.78801" lon="17.68092">
        <ele>95.51</ele>
      </trkpt>
      <trkpt lat="46.78815" lon="17.68155">
        <ele>94.23</ele>
      </trkpt>
      <trkpt lat="46.78828" lon="17.68218">
        <ele>96.57</ele>
      </trkpt>
      <trkpt lat="46.78848" lon="17.68301">
        <ele>104.36</ele>
      </trkpt>
      <trkpt lat="46.78868" lon="17.68384">
        <ele>105.75</ele>
      </trkpt>
      <trkpt lat="46.78885" lon="17.68454">
        <ele>106.76</ele>
      </trkpt>
      <trkpt lat="46.78901" lon="17.68524">
        <ele>101.06</ele>
      </trkpt>
      <trkpt lat="46.78918" lon="17.68594">
        <ele>93.85</ele>
      </trkpt>
      <trkpt lat="46.78931" lon="17.68668">
        <ele>95.24</ele>
      </trkpt>
      <trkpt lat="46.78958" lon="17.6869">
        <ele>101.44</ele>
      </trkpt>
      <trkpt lat="46.78971" lon="17.68741">
        <ele>101.63</ele>
      </trkpt>
      <trkpt lat="46.78981" lon="17.68814">
        <ele>97.0</ele>
      </trkpt>
      <trkpt lat="46.78992" lon="17.68887">
        <ele>97.29</ele>
      </trkpt>
      <trkpt lat="46.79002" lon="17.6896">
        <ele>94.47</ele>
      </trkpt>
      <trkpt lat="46.79018" lon="17.6897">
        <ele>95.31</ele>
      </trkpt>
      <trkpt lat="46.79037" lon="17.69077">
        <ele>94.78</ele>
      </trkpt>
      <trkpt lat="46.78999" lon="17.69095">
        <ele>95.56</ele>
      </trkpt>
      <trkpt lat="46.78998" lon="17.69096">
        <ele>95.51</ele>
      </trkpt>
      <trkpt lat="46.79" lon="17.691">
        <ele>95.4</ele>
      </trkpt>
      <trkpt lat="46.79008" lon="17.69128">
        <ele>93.35</ele>
      </trkpt>
      <trkpt lat="46.79035" lon="17.69225">
        <ele>96.0</ele>
      </trkpt>
      <trkpt lat="46.79031" lon="17.69236">
        <ele>96.0</ele>
      </trkpt>
      <trkpt lat="46.79025" lon="17.69246">
        <ele>95.6</ele>
      </trkpt>
      <trkpt lat="46.79015" lon="17.69261">
        <ele>93.95</ele>
      </trkpt>
      <trkpt lat="46.78999" lon="17.69272">
        <ele>92.03</ele>
      </trkpt>
      <trkpt lat="46.78999" lon="17.69272">
        <ele>92.03</ele>
      </trkpt>
      <trkpt lat="46.78959" lon="17.69296">
        <ele>92.54</ele>
      </trkpt>
      <trkpt lat="46.78961" lon="17.69303">
        <ele>93.06</ele>
      </trkpt>
      <trkpt lat="46.78964" lon="17.69315">
        <ele>93.41</ele>
      </trkpt>
      <trkpt lat="46.78965" lon="17.69323">
        <ele>93.48</ele>
      </trkpt>
      <trkpt lat="46.78964" lon="17.69331">
        <ele>93.41</ele>
      </trkpt>
      <trkpt lat="46.78961" lon="17.69357">
        <ele>93.19</ele>
      </trkpt>
      <trkpt lat="46.78961" lon="17.69359">
        <ele>93.19</ele>
      </trkpt>
      <trkpt lat="46.7896" lon="17.69373">
        <ele>93.12</ele>
      </trkpt>
      <trkpt lat="46.7896" lon="17.69386">
        <ele>93.12</ele>
      </trkpt>
      <trkpt lat="46.78962" lon="17.69398">
        <ele>92.97</ele>
      </trkpt>
      <trkpt lat="46.78986" lon="17.69486">
        <ele>90.76</ele>
      </trkpt>
      <trkpt lat="46.78988" lon="17.69492">
        <ele>90.21</ele>
      </trkpt>
      <trkpt lat="46.78987" lon="17.69499">
        <ele>89.56</ele>
      </trkpt>
      <trkpt lat="46.78985" lon="17.69504">
        <ele>89.64</ele>
      </trkpt>
      <trkpt lat="46.78979" lon="17.69508">
        <ele>90.27</ele>
      </trkpt>
      <trkpt lat="46.78961" lon="17.69522">
        <ele>95.78</ele>
      </trkpt>
      <trkpt lat="46.78963" lon="17.69531">
        <ele>96.12</ele>
      </trkpt>
      <trkpt lat="46.78964" lon="17.69531">
        <ele>95.84</ele>
      </trkpt>
      <trkpt lat="46.78964" lon="17.69531">
        <ele>95.84</ele>
      </trkpt>
      <trkpt lat="46.78967" lon="17.69543">
        <ele>96.93</ele>
      </trkpt>
      <trkpt lat="46.7897" lon="17.69554">
        <ele>98.13</ele>
      </trkpt>
      <trkpt lat="46.78976" lon="17.69575">
        <ele>99.24</ele>
      </trkpt>
      <trkpt lat="46.78977" lon="17.69573">
        <ele>98.79</ele>
      </trkpt>
      <trkpt lat="46.78976" lon="17.69574">
        <ele>99.13</ele>
      </trkpt>
      <trkpt lat="46.78976" lon="17.69575">
        <ele>99.24</ele>
      </trkpt>
      <trkpt lat="46.7898" lon="17.69586">
        <ele>99.33</ele>
      </trkpt>
      <trkpt lat="46.78988" lon="17.69617">
        <ele>99.01</ele>
      </trkpt>
      <trkpt lat="46.78992" lon="17.6963">
        <ele>99.35</ele>
      </trkpt>
      <trkpt lat="46.79002" lon="17.69658">
        <ele>100.64</ele>
      </trkpt>
      <trkpt lat="46.79002" lon="17.69658">
        <ele>100.64</ele>
      </trkpt>
      <trkpt lat="46.78997" lon="17.69661">
        <ele>100.69</ele>
      </trkpt>
      <trkpt lat="46.78983" lon="17.6967">
        <ele>100.34</ele>
      </trkpt>
      <trkpt lat="46.78983" lon="17.69669">
        <ele>100.36</ele>
      </trkpt>
      <trkpt lat="46.78938" lon="17.69697">
        <ele>94.11</ele>
      </trkpt>
      <trkpt lat="46.78892" lon="17.69724">
        <ele>96.69</ele>
      </trkpt>
      <trkpt lat="46.78847" lon="17.69752">
        <ele>99.85</ele>
      </trkpt>
      <trkpt lat="46.78842" lon="17.69755">
        <ele>97.87</ele>
      </trkpt>
      <trkpt lat="46.78842" lon="17.69755">
        <ele>97.87</ele>
      </trkpt>
      <trkpt lat="46.78854" lon="17.69797">
        <ele>102.48</ele>
      </trkpt>
      <trkpt lat="46.78854" lon="17.69797">
        <ele>102.48</ele>
      </trkpt>
      <trkpt lat="46.78859" lon="17.69814">
        <ele>103.6</ele>
      </trkpt>
      <trkpt lat="46.78877" lon="17.69875">
        <ele>103.43</ele>
      </trkpt>
      <trkpt lat="46.78894" lon="17.69936">
        <ele>101.68</ele>
      </trkpt>
      <trkpt lat="46.78919" lon="17.70023">
        <ele>99.99</ele>
      </trkpt>
      <trkpt lat="46.78936" lon="17.70084">
        <ele>98.79</ele>
      </trkpt>
      <trkpt lat="46.78953" lon="17.70145">
        <ele>100.74</ele>
      </trkpt>
      <trkpt lat="46.78973" lon="17.70213">
        <ele>100.11</ele>
      </trkpt>
      <trkpt lat="46.78992" lon="17.70281">
        <ele>105.42</ele>
      </trkpt>
      <trkpt lat="46.78992" lon="17.70281">
        <ele>105.42</ele>
      </trkpt>
      <trkpt lat="46.79023" lon="17.70388">
        <ele>105.98</ele>
      </trkpt>
      <trkpt lat="46.79046" lon="17.7047">
        <ele>104.4</ele>
      </trkpt>
      <trkpt lat="46.79077" lon="17.70581">
        <ele>104.25</ele>
      </trkpt>
      <trkpt lat="46.79093" lon="17.70637">
        <ele>104.37</ele>
      </trkpt>
      <trkpt lat="46.791" lon="17.70659">
        <ele>105.1</ele>
      </trkpt>
      <trkpt lat="46.79109" lon="17.70691">
        <ele>105.92</ele>
      </trkpt>
      <trkpt lat="46.79109" lon="17.70691">
        <ele>105.92</ele>
      </trkpt>
      <trkpt lat="46.79129" lon="17.70761">
        <ele>100.48</ele>
      </trkpt>
      <trkpt lat="46.79153" lon="17.70846">
        <ele>98.06</ele>
      </trkpt>
      <trkpt lat="46.79168" lon="17.709">
        <ele>95.04</ele>
      </trkpt>
      <trkpt lat="46.79187" lon="17.70965">
        <ele>98.4</ele>
      </trkpt>
      <trkpt lat="46.79205" lon="17.7103">
        <ele>98.32</ele>
      </trkpt>
      <trkpt lat="46.79224" lon="17.71094">
        <ele>95.05</ele>
      </trkpt>
      <trkpt lat="46.79242" lon="17.71159">
        <ele>95.27</ele>
      </trkpt>
      <trkpt lat="46.79255" lon="17.71204">
        <ele>100.33</ele>
      </trkpt>
      <trkpt lat="46.79274" lon="17.71271">
        <ele>104.49</ele>
      </trkpt>
      <trkpt lat="46.79274" lon="17.71271">
        <ele>104.49</ele>
      </trkpt>
      <trkpt lat="46.79323" lon="17.71445">
        <ele>106.2</ele>
      </trkpt>
      <trkpt lat="46.79324" lon="17.71451">
        <ele>105.7</ele>
      </trkpt>
      <trkpt lat="46.7933" lon="17.71471">
        <ele>104.01</ele>
      </trkpt>
      <trkpt lat="46.79335" lon="17.71489">
        <ele>102.77</ele>
      </trkpt>
      <trkpt lat="46.79342" lon="17.71515">
        <ele>101.29</ele>
      </trkpt>
      <trkpt lat="46.79378" lon="17.71643">
        <ele>98.72</ele>
      </trkpt>
      <trkpt lat="46.79435" lon="17.71841">
        <ele>102.77</ele>
      </trkpt>
      <trkpt lat="46.7944" lon="17.71857">
        <ele>102.46</ele>
      </trkpt>
      <trkpt lat="46.7944" lon="17.71857">
        <ele>102.46</ele>
      </trkpt>
      <trkpt lat="46.79443" lon="17.7187">
        <ele>102.07</ele>
      </trkpt>
      <trkpt lat="46.79448" lon="17.71883">
        <ele>102.3</ele>
      </trkpt>
      <trkpt lat="46.79454" lon="17.71894">
        <ele>103.95</ele>
      </trkpt>
      <trkpt lat="46.7946" lon="17.71902">
        <ele>106.04</ele>
      </trkpt>
      <trkpt lat="46.79482" lon="17.71922">
        <ele>107.41</ele>
      </trkpt>
      <trkpt lat="46.79488" lon="17.7193">
        <ele>106.95</ele>
      </trkpt>
      <trkpt lat="46.79492" lon="17.71938">
        <ele>107.69</ele>
      </trkpt>
      <trkpt lat="46.79495" lon="17.71948">
        <ele>108.59</ele>
      </trkpt>
      <trkpt lat="46.79496" lon="17.71958">
        <ele>107.95</ele>
      </trkpt>
      <trkpt lat="46.79497" lon="17.71966">
        <ele>107.42</ele>
      </trkpt>
      <trkpt lat="46.79498" lon="17.71981">
        <ele>106.05</ele>
      </trkpt>
      <trkpt lat="46.79498" lon="17.72006">
        <ele>103.38</ele>
      </trkpt>
      <trkpt lat="46.79496" lon="17.72033">
        <ele>101.05</ele>
      </trkpt>
      <trkpt lat="46.79497" lon="17.72049">
        <ele>100.29</ele>
      </trkpt>
      <trkpt lat="46.79497" lon="17.72052">
        <ele>100.16</ele>
      </trkpt>
      <trkpt lat="46.79497" lon="17.72052">
        <ele>100.16</ele>
      </trkpt>
      <trkpt lat="46.79498" lon="17.7206">
        <ele>100.0</ele>
      </trkpt>
      <trkpt lat="46.79499" lon="17.72068">
        <ele>100.0</ele>
      </trkpt>
      <trkpt lat="46.79539" lon="17.72208">
        <ele>100.92</ele>
      </trkpt>
      <trkpt lat="46.79576" lon="17.72337">
        <ele>100.97</ele>
      </trkpt>
      <trkpt lat="46.7961" lon="17.72459">
        <ele>103.99</ele>
      </trkpt>
      <trkpt lat="46.79615" lon="17.72475">
        <ele>102.35</ele>
      </trkpt>
      <trkpt lat="46.7962" lon="17.72489">
        <ele>101.31</ele>
      </trkpt>
      <trkpt lat="46.7963" lon="17.72509">
        <ele>99.31</ele>
      </trkpt>
      <trkpt lat="46.79638" lon="17.7253">
        <ele>97.09</ele>
      </trkpt>
      <trkpt lat="46.79639" lon="17.72535">
        <ele>97.0</ele>
      </trkpt>
      <trkpt lat="46.79641" lon="17.72539">
        <ele>97.12</ele>
      </trkpt>
      <trkpt lat="46.79642" lon="17.72543">
        <ele>97.25</ele>
      </trkpt>
      <trkpt lat="46.79646" lon="17.72555">
        <ele>98.0</ele>
      </trkpt>
      <trkpt lat="46.79647" lon="17.72563">
        <ele>98.78</ele>
      </trkpt>
      <trkpt lat="46.79645" lon="17.72575">
        <ele>99.43</ele>
      </trkpt>
      <trkpt lat="46.79645" lon="17.72575">
        <ele>99.43</ele>
      </trkpt>
      <trkpt lat="46.79645" lon="17.72584">
        <ele>100.06</ele>
      </trkpt>
      <trkpt lat="46.79647" lon="17.72595">
        <ele>99.87</ele>
      </trkpt>
      <trkpt lat="46.79708" lon="17.72809">
        <ele>104.94</ele>
      </trkpt>
      <trkpt lat="46.79715" lon="17.72834">
        <ele>104.21</ele>
      </trkpt>
      <trkpt lat="46.79737" lon="17.72912">
        <ele>103.68</ele>
      </trkpt>
      <trkpt lat="46.79763" lon="17.73007">
        <ele>102.01</ele>
      </trkpt>
      <trkpt lat="46.79763" lon="17.73007">
        <ele>102.01</ele>
      </trkpt>
      <trkpt lat="46.7978" lon="17.73068">
        <ele>104.85</ele>
      </trkpt>
      <trkpt lat="46.79797" lon="17.73129">
        <ele>101.48</ele>
      </trkpt>
      <trkpt lat="46.79815" lon="17.7319">
        <ele>101.66</ele>
      </trkpt>
      <trkpt lat="46.79832" lon="17.7325">
        <ele>102.1</ele>
      </trkpt>
      <trkpt lat="46.79849" lon="17.73311">
        <ele>100.37</ele>
      </trkpt>
      <trkpt lat="46.79866" lon="17.73372">
        <ele>107.33</ele>
      </trkpt>
      <trkpt lat="46.79884" lon="17.73433">
        <ele>107.97</ele>
      </trkpt>
      <trkpt lat="46.79901" lon="17.73494">
        <ele>106.75</ele>
      </trkpt>
      <trkpt lat="46.79918" lon="17.73555">
        <ele>104.07</ele>
      </trkpt>
      <trkpt lat="46.79935" lon="17.73615">
        <ele>103.86</ele>
      </trkpt>
      <trkpt lat="46.79953" lon="17.73676">
        <ele>103.08</ele>
      </trkpt>
      <trkpt lat="46.7997" lon="17.73737">
        <ele>101.87</ele>
      </trkpt>
      <trkpt lat="46.79987" lon="17.73798">
        <ele>102.22</ele>
      </trkpt>
      <trkpt lat="46.79987" lon="17.73798">
        <ele>102.22</ele>
      </trkpt>
      <trkpt lat="46.80056" lon="17.74041">
        <ele>101.52</ele>
      </trkpt>
      <trkpt lat="46.80119" lon="17.74265">
        <ele>100.43</ele>
      </trkpt>
      <trkpt lat="46.80137" lon="17.74327">
        <ele>100.07</ele>
      </trkpt>
      <trkpt lat="46.80166" lon="17.74432">
        <ele>100.59</ele>
      </trkpt>
      <trkpt lat="46.80168" lon="17.74438">
        <ele>100.62</ele>
      </trkpt>
      <trkpt lat="46.80171" lon="17.74443">
        <ele>100.48</ele>
      </trkpt>
      <trkpt lat="46.80178" lon="17.74452">
        <ele>99.73</ele>
      </trkpt>
      <trkpt lat="46.8019" lon="17.74465">
        <ele>98.98</ele>
      </trkpt>
      <trkpt lat="46.80205" lon="17.74485">
        <ele>97.95</ele>
      </trkpt>
      <trkpt lat="46.80209" lon="17.74491">
        <ele>97.63</ele>
      </trkpt>
      <trkpt lat="46.80211" lon="17.74497">
        <ele>97.45</ele>
      </trkpt>
      <trkpt lat="46.80214" lon="17.74505">
        <ele>97.06</ele>
      </trkpt>
      <trkpt lat="46.80219" lon="17.74523">
        <ele>96.19</ele>
      </trkpt>
      <trkpt lat="46.80226" lon="17.74547">
        <ele>96.73</ele>
      </trkpt>
      <trkpt lat="46.80227" lon="17.74552">
        <ele>96.89</ele>
      </trkpt>
      <trkpt lat="46.80258" lon="17.74533">
        <ele>97.86</ele>
      </trkpt>
      <trkpt lat="46.80266" lon="17.74531">
        <ele>98.73</ele>
      </trkpt>
      <trkpt lat="46.80271" lon="17.74532">
        <ele>99.27</ele>
      </trkpt>
      <trkpt lat="46.80277" lon="17.74536">
        <ele>99.92</ele>
      </trkpt>
      <trkpt lat="46.80282" lon="17.74543">
        <ele>100.52</ele>
      </trkpt>
      <trkpt lat="46.80288" lon="17.74558">
        <ele>100.98</ele>
      </trkpt>
      <trkpt lat="46.80295" lon="17.74585">
        <ele>100.22</ele>
      </trkpt>
      <trkpt lat="46.80316" lon="17.7466">
        <ele>100.38</ele>
      </trkpt>
      <trkpt lat="46.80324" lon="17.74686">
        <ele>100.2</ele>
      </trkpt>
      <trkpt lat="46.80324" lon="17.74686">
        <ele>100.2</ele>
      </trkpt>
      <trkpt lat="46.80339" lon="17.7474">
        <ele>96.41</ele>
      </trkpt>
      <trkpt lat="46.80353" lon="17.74789">
        <ele>95.16</ele>
      </trkpt>
      <trkpt lat="46.80362" lon="17.74823">
        <ele>98.32</ele>
      </trkpt>
      <trkpt lat="46.80369" lon="17.74847">
        <ele>99.92</ele>
      </trkpt>
      <trkpt lat="46.80373" lon="17.74845">
        <ele>100.03</ele>
      </trkpt>
      <trkpt lat="46.80407" lon="17.74824">
        <ele>102.94</ele>
      </trkpt>
      <trkpt lat="46.80413" lon="17.74826">
        <ele>103.92</ele>
      </trkpt>
      <trkpt lat="46.8042" lon="17.74837">
        <ele>104.42</ele>
      </trkpt>
      <trkpt lat="46.80439" lon="17.7489">
        <ele>102.8</ele>
      </trkpt>
      <trkpt lat="46.8047" lon="17.74979">
        <ele>105.19</ele>
      </trkpt>
      <trkpt lat="46.80505" lon="17.75083">
        <ele>103.72</ele>
      </trkpt>
      <trkpt lat="46.80542" lon="17.75192">
        <ele>105.07</ele>
      </trkpt>
      <trkpt lat="46.80563" lon="17.75253">
        <ele>106.43</ele>
      </trkpt>
      <trkpt lat="46.80563" lon="17.75253">
        <ele>106.43</ele>
      </trkpt>
      <trkpt lat="46.80592" lon="17.75337">
        <ele>99.85</ele>
      </trkpt>
      <trkpt lat="46.80614" lon="17.75415">
        <ele>100.74</ele>
      </trkpt>
      <trkpt lat="46.80635" lon="17.75493">
        <ele>99.64</ele>
      </trkpt>
      <trkpt lat="46.80657" lon="17.75571">
        <ele>103.49</ele>
      </trkpt>
      <trkpt lat="46.80677" lon="17.75642">
        <ele>102.89</ele>
      </trkpt>
      <trkpt lat="46.80698" lon="17.75714">
        <ele>99.87</ele>
      </trkpt>
      <trkpt lat="46.80718" lon="17.75785">
        <ele>91.63</ele>
      </trkpt>
      <trkpt lat="46.80723" lon="17.75804">
        <ele>94.7</ele>
      </trkpt>
      <trkpt lat="46.80748" lon="17.75885">
        <ele>95.8</ele>
      </trkpt>
      <trkpt lat="46.80772" lon="17.75966">
        <ele>103.15</ele>
      </trkpt>
      <trkpt lat="46.80798" lon="17.76051">
        <ele>104.34</ele>
      </trkpt>
      <trkpt lat="46.80823" lon="17.76137">
        <ele>97.89</ele>
      </trkpt>
      <trkpt lat="46.80837" lon="17.76178">
        <ele>100.54</ele>
      </trkpt>
      <trkpt lat="46.80859" lon="17.76238">
        <ele>102.28</ele>
      </trkpt>
      <trkpt lat="46.8088" lon="17.76298">
        <ele>95.93</ele>
      </trkpt>
      <trkpt lat="46.80902" lon="17.76357">
        <ele>97.82</ele>
      </trkpt>
      <trkpt lat="46.80923" lon="17.76417">
        <ele>103.09</ele>
      </trkpt>
      <trkpt lat="46.80945" lon="17.76477">
        <ele>101.22</ele>
      </trkpt>
      <trkpt lat="46.8096" lon="17.76518">
        <ele>102.26</ele>
      </trkpt>
      <trkpt lat="46.8096" lon="17.76518">
        <ele>102.26</ele>
      </trkpt>
      <trkpt lat="46.80961" lon="17.76521">
        <ele>102.72</ele>
      </trkpt>
      <trkpt lat="46.80965" lon="17.7653">
        <ele>104.12</ele>
      </trkpt>
      <trkpt lat="46.81031" lon="17.76707">
        <ele>102.92</ele>
      </trkpt>
      <trkpt lat="46.81082" lon="17.76844">
        <ele>105.48</ele>
      </trkpt>
      <trkpt lat="46.81093" lon="17.76873">
        <ele>104.06</ele>
      </trkpt>
      <trkpt lat="46.81109" lon="17.76914">
        <ele>101.95</ele>
      </trkpt>
      <trkpt lat="46.81109" lon="17.76914">
        <ele>101.95</ele>
      </trkpt>
      <trkpt lat="46.81118" lon="17.76941">
        <ele>102.28</ele>
      </trkpt>
      <trkpt lat="46.81099" lon="17.76957">
        <ele>100.26</ele>
      </trkpt>
      <trkpt lat="46.81122" lon="17.77022">
        <ele>101.4</ele>
      </trkpt>
      <trkpt lat="46.81139" lon="17.77068">
        <ele>102.54</ele>
      </trkpt>
      <trkpt lat="46.81139" lon="17.77068">
        <ele>102.54</ele>
      </trkpt>
      <trkpt lat="46.81165" lon="17.77139">
        <ele>100.06</ele>
      </trkpt>
      <trkpt lat="46.81156" lon="17.77146">
        <ele>100.44</ele>
      </trkpt>
      <trkpt lat="46.8114" lon="17.77159">
        <ele>100.29</ele>
      </trkpt>
      <trkpt lat="46.81134" lon="17.77163">
        <ele>99.76</ele>
      </trkpt>
      <trkpt lat="46.81075" lon="17.77208">
        <ele>102.99</ele>
      </trkpt>
      <trkpt lat="46.81042" lon="17.77235">
        <ele>102.77</ele>
      </trkpt>
      <trkpt lat="46.81038" lon="17.77238">
        <ele>102.31</ele>
      </trkpt>
      <trkpt lat="46.81042" lon="17.77235">
        <ele>102.77</ele>
      </trkpt>
      <trkpt lat="46.81038" lon="17.77238">
        <ele>102.31</ele>
      </trkpt>
      <trkpt lat="46.81028" lon="17.77245">
        <ele>101.03</ele>
      </trkpt>
      <trkpt lat="46.81031" lon="17.77252">
        <ele>101.52</ele>
      </trkpt>
      <trkpt lat="46.81032" lon="17.77255">
        <ele>101.73</ele>
      </trkpt>
      <trkpt lat="46.81038" lon="17.7727">
        <ele>102.66</ele>
      </trkpt>
      <trkpt lat="46.81048" lon="17.77279">
        <ele>103.47</ele>
      </trkpt>
      <trkpt lat="46.81067" lon="17.77333">
        <ele>102.76</ele>
      </trkpt>
      <trkpt lat="46.81067" lon="17.77342">
        <ele>103.15</ele>
      </trkpt>
      <trkpt lat="46.81067" lon="17.77351">
        <ele>103.55</ele>
      </trkpt>
      <trkpt lat="46.81068" lon="17.77363">
        <ele>103.99</ele>
      </trkpt>
      <trkpt lat="46.81096" lon="17.77445">
        <ele>106.53</ele>
      </trkpt>
      <trkpt lat="46.81102" lon="17.77461">
        <ele>106.13</ele>
      </trkpt>
      <trkpt lat="46.81104" lon="17.77468">
        <ele>106.04</ele>
      </trkpt>
      <trkpt lat="46.81104" lon="17.77468">
        <ele>106.04</ele>
      </trkpt>
      <trkpt lat="46.81118" lon="17.77507">
        <ele>104.31</ele>
      </trkpt>
      <trkpt lat="46.81118" lon="17.77507">
        <ele>104.31</ele>
      </trkpt>
      <trkpt lat="46.81116" lon="17.77509">
        <ele>104.23</ele>
      </trkpt>
      <trkpt lat="46.8109" lon="17.77532">
        <ele>102.47</ele>
      </trkpt>
      <trkpt lat="46.81086" lon="17.77536">
        <ele>102.63</ele>
      </trkpt>
      <trkpt lat="46.81091" lon="17.77548">
        <ele>103.33</ele>
      </trkpt>
      <trkpt lat="46.81091" lon="17.77548">
        <ele>103.33</ele>
      </trkpt>
      <trkpt lat="46.81103" lon="17.77576">
        <ele>104.46</ele>
      </trkpt>
      <trkpt lat="46.81111" lon="17.77592">
        <ele>104.95</ele>
      </trkpt>
      <trkpt lat="46.81117" lon="17.77607">
        <ele>106.19</ele>
      </trkpt>
      <trkpt lat="46.81125" lon="17.77624">
        <ele>106.23</ele>
      </trkpt>
      <trkpt lat="46.81127" lon="17.77633">
        <ele>106.31</ele>
      </trkpt>
      <trkpt lat="46.81128" lon="17.7764">
        <ele>106.3</ele>
      </trkpt>
      <trkpt lat="46.81126" lon="17.77651">
        <ele>105.42</ele>
      </trkpt>
      <trkpt lat="46.81112" lon="17.77666">
        <ele>103.16</ele>
      </trkpt>
      <trkpt lat="46.81078" lon="17.77702">
        <ele>109.96</ele>
      </trkpt>
      <trkpt lat="46.81078" lon="17.77702">
        <ele>109.96</ele>
      </trkpt>
      <trkpt lat="46.81083" lon="17.77715">
        <ele>111.22</ele>
      </trkpt>
      <trkpt lat="46.81101" lon="17.77757">
        <ele>116.26</ele>
      </trkpt>
      <trkpt lat="46.81101" lon="17.77757">
        <ele>116.26</ele>
      </trkpt>
      <trkpt lat="46.81127" lon="17.77819">
        <ele>122.82</ele>
      </trkpt>
      <trkpt lat="46.81153" lon="17.7788">
        <ele>122.5</ele>
      </trkpt>
      <trkpt lat="46.81177" lon="17.77936">
        <ele>124.42</ele>
      </trkpt>
      <trkpt lat="46.812" lon="17.77993">
        <ele>127.75</ele>
      </trkpt>
      <trkpt lat="46.81224" lon="17.78049">
        <ele>129.37</ele>
      </trkpt>
      <trkpt lat="46.81247" lon="17.78102">
        <ele>132.3</ele>
      </trkpt>
      <trkpt lat="46.81265" lon="17.78146">
        <ele>131.14</ele>
      </trkpt>
      <trkpt lat="46.81265" lon="17.78146">
        <ele>131.14</ele>
      </trkpt>
      <trkpt lat="46.81287" lon="17.78198">
        <ele>128.35</ele>
      </trkpt>
      <trkpt lat="46.8133" lon="17.783">
        <ele>127.86</ele>
      </trkpt>
      <trkpt lat="46.81339" lon="17.7832">
        <ele>127.07</ele>
      </trkpt>
      <trkpt lat="46.81389" lon="17.78439">
        <ele>125.19</ele>
      </trkpt>
      <trkpt lat="46.81399" lon="17.78463">
        <ele>120.81</ele>
      </trkpt>
      <trkpt lat="46.81406" lon="17.7848">
        <ele>119.78</ele>
      </trkpt>
      <trkpt lat="46.81429" lon="17.78475">
        <ele>119.12</ele>
      </trkpt>
      <trkpt lat="46.8144" lon="17.78483">
        <ele>117.25</ele>
      </trkpt>
      <trkpt lat="46.81448" lon="17.78501">
        <ele>115.74</ele>
      </trkpt>
      <trkpt lat="46.81448" lon="17.78501">
        <ele>115.74</ele>
      </trkpt>
      <trkpt lat="46.81451" lon="17.78507">
        <ele>115.47</ele>
      </trkpt>
      <trkpt lat="46.81515" lon="17.78737">
        <ele>110.0</ele>
      </trkpt>
      <trkpt lat="46.81528" lon="17.78766">
        <ele>109.99</ele>
      </trkpt>
      <trkpt lat="46.81542" lon="17.78793">
        <ele>108.41</ele>
      </trkpt>
      <trkpt lat="46.81549" lon="17.78816">
        <ele>107.01</ele>
      </trkpt>
      <trkpt lat="46.81554" lon="17.78843">
        <ele>105.27</ele>
      </trkpt>
      <trkpt lat="46.81558" lon="17.78876">
        <ele>104.09</ele>
      </trkpt>
      <trkpt lat="46.81562" lon="17.78897">
        <ele>104.46</ele>
      </trkpt>
      <trkpt lat="46.81601" lon="17.79036">
        <ele>109.57</ele>
      </trkpt>
      <trkpt lat="46.81601" lon="17.79036">
        <ele>109.57</ele>
      </trkpt>
      <trkpt lat="46.81607" lon="17.79059">
        <ele>110.72</ele>
      </trkpt>
      <trkpt lat="46.81616" lon="17.79083">
        <ele>110.47</ele>
      </trkpt>
      <trkpt lat="46.8163" lon="17.79115">
        <ele>108.92</ele>
      </trkpt>
      <trkpt lat="46.81634" lon="17.79125">
        <ele>108.44</ele>
      </trkpt>
      <trkpt lat="46.81656" lon="17.79176">
        <ele>105.38</ele>
      </trkpt>
      <trkpt lat="46.81668" lon="17.79203">
        <ele>105.09</ele>
      </trkpt>
      <trkpt lat="46.81673" lon="17.79224">
        <ele>104.65</ele>
      </trkpt>
      <trkpt lat="46.81675" lon="17.7924">
        <ele>104.39</ele>
      </trkpt>
      <trkpt lat="46.81672" lon="17.79252">
        <ele>104.95</ele>
      </trkpt>
      <trkpt lat="46.81675" lon="17.79265">
        <ele>104.07</ele>
      </trkpt>
      <trkpt lat="46.81678" lon="17.79274">
        <ele>103.64</ele>
      </trkpt>
      <trkpt lat="46.81691" lon="17.79296">
        <ele>104.19</ele>
      </trkpt>
      <trkpt lat="46.81691" lon="17.79296">
        <ele>104.19</ele>
      </trkpt>
      <trkpt lat="46.81697" lon="17.79307">
        <ele>104.91</ele>
      </trkpt>
      <trkpt lat="46.81744" lon="17.79442">
        <ele>103.85</ele>
      </trkpt>
      <trkpt lat="46.81759" lon="17.79475">
        <ele>99.11</ele>
      </trkpt>
      <trkpt lat="46.81781" lon="17.7954">
        <ele>95.66</ele>
      </trkpt>
      <trkpt lat="46.81782" lon="17.79544">
        <ele>96.16</ele>
      </trkpt>
      <trkpt lat="46.81782" lon="17.79544">
        <ele>96.16</ele>
      </trkpt>
      <trkpt lat="46.81782" lon="17.79544">
        <ele>96.16</ele>
      </trkpt>
      <trkpt lat="46.81782" lon="17.79545">
        <ele>96.29</ele>
      </trkpt>
      <trkpt lat="46.81879" lon="17.79471">
        <ele>102.26</ele>
      </trkpt>
      <trkpt lat="46.81888" lon="17.79466">
        <ele>101.37</ele>
      </trkpt>
      <trkpt lat="46.81895" lon="17.7947">
        <ele>100.24</ele>
      </trkpt>
      <trkpt lat="46.81901" lon="17.79483">
        <ele>101.35</ele>
      </trkpt>
      <trkpt lat="46.8197" lon="17.79671">
        <ele>92.69</ele>
      </trkpt>
      <trkpt lat="46.81979" lon="17.79677">
        <ele>90.88</ele>
      </trkpt>
      <trkpt lat="46.81987" lon="17.79674">
        <ele>87.4</ele>
      </trkpt>
      <trkpt lat="46.82003" lon="17.79662">
        <ele>81.22</ele>
      </trkpt>
      <trkpt lat="46.82003" lon="17.79662">
        <ele>81.22</ele>
      </trkpt>
      <trkpt lat="46.82117" lon="17.7958">
        <ele>94.5</ele>
      </trkpt>
      <trkpt lat="46.82117" lon="17.7958">
        <ele>94.5</ele>
      </trkpt>
      <trkpt lat="46.82121" lon="17.79593">
        <ele>95.98</ele>
      </trkpt>
      <trkpt lat="46.82121" lon="17.79593">
        <ele>95.98</ele>
      </trkpt>
      <trkpt lat="46.82013" lon="17.79672">
        <ele>82.16</ele>
      </trkpt>
      <trkpt lat="46.82013" lon="17.79672">
        <ele>82.16</ele>
      </trkpt>
      <trkpt lat="46.82014" lon="17.7967">
        <ele>81.72</ele>
      </trkpt>
      <trkpt lat="46.82018" lon="17.79674">
        <ele>82.51</ele>
      </trkpt>
      <trkpt lat="46.82038" lon="17.79735">
        <ele>99.78</ele>
      </trkpt>
      <trkpt lat="46.82071" lon="17.79826">
        <ele>103.36</ele>
      </trkpt>
      <trkpt lat="46.82108" lon="17.79914">
        <ele>114.37</ele>
      </trkpt>
      <trkpt lat="46.82112" lon="17.79926">
        <ele>113.93</ele>
      </trkpt>
      <trkpt lat="46.82113" lon="17.79936">
        <ele>112.85</ele>
      </trkpt>
      <trkpt lat="46.82115" lon="17.79946">
        <ele>111.83</ele>
      </trkpt>
      <trkpt lat="46.82125" lon="17.79961">
        <ele>110.21</ele>
      </trkpt>
      <trkpt lat="46.82136" lon="17.79966">
        <ele>109.67</ele>
      </trkpt>
      <trkpt lat="46.82144" lon="17.79972">
        <ele>107.18</ele>
      </trkpt>
      <trkpt lat="46.8215" lon="17.79981">
        <ele>103.8</ele>
      </trkpt>
      <trkpt lat="46.82158" lon="17.80003">
        <ele>99.02</ele>
      </trkpt>
      <trkpt lat="46.82161" lon="17.80001">
        <ele>98.39</ele>
      </trkpt>
      <trkpt lat="46.82161" lon="17.80001">
        <ele>98.39</ele>
      </trkpt>
      <trkpt lat="46.82207" lon="17.79966">
        <ele>91.97</ele>
      </trkpt>
      <trkpt lat="46.82291" lon="17.8016">
        <ele>98.37</ele>
      </trkpt>
      <trkpt lat="46.8231" lon="17.80211">
        <ele>95.92</ele>
      </trkpt>
      <trkpt lat="46.82425" lon="17.8056">
        <ele>100.22</ele>
      </trkpt>
      <trkpt lat="46.82431" lon="17.80571">
        <ele>100.76</ele>
      </trkpt>
      <trkpt lat="46.82444" lon="17.80589">
        <ele>99.97</ele>
      </trkpt>
      <trkpt lat="46.82452" lon="17.80603">
        <ele>97.65</ele>
      </trkpt>
      <trkpt lat="46.82455" lon="17.80615">
        <ele>96.01</ele>
      </trkpt>
      <trkpt lat="46.82455" lon="17.80621">
        <ele>95.45</ele>
      </trkpt>
      <trkpt lat="46.82453" lon="17.80627">
        <ele>94.77</ele>
      </trkpt>
      <trkpt lat="46.8245" lon="17.80633">
        <ele>93.99</ele>
      </trkpt>
      <trkpt lat="46.82415" lon="17.8066">
        <ele>93.19</ele>
      </trkpt>
      <trkpt lat="46.82415" lon="17.8066">
        <ele>93.19</ele>
      </trkpt>
      <trkpt lat="46.8242" lon="17.80656">
        <ele>93.26</ele>
      </trkpt>
      <trkpt lat="46.82441" lon="17.80712">
        <ele>94.33</ele>
      </trkpt>
      <trkpt lat="46.82476" lon="17.80805">
        <ele>96.77</ele>
      </trkpt>
      <trkpt lat="46.82511" lon="17.80899">
        <ele>98.38</ele>
      </trkpt>
      <trkpt lat="46.82547" lon="17.80993">
        <ele>100.43</ele>
      </trkpt>
      <trkpt lat="46.82576" lon="17.81072">
        <ele>100.44</ele>
      </trkpt>
      <trkpt lat="46.82576" lon="17.81072">
        <ele>100.44</ele>
      </trkpt>
      <trkpt lat="46.82594" lon="17.81121">
        <ele>99.78</ele>
      </trkpt>
      <trkpt lat="46.82617" lon="17.81181">
        <ele>101.16</ele>
      </trkpt>
      <trkpt lat="46.8264" lon="17.81242">
        <ele>103.0</ele>
      </trkpt>
      <trkpt lat="46.82662" lon="17.81302">
        <ele>99.09</ele>
      </trkpt>
      <trkpt lat="46.82685" lon="17.81362">
        <ele>99.06</ele>
      </trkpt>
      <trkpt lat="46.82709" lon="17.81426">
        <ele>101.76</ele>
      </trkpt>
      <trkpt lat="46.82732" lon="17.81489">
        <ele>100.12</ele>
      </trkpt>
      <trkpt lat="46.82756" lon="17.81553">
        <ele>99.27</ele>
      </trkpt>
      <trkpt lat="46.82756" lon="17.81553">
        <ele>99.27</ele>
      </trkpt>
      <trkpt lat="46.82775" lon="17.81604">
        <ele>100.98</ele>
      </trkpt>
      <trkpt lat="46.82798" lon="17.81664">
        <ele>99.82</ele>
      </trkpt>
      <trkpt lat="46.8282" lon="17.81725">
        <ele>102.12</ele>
      </trkpt>
      <trkpt lat="46.82843" lon="17.81785">
        <ele>101.29</ele>
      </trkpt>
      <trkpt lat="46.82865" lon="17.81845">
        <ele>101.7</ele>
      </trkpt>
      <trkpt lat="46.82888" lon="17.81905">
        <ele>93.16</ele>
      </trkpt>
      <trkpt lat="46.82911" lon="17.81965">
        <ele>94.17</ele>
      </trkpt>
      <trkpt lat="46.82933" lon="17.82026">
        <ele>93.74</ele>
      </trkpt>
      <trkpt lat="46.82956" lon="17.82086">
        <ele>99.42</ele>
      </trkpt>
      <trkpt lat="46.82966" lon="17.82113">
        <ele>100.95</ele>
      </trkpt>
      <trkpt lat="46.82966" lon="17.82113">
        <ele>100.95</ele>
      </trkpt>
      <trkpt lat="46.82993" lon="17.82185">
        <ele>103.98</ele>
      </trkpt>
      <trkpt lat="46.83019" lon="17.82258">
        <ele>101.89</ele>
      </trkpt>
      <trkpt lat="46.83046" lon="17.8233">
        <ele>103.52</ele>
      </trkpt>
      <trkpt lat="46.83035" lon="17.8241">
        <ele>108.39</ele>
      </trkpt>
      <trkpt lat="46.83061" lon="17.82487">
        <ele>103.66</ele>
      </trkpt>
      <trkpt lat="46.83086" lon="17.82564">
        <ele>104.39</ele>
      </trkpt>
      <trkpt lat="46.83112" lon="17.82641">
        <ele>104.86</ele>
      </trkpt>
      <trkpt lat="46.83112" lon="17.82641">
        <ele>104.86</ele>
      </trkpt>
      <trkpt lat="46.83114" lon="17.82648">
        <ele>104.5</ele>
      </trkpt>
      <trkpt lat="46.83169" lon="17.82805">
        <ele>103.57</ele>
      </trkpt>
      <trkpt lat="46.83213" lon="17.82929">
        <ele>98.47</ele>
      </trkpt>
      <trkpt lat="46.83217" lon="17.82941">
        <ele>101.07</ele>
      </trkpt>
      <trkpt lat="46.83224" lon="17.82965">
        <ele>100.7</ele>
      </trkpt>
      <trkpt lat="46.83224" lon="17.82972">
        <ele>100.49</ele>
      </trkpt>
      <trkpt lat="46.83222" lon="17.82979">
        <ele>101.98</ele>
      </trkpt>
      <trkpt lat="46.8322" lon="17.82984">
        <ele>102.74</ele>
      </trkpt>
      <trkpt lat="46.83222" lon="17.82993">
        <ele>103.99</ele>
      </trkpt>
      <trkpt lat="46.83226" lon="17.83008">
        <ele>104.57</ele>
      </trkpt>
      <trkpt lat="46.83232" lon="17.83034">
        <ele>105.05</ele>
      </trkpt>
      <trkpt lat="46.83237" lon="17.83053">
        <ele>104.77</ele>
      </trkpt>
      <trkpt lat="46.83254" lon="17.83103">
        <ele>106.36</ele>
      </trkpt>
      <trkpt lat="46.83265" lon="17.83138">
        <ele>105.94</ele>
      </trkpt>
      <trkpt lat="46.83265" lon="17.83138">
        <ele>105.94</ele>
      </trkpt>
      <trkpt lat="46.8327" lon="17.83153">
        <ele>105.42</ele>
      </trkpt>
      <trkpt lat="46.8328" lon="17.83183">
        <ele>105.7</ele>
      </trkpt>
      <trkpt lat="46.83308" lon="17.8326">
        <ele>106.79</ele>
      </trkpt>
      <trkpt lat="46.8334" lon="17.83345">
        <ele>105.64</ele>
      </trkpt>
      <trkpt lat="46.83372" lon="17.8343">
        <ele>102.3</ele>
      </trkpt>
      <trkpt lat="46.83375" lon="17.83439">
        <ele>102.3</ele>
      </trkpt>
      <trkpt lat="46.83397" lon="17.83498">
        <ele>102.73</ele>
      </trkpt>
      <trkpt lat="46.83419" lon="17.83557">
        <ele>102.8</ele>
      </trkpt>
      <trkpt lat="46.83441" lon="17.83616">
        <ele>103.98</ele>
      </trkpt>
      <trkpt lat="46.8346" lon="17.83665">
        <ele>104.7</ele>
      </trkpt>
      <trkpt lat="46.8346" lon="17.83665">
        <ele>104.7</ele>
      </trkpt>
      <trkpt lat="46.83462" lon="17.83672">
        <ele>104.66</ele>
      </trkpt>
      <trkpt lat="46.83485" lon="17.83732">
        <ele>102.86</ele>
      </trkpt>
      <trkpt lat="46.83508" lon="17.83792">
        <ele>104.31</ele>
      </trkpt>
      <trkpt lat="46.8353" lon="17.83852">
        <ele>105.48</ele>
      </trkpt>
      <trkpt lat="46.83553" lon="17.83912">
        <ele>101.38</ele>
      </trkpt>
      <trkpt lat="46.83572" lon="17.83962">
        <ele>103.01</ele>
      </trkpt>
      <trkpt lat="46.83594" lon="17.84021">
        <ele>104.48</ele>
      </trkpt>
      <trkpt lat="46.83616" lon="17.8408">
        <ele>105.43</ele>
      </trkpt>
      <trkpt lat="46.83638" lon="17.84139">
        <ele>109.0</ele>
      </trkpt>
      <trkpt lat="46.83638" lon="17.84139">
        <ele>109.0</ele>
      </trkpt>
      <trkpt lat="46.83643" lon="17.84153">
        <ele>108.99</ele>
      </trkpt>
      <trkpt lat="46.83647" lon="17.84163">
        <ele>108.95</ele>
      </trkpt>
      <trkpt lat="46.83709" lon="17.84332">
        <ele>104.38</ele>
      </trkpt>
      <trkpt lat="46.83732" lon="17.84395">
        <ele>101.98</ele>
      </trkpt>
      <trkpt lat="46.83792" lon="17.84555">
        <ele>105.95</ele>
      </trkpt>
      <trkpt lat="46.83805" lon="17.84588">
        <ele>107.84</ele>
      </trkpt>
      <trkpt lat="46.83829" lon="17.84641">
        <ele>104.75</ele>
      </trkpt>
      <trkpt lat="46.83843" lon="17.84673">
        <ele>105.34</ele>
      </trkpt>
      <trkpt lat="46.83843" lon="17.84673">
        <ele>105.34</ele>
      </trkpt>
      <trkpt lat="46.83849" lon="17.84687">
        <ele>105.87</ele>
      </trkpt>
      <trkpt lat="46.83851" lon="17.84689">
        <ele>105.92</ele>
      </trkpt>
      <trkpt lat="46.83861" lon="17.84713">
        <ele>107.33</ele>
      </trkpt>
      <trkpt lat="46.83891" lon="17.84776">
        <ele>107.79</ele>
      </trkpt>
      <trkpt lat="46.83959" lon="17.84926">
        <ele>103.41</ele>
      </trkpt>
      <trkpt lat="46.83993" lon="17.85001">
        <ele>101.22</ele>
      </trkpt>
      <trkpt lat="46.83993" lon="17.85001">
        <ele>101.22</ele>
      </trkpt>
      <trkpt lat="46.8404" lon="17.85103">
        <ele>101.12</ele>
      </trkpt>
      <trkpt lat="46.84179" lon="17.85412">
        <ele>107.78</ele>
      </trkpt>
      <trkpt lat="46.84182" lon="17.85419">
        <ele>107.64</ele>
      </trkpt>
      <trkpt lat="46.84185" lon="17.85422">
        <ele>106.91</ele>
      </trkpt>
      <trkpt lat="46.84189" lon="17.85424">
        <ele>105.96</ele>
      </trkpt>
      <trkpt lat="46.84195" lon="17.85426">
        <ele>104.63</ele>
      </trkpt>
      <trkpt lat="46.842" lon="17.85426">
        <ele>104.33</ele>
      </trkpt>
      <trkpt lat="46.84204" lon="17.85428">
        <ele>104.04</ele>
      </trkpt>
      <trkpt lat="46.84209" lon="17.85435">
        <ele>103.64</ele>
      </trkpt>
      <trkpt lat="46.84214" lon="17.85443">
        <ele>103.31</ele>
      </trkpt>
      <trkpt lat="46.84216" lon="17.85452">
        <ele>103.5</ele>
      </trkpt>
      <trkpt lat="46.84216" lon="17.85461">
        <ele>103.82</ele>
      </trkpt>
      <trkpt lat="46.84216" lon="17.8547">
        <ele>104.14</ele>
      </trkpt>
      <trkpt lat="46.84215" lon="17.85484">
        <ele>104.59</ele>
      </trkpt>
      <trkpt lat="46.84215" lon="17.85484">
        <ele>104.59</ele>
      </trkpt>
      <trkpt lat="46.84216" lon="17.85492">
        <ele>104.7</ele>
      </trkpt>
      <trkpt lat="46.84219" lon="17.85501">
        <ele>104.51</ele>
      </trkpt>
      <trkpt lat="46.84222" lon="17.8551">
        <ele>104.4</ele>
      </trkpt>
      <trkpt lat="46.84251" lon="17.85572">
        <ele>104.77</ele>
      </trkpt>
      <trkpt lat="46.8428" lon="17.85635">
        <ele>104.06</ele>
      </trkpt>
      <trkpt lat="46.84309" lon="17.85697">
        <ele>102.24</ele>
      </trkpt>
      <trkpt lat="46.84338" lon="17.8576">
        <ele>101.49</ele>
      </trkpt>
      <trkpt lat="46.84367" lon="17.85822">
        <ele>101.98</ele>
      </trkpt>
      <trkpt lat="46.84379" lon="17.8585">
        <ele>103.07</ele>
      </trkpt>
      <trkpt lat="46.84379" lon="17.8585">
        <ele>103.07</ele>
      </trkpt>
      <trkpt lat="46.84409" lon="17.85916">
        <ele>103.87</ele>
      </trkpt>
      <trkpt lat="46.84439" lon="17.85982">
        <ele>99.98</ele>
      </trkpt>
      <trkpt lat="46.84469" lon="17.86048">
        <ele>107.14</ele>
      </trkpt>
      <trkpt lat="46.84506" lon="17.86129">
        <ele>109.55</ele>
      </trkpt>
      <trkpt lat="46.84543" lon="17.8621">
        <ele>110.77</ele>
      </trkpt>
      <trkpt lat="46.84543" lon="17.8621">
        <ele>110.77</ele>
      </trkpt>
      <trkpt lat="46.84569" lon="17.86266">
        <ele>108.58</ele>
      </trkpt>
      <trkpt lat="46.84594" lon="17.86321">
        <ele>102.53</ele>
      </trkpt>
      <trkpt lat="46.84625" lon="17.86388">
        <ele>105.39</ele>
      </trkpt>
      <trkpt lat="46.84655" lon="17.86455">
        <ele>103.3</ele>
      </trkpt>
      <trkpt lat="46.84686" lon="17.86522">
        <ele>103.43</ele>
      </trkpt>
      <trkpt lat="46.84686" lon="17.86522">
        <ele>103.43</ele>
      </trkpt>
      <trkpt lat="46.84691" lon="17.86532">
        <ele>103.71</ele>
      </trkpt>
      <trkpt lat="46.84717" lon="17.86588">
        <ele>106.44</ele>
      </trkpt>
      <trkpt lat="46.84743" lon="17.86643">
        <ele>109.31</ele>
      </trkpt>
      <trkpt lat="46.84785" lon="17.86737">
        <ele>111.06</ele>
      </trkpt>
      <trkpt lat="46.84812" lon="17.86796">
        <ele>106.07</ele>
      </trkpt>
      <trkpt lat="46.84831" lon="17.86839">
        <ele>101.61</ele>
      </trkpt>
      <trkpt lat="46.84861" lon="17.86906">
        <ele>101.24</ele>
      </trkpt>
      <trkpt lat="46.84891" lon="17.86973">
        <ele>108.4</ele>
      </trkpt>
      <trkpt lat="46.84891" lon="17.86973">
        <ele>108.4</ele>
      </trkpt>
      <trkpt lat="46.84906" lon="17.87005">
        <ele>106.87</ele>
      </trkpt>
      <trkpt lat="46.84932" lon="17.87062">
        <ele>109.8</ele>
      </trkpt>
      <trkpt lat="46.84958" lon="17.87118">
        <ele>112.37</ele>
      </trkpt>
      <trkpt lat="46.84963" lon="17.8713">
        <ele>111.99</ele>
      </trkpt>
      <trkpt lat="46.84967" lon="17.87144">
        <ele>111.59</ele>
      </trkpt>
      <trkpt lat="46.84996" lon="17.87207">
        <ele>114.69</ele>
      </trkpt>
      <trkpt lat="46.85024" lon="17.87271">
        <ele>114.79</ele>
      </trkpt>
      <trkpt lat="46.85053" lon="17.87335">
        <ele>115.32</ele>
      </trkpt>
      <trkpt lat="46.85081" lon="17.87398">
        <ele>113.92</ele>
      </trkpt>
      <trkpt lat="46.85081" lon="17.87398">
        <ele>113.92</ele>
      </trkpt>
      <trkpt lat="46.85094" lon="17.87427">
        <ele>113.86</ele>
      </trkpt>
      <trkpt lat="46.8512" lon="17.87484">
        <ele>112.7</ele>
      </trkpt>
      <trkpt lat="46.85146" lon="17.87541">
        <ele>113.57</ele>
      </trkpt>
      <trkpt lat="46.85173" lon="17.87598">
        <ele>119.36</ele>
      </trkpt>
      <trkpt lat="46.85199" lon="17.87654">
        <ele>118.82</ele>
      </trkpt>
      <trkpt lat="46.85225" lon="17.87711">
        <ele>114.8</ele>
      </trkpt>
      <trkpt lat="46.85251" lon="17.87768">
        <ele>108.72</ele>
      </trkpt>
      <trkpt lat="46.85256" lon="17.87774">
        <ele>109.3</ele>
      </trkpt>
      <trkpt lat="46.85256" lon="17.87774">
        <ele>109.3</ele>
      </trkpt>
      <trkpt lat="46.85266" lon="17.87786">
        <ele>110.45</ele>
      </trkpt>
      <trkpt lat="46.85291" lon="17.87841">
        <ele>114.48</ele>
      </trkpt>
      <trkpt lat="46.85315" lon="17.87896">
        <ele>117.34</ele>
      </trkpt>
      <trkpt lat="46.8534" lon="17.87951">
        <ele>117.15</ele>
      </trkpt>
      <trkpt lat="46.85364" lon="17.88007">
        <ele>114.96</ele>
      </trkpt>
      <trkpt lat="46.85389" lon="17.88062">
        <ele>107.53</ele>
      </trkpt>
      <trkpt lat="46.85413" lon="17.88117">
        <ele>106.4</ele>
      </trkpt>
      <trkpt lat="46.85438" lon="17.88172">
        <ele>109.95</ele>
      </trkpt>
      <trkpt lat="46.85451" lon="17.88201">
        <ele>112.93</ele>
      </trkpt>
      <trkpt lat="46.85451" lon="17.88201">
        <ele>112.93</ele>
      </trkpt>
      <trkpt lat="46.85456" lon="17.88211">
        <ele>112.6</ele>
      </trkpt>
      <trkpt lat="46.85454" lon="17.88216">
        <ele>113.25</ele>
      </trkpt>
      <trkpt lat="46.85455" lon="17.88224">
        <ele>113.63</ele>
      </trkpt>
      <trkpt lat="46.85504" lon="17.88333">
        <ele>115.86</ele>
      </trkpt>
      <trkpt lat="46.85512" lon="17.88351">
        <ele>115.67</ele>
      </trkpt>
      <trkpt lat="46.85557" lon="17.88449">
        <ele>114.94</ele>
      </trkpt>
      <trkpt lat="46.85602" lon="17.88549">
        <ele>107.51</ele>
      </trkpt>
      <trkpt lat="46.8561" lon="17.88567">
        <ele>108.78</ele>
      </trkpt>
      <trkpt lat="46.8564" lon="17.88633">
        <ele>110.4</ele>
      </trkpt>
      <trkpt lat="46.8567" lon="17.887">
        <ele>111.49</ele>
      </trkpt>
      <trkpt lat="46.857" lon="17.88766">
        <ele>110.91</ele>
      </trkpt>
      <trkpt lat="46.8573" lon="17.88832">
        <ele>111.29</ele>
      </trkpt>
      <trkpt lat="46.85765" lon="17.88907">
        <ele>108.5</ele>
      </trkpt>
      <trkpt lat="46.85781" lon="17.8894">
        <ele>106.43</ele>
      </trkpt>
      <trkpt lat="46.85811" lon="17.89007">
        <ele>110.15</ele>
      </trkpt>
      <trkpt lat="46.85841" lon="17.89073">
        <ele>108.2</ele>
      </trkpt>
      <trkpt lat="46.85883" lon="17.8916">
        <ele>104.83</ele>
      </trkpt>
      <trkpt lat="46.85883" lon="17.8916">
        <ele>104.83</ele>
      </trkpt>
      <trkpt lat="46.85916" lon="17.89227">
        <ele>101.59</ele>
      </trkpt>
      <trkpt lat="46.85948" lon="17.89294">
        <ele>101.6</ele>
      </trkpt>
      <trkpt lat="46.8598" lon="17.89357">
        <ele>103.23</ele>
      </trkpt>
      <trkpt lat="46.86013" lon="17.89421">
        <ele>106.13</ele>
      </trkpt>
      <trkpt lat="46.86019" lon="17.89429">
        <ele>106.1</ele>
      </trkpt>
      <trkpt lat="46.86023" lon="17.8944">
        <ele>106.59</ele>
      </trkpt>
      <trkpt lat="46.86055" lon="17.89498">
        <ele>110.66</ele>
      </trkpt>
      <trkpt lat="46.86086" lon="17.89556">
        <ele>109.49</ele>
      </trkpt>
      <trkpt lat="46.86118" lon="17.89614">
        <ele>104.42</ele>
      </trkpt>
      <trkpt lat="46.86118" lon="17.89614">
        <ele>104.42</ele>
      </trkpt>
      <trkpt lat="46.86125" lon="17.89628">
        <ele>103.72</ele>
      </trkpt>
      <trkpt lat="46.86137" lon="17.89626">
        <ele>101.01</ele>
      </trkpt>
      <trkpt lat="46.86173" lon="17.89702">
        <ele>102.74</ele>
      </trkpt>
      <trkpt lat="46.86222" lon="17.89813">
        <ele>102.27</ele>
      </trkpt>
      <trkpt lat="46.86238" lon="17.89848">
        <ele>102.99</ele>
      </trkpt>
      <trkpt lat="46.8624" lon="17.89851">
        <ele>103.17</ele>
      </trkpt>
      <trkpt lat="46.86244" lon="17.8986">
        <ele>103.9</ele>
      </trkpt>
      <trkpt lat="46.8626" lon="17.89896">
        <ele>104.02</ele>
      </trkpt>
      <trkpt lat="46.8626" lon="17.89896">
        <ele>104.02</ele>
      </trkpt>
      <trkpt lat="46.86297" lon="17.89977">
        <ele>104.07</ele>
      </trkpt>
      <trkpt lat="46.86355" lon="17.90105">
        <ele>104.44</ele>
      </trkpt>
      <trkpt lat="46.86361" lon="17.90119">
        <ele>105.57</ele>
      </trkpt>
      <trkpt lat="46.86367" lon="17.90132">
        <ele>106.98</ele>
      </trkpt>
      <trkpt lat="46.8638" lon="17.90161">
        <ele>107.02</ele>
      </trkpt>
      <trkpt lat="46.8639" lon="17.90184">
        <ele>106.47</ele>
      </trkpt>
      <trkpt lat="46.86396" lon="17.90196">
        <ele>106.71</ele>
      </trkpt>
      <trkpt lat="46.86417" lon="17.90229">
        <ele>107.25</ele>
      </trkpt>
      <trkpt lat="46.86444" lon="17.90269">
        <ele>104.02</ele>
      </trkpt>
      <trkpt lat="46.86444" lon="17.90269">
        <ele>104.02</ele>
      </trkpt>
      <trkpt lat="46.86458" lon="17.90291">
        <ele>101.31</ele>
      </trkpt>
      <trkpt lat="46.86462" lon="17.90299">
        <ele>100.9</ele>
      </trkpt>
      <trkpt lat="46.86464" lon="17.90305">
        <ele>100.84</ele>
      </trkpt>
      <trkpt lat="46.86467" lon="17.90309">
        <ele>101.15</ele>
      </trkpt>
      <trkpt lat="46.8647" lon="17.90312">
        <ele>101.47</ele>
      </trkpt>
      <trkpt lat="46.86481" lon="17.90326">
        <ele>101.48</ele>
      </trkpt>
      <trkpt lat="46.86484" lon="17.90327">
        <ele>101.59</ele>
      </trkpt>
      <trkpt lat="46.86496" lon="17.9033">
        <ele>102.32</ele>
      </trkpt>
      <trkpt lat="46.86498" lon="17.90331">
        <ele>102.55</ele>
      </trkpt>
      <trkpt lat="46.86499" lon="17.90331">
        <ele>102.61</ele>
      </trkpt>
      <trkpt lat="46.86496" lon="17.9033">
        <ele>102.32</ele>
      </trkpt>
      <trkpt lat="46.86548" lon="17.90342">
        <ele>98.96</ele>
      </trkpt>
      <trkpt lat="46.86548" lon="17.90342">
        <ele>98.96</ele>
      </trkpt>
      <trkpt lat="46.86601" lon="17.90353">
        <ele>101.26</ele>
      </trkpt>
      <trkpt lat="46.86676" lon="17.9037">
        <ele>92.14</ele>
      </trkpt>
      <trkpt lat="46.86722" lon="17.90381">
        <ele>94.7</ele>
      </trkpt>
      <trkpt lat="46.86722" lon="17.90381">
        <ele>94.7</ele>
      </trkpt>
      <trkpt lat="46.86735" lon="17.90384">
        <ele>92.82</ele>
      </trkpt>
      <trkpt lat="46.86766" lon="17.90392">
        <ele>89.9</ele>
      </trkpt>
      <trkpt lat="46.86823" lon="17.90408">
        <ele>90.45</ele>
      </trkpt>
      <trkpt lat="46.86905" lon="17.90426">
        <ele>101.21</ele>
      </trkpt>
      <trkpt lat="46.86905" lon="17.90426">
        <ele>101.21</ele>
      </trkpt>
      <trkpt lat="46.86927" lon="17.90432">
        <ele>101.15</ele>
      </trkpt>
      <trkpt lat="46.86993" lon="17.90448">
        <ele>96.4</ele>
      </trkpt>
      <trkpt lat="46.8709" lon="17.90471">
        <ele>99.19</ele>
      </trkpt>
      <trkpt lat="46.87106" lon="17.90475">
        <ele>99.33</ele>
      </trkpt>
      <trkpt lat="46.87106" lon="17.90475">
        <ele>99.33</ele>
      </trkpt>
      <trkpt lat="46.8714" lon="17.90483">
        <ele>96.7</ele>
      </trkpt>
      <trkpt lat="46.87219" lon="17.905">
        <ele>94.88</ele>
      </trkpt>
      <trkpt lat="46.8732" lon="17.90523">
        <ele>101.02</ele>
      </trkpt>
      <trkpt lat="46.87378" lon="17.90536">
        <ele>100.77</ele>
      </trkpt>
      <trkpt lat="46.87413" lon="17.90546">
        <ele>96.5</ele>
      </trkpt>
      <trkpt lat="46.87503" lon="17.90567">
        <ele>106.7</ele>
      </trkpt>
      <trkpt lat="46.87585" lon="17.90586">
        <ele>103.5</ele>
      </trkpt>
      <trkpt lat="46.87635" lon="17.90597">
        <ele>98.37</ele>
      </trkpt>
      <trkpt lat="46.87682" lon="17.90609">
        <ele>93.48</ele>
      </trkpt>
      <trkpt lat="46.87693" lon="17.90609">
        <ele>93.06</ele>
      </trkpt>
      <trkpt lat="46.87702" lon="17.9061">
        <ele>93.82</ele>
      </trkpt>
      <trkpt lat="46.87714" lon="17.90609">
        <ele>95.11</ele>
      </trkpt>
      <trkpt lat="46.87718" lon="17.90607">
        <ele>95.54</ele>
      </trkpt>
      <trkpt lat="46.87722" lon="17.90603">
        <ele>95.98</ele>
      </trkpt>
      <trkpt lat="46.87724" lon="17.90609">
        <ele>96.31</ele>
      </trkpt>
      <trkpt lat="46.87731" lon="17.90616">
        <ele>97.81</ele>
      </trkpt>
      <trkpt lat="46.87733" lon="17.90618">
        <ele>98.28</ele>
      </trkpt>
      <trkpt lat="46.87744" lon="17.90621">
        <ele>100.56</ele>
      </trkpt>
      <trkpt lat="46.87747" lon="17.90619">
        <ele>101.0</ele>
      </trkpt>
      <trkpt lat="46.87752" lon="17.90615">
        <ele>101.5</ele>
      </trkpt>
      <trkpt lat="46.87758" lon="17.90627">
        <ele>103.01</ele>
      </trkpt>
      <trkpt lat="46.87765" lon="17.9063">
        <ele>103.98</ele>
      </trkpt>
      <trkpt lat="46.87788" lon="17.90633">
        <ele>104.84</ele>
      </trkpt>
      <trkpt lat="46.87803" lon="17.90634">
        <ele>103.83</ele>
      </trkpt>
      <trkpt lat="46.87811" lon="17.90636">
        <ele>103.22</ele>
      </trkpt>
      <trkpt lat="46.87827" lon="17.90646">
        <ele>101.31</ele>
      </trkpt>
      <trkpt lat="46.87841" lon="17.90658">
        <ele>99.76</ele>
      </trkpt>
      <trkpt lat="46.87861" lon="17.90683">
        <ele>98.01</ele>
      </trkpt>
      <trkpt lat="46.87932" lon="17.90786">
        <ele>98.64</ele>
      </trkpt>
      <trkpt lat="46.87934" lon="17.90791">
        <ele>99.15</ele>
      </trkpt>
      <trkpt lat="46.87934" lon="17.90791">
        <ele>99.15</ele>
      </trkpt>
      <trkpt lat="46.87941" lon="17.90803">
        <ele>100.52</ele>
      </trkpt>
      <trkpt lat="46.8795" lon="17.90823">
        <ele>102.63</ele>
      </trkpt>
      <trkpt lat="46.87964" lon="17.90868">
        <ele>107.37</ele>
      </trkpt>
      <trkpt lat="46.87966" lon="17.90872">
        <ele>107.86</ele>
      </trkpt>
      <trkpt lat="46.87968" lon="17.90877">
        <ele>108.48</ele>
      </trkpt>
      <trkpt lat="46.87972" lon="17.90883">
        <ele>109.35</ele>
      </trkpt>
      <trkpt lat="46.87976" lon="17.90892">
        <ele>109.07</ele>
      </trkpt>
      <trkpt lat="46.87984" lon="17.90919">
        <ele>108.68</ele>
      </trkpt>
      <trkpt lat="46.88002" lon="17.90982">
        <ele>98.07</ele>
      </trkpt>
      <trkpt lat="46.88005" lon="17.9099">
        <ele>96.23</ele>
      </trkpt>
      <trkpt lat="46.88007" lon="17.90997">
        <ele>94.87</ele>
      </trkpt>
      <trkpt lat="46.88016" lon="17.91026">
        <ele>91.75</ele>
      </trkpt>
      <trkpt lat="46.88018" lon="17.91038">
        <ele>91.65</ele>
      </trkpt>
      <trkpt lat="46.88018" lon="17.91068">
        <ele>94.11</ele>
      </trkpt>
      <trkpt lat="46.88027" lon="17.91511">
        <ele>102.6</ele>
      </trkpt>
      <trkpt lat="46.88029" lon="17.91616">
        <ele>92.69</ele>
      </trkpt>
      <trkpt lat="46.88029" lon="17.91625">
        <ele>92.37</ele>
      </trkpt>
      <trkpt lat="46.8803" lon="17.91681">
        <ele>94.31</ele>
      </trkpt>
      <trkpt lat="46.8803" lon="17.91687">
        <ele>94.96</ele>
      </trkpt>
      <trkpt lat="46.8803" lon="17.91694">
        <ele>95.71</ele>
      </trkpt>
      <trkpt lat="46.88033" lon="17.91867">
        <ele>99.26</ele>
      </trkpt>
      <trkpt lat="46.88033" lon="17.91881">
        <ele>99.89</ele>
      </trkpt>
      <trkpt lat="46.88037" lon="17.9188">
        <ele>99.46</ele>
      </trkpt>
      <trkpt lat="46.88096" lon="17.91878">
        <ele>97.03</ele>
      </trkpt>
      <trkpt lat="46.88121" lon="17.91877">
        <ele>98.16</ele>
      </trkpt>
      <trkpt lat="46.88158" lon="17.91875">
        <ele>96.28</ele>
      </trkpt>
      <trkpt lat="46.8816" lon="17.91875">
        <ele>96.1</ele>
      </trkpt>
      <trkpt lat="46.88158" lon="17.91875">
        <ele>96.28</ele>
      </trkpt>
      <trkpt lat="46.88196" lon="17.91874">
        <ele>96.73</ele>
      </trkpt>
      <trkpt lat="46.88246" lon="17.91873">
        <ele>102.22</ele>
      </trkpt>
      <trkpt lat="46.88248" lon="17.91876">
        <ele>102.28</ele>
      </trkpt>
      <trkpt lat="46.88248" lon="17.91885">
        <ele>101.93</ele>
      </trkpt>
      <trkpt lat="46.88251" lon="17.91984">
        <ele>94.07</ele>
      </trkpt>
      <trkpt lat="46.8825" lon="17.92003">
        <ele>94.11</ele>
      </trkpt>
      <trkpt lat="46.88244" lon="17.92071">
        <ele>96.24</ele>
      </trkpt>
      <trkpt lat="46.88246" lon="17.92221">
        <ele>105.54</ele>
      </trkpt>
      <trkpt lat="46.88246" lon="17.92233">
        <ele>101.64</ele>
      </trkpt>
      <trkpt lat="46.88269" lon="17.92233">
        <ele>104.43</ele>
      </trkpt>
      <trkpt lat="46.88269" lon="17.92233">
        <ele>104.43</ele>
      </trkpt>
      <trkpt lat="46.88303" lon="17.92534">
        <ele>98.65</ele>
      </trkpt>
      <trkpt lat="46.88303" lon="17.92534">
        <ele>98.65</ele>
      </trkpt>
      <trkpt lat="46.88332" lon="17.92938">
        <ele>99.49</ele>
      </trkpt>
      <trkpt lat="46.88332" lon="17.92938">
        <ele>99.49</ele>
      </trkpt>
      <trkpt lat="46.88459" lon="17.92907">
        <ele>99.23</ele>
      </trkpt>
      <trkpt lat="46.88459" lon="17.92907">
        <ele>99.23</ele>
      </trkpt>
      <trkpt lat="46.8846" lon="17.92921">
        <ele>99.05</ele>
      </trkpt>
      <trkpt lat="46.88466" lon="17.92991">
        <ele>98.93</ele>
      </trkpt>
      <trkpt lat="46.88473" lon="17.93061">
        <ele>99.86</ele>
      </trkpt>
      <trkpt lat="46.88479" lon="17.93132">
        <ele>99.3</ele>
      </trkpt>
      <trkpt lat="46.88485" lon="17.93202">
        <ele>100.69</ele>
      </trkpt>
      <trkpt lat="46.88492" lon="17.93272">
        <ele>98.98</ele>
      </trkpt>
      <trkpt lat="46.88498" lon="17.93342">
        <ele>100.5</ele>
      </trkpt>
      <trkpt lat="46.88505" lon="17.93407">
        <ele>103.53</ele>
      </trkpt>
      <trkpt lat="46.88512" lon="17.93472">
        <ele>104.86</ele>
      </trkpt>
      <trkpt lat="46.8852" lon="17.93538">
        <ele>99.98</ele>
      </trkpt>
      <trkpt lat="46.88527" lon="17.93603">
        <ele>97.87</ele>
      </trkpt>
      <trkpt lat="46.88534" lon="17.93668">
        <ele>98.11</ele>
      </trkpt>
      <trkpt lat="46.88541" lon="17.93737">
        <ele>100.5</ele>
      </trkpt>
      <trkpt lat="46.88548" lon="17.93805">
        <ele>101.99</ele>
      </trkpt>
      <trkpt lat="46.88555" lon="17.93874">
        <ele>100.49</ele>
      </trkpt>
      <trkpt lat="46.88562" lon="17.93942">
        <ele>101.72</ele>
      </trkpt>
      <trkpt lat="46.88569" lon="17.94011">
        <ele>102.47</ele>
      </trkpt>
      <trkpt lat="46.88576" lon="17.94079">
        <ele>101.7</ele>
      </trkpt>
      <trkpt lat="46.88587" lon="17.94153">
        <ele>104.36</ele>
      </trkpt>
      <trkpt lat="46.88598" lon="17.94228">
        <ele>103.11</ele>
      </trkpt>
      <trkpt lat="46.8861" lon="17.94302">
        <ele>100.13</ele>
      </trkpt>
      <trkpt lat="46.88621" lon="17.94377">
        <ele>101.64</ele>
      </trkpt>
      <trkpt lat="46.88632" lon="17.94451">
        <ele>101.9</ele>
      </trkpt>
      <trkpt lat="46.88643" lon="17.94516">
        <ele>100.3</ele>
      </trkpt>
      <trkpt lat="46.88654" lon="17.94581">
        <ele>102.26</ele>
      </trkpt>
      <trkpt lat="46.8861" lon="17.946">
        <ele>94.5</ele>
      </trkpt>
      <trkpt lat="46.88565" lon="17.94618">
        <ele>101.78</ele>
      </trkpt>
      <trkpt lat="46.88565" lon="17.94618">
        <ele>101.78</ele>
      </trkpt>
      <trkpt lat="46.88563" lon="17.94639">
        <ele>102.86</ele>
      </trkpt>
      <trkpt lat="46.88563" lon="17.94653">
        <ele>103.6</ele>
      </trkpt>
      <trkpt lat="46.88573" lon="17.94719">
        <ele>103.28</ele>
      </trkpt>
      <trkpt lat="46.8858" lon="17.94759">
        <ele>99.97</ele>
      </trkpt>
      <trkpt lat="46.8858" lon="17.94759">
        <ele>99.97</ele>
      </trkpt>
      <trkpt lat="46.88584" lon="17.94786">
        <ele>100.86</ele>
      </trkpt>
      <trkpt lat="46.88593" lon="17.9484">
        <ele>103.07</ele>
      </trkpt>
      <trkpt lat="46.88603" lon="17.94901">
        <ele>107.77</ele>
      </trkpt>
      <trkpt lat="46.88614" lon="17.9497">
        <ele>108.91</ele>
      </trkpt>
      <trkpt lat="46.88625" lon="17.95039">
        <ele>105.6</ele>
      </trkpt>
      <trkpt lat="46.88636" lon="17.95107">
        <ele>105.72</ele>
      </trkpt>
      <trkpt lat="46.88647" lon="17.95176">
        <ele>100.42</ele>
      </trkpt>
      <trkpt lat="46.88664" lon="17.95271">
        <ele>94.36</ele>
      </trkpt>
      <trkpt lat="46.8868" lon="17.95366">
        <ele>95.7</ele>
      </trkpt>
      <trkpt lat="46.88682" lon="17.95377">
        <ele>95.96</ele>
      </trkpt>
      <trkpt lat="46.88684" lon="17.95391">
        <ele>96.22</ele>
      </trkpt>
      <trkpt lat="46.88684" lon="17.95391">
        <ele>96.22</ele>
      </trkpt>
      <trkpt lat="46.88658" lon="17.95402">
        <ele>99.1</ele>
      </trkpt>
      <trkpt lat="46.88588" lon="17.95434">
        <ele>107.04</ele>
      </trkpt>
      <trkpt lat="46.88515" lon="17.95468">
        <ele>103.86</ele>
      </trkpt>
      <trkpt lat="46.88535" lon="17.95548">
        <ele>101.25</ele>
      </trkpt>
      <trkpt lat="46.88535" lon="17.95548">
        <ele>101.25</ele>
      </trkpt>
      <trkpt lat="46.88555" lon="17.9563">
        <ele>104.09</ele>
      </trkpt>
      <trkpt lat="46.88574" lon="17.95707">
        <ele>103.74</ele>
      </trkpt>
      <trkpt lat="46.88593" lon="17.95784">
        <ele>102.0</ele>
      </trkpt>
      <trkpt lat="46.8861" lon="17.95852">
        <ele>105.62</ele>
      </trkpt>
      <trkpt lat="46.88626" lon="17.95921">
        <ele>105.61</ele>
      </trkpt>
      <trkpt lat="46.88643" lon="17.95989">
        <ele>106.19</ele>
      </trkpt>
      <trkpt lat="46.88659" lon="17.96052">
        <ele>103.72</ele>
      </trkpt>
      <trkpt lat="46.88674" lon="17.96115">
        <ele>101.52</ele>
      </trkpt>
      <trkpt lat="46.8869" lon="17.96178">
        <ele>96.82</ele>
      </trkpt>
      <trkpt lat="46.88705" lon="17.96241">
        <ele>96.62</ele>
      </trkpt>
      <trkpt lat="46.88721" lon="17.96305">
        <ele>100.07</ele>
      </trkpt>
      <trkpt lat="46.88737" lon="17.9637">
        <ele>101.75</ele>
      </trkpt>
      <trkpt lat="46.88752" lon="17.96435">
        <ele>105.42</ele>
      </trkpt>
      <trkpt lat="46.88768" lon="17.96499">
        <ele>101.09</ele>
      </trkpt>
      <trkpt lat="46.88791" lon="17.96595">
        <ele>102.43</ele>
      </trkpt>
      <trkpt lat="46.88791" lon="17.96595">
        <ele>102.43</ele>
      </trkpt>
      <trkpt lat="46.88807" lon="17.96659">
        <ele>107.27</ele>
      </trkpt>
      <trkpt lat="46.88823" lon="17.96724">
        <ele>108.02</ele>
      </trkpt>
      <trkpt lat="46.88839" lon="17.96788">
        <ele>107.08</ele>
      </trkpt>
      <trkpt lat="46.88854" lon="17.96852">
        <ele>103.07</ele>
      </trkpt>
      <trkpt lat="46.8887" lon="17.96917">
        <ele>102.34</ele>
      </trkpt>
      <trkpt lat="46.88886" lon="17.96981">
        <ele>104.65</ele>
      </trkpt>
      <trkpt lat="46.88903" lon="17.9705">
        <ele>105.09</ele>
      </trkpt>
      <trkpt lat="46.88921" lon="17.97118">
        <ele>100.19</ele>
      </trkpt>
      <trkpt lat="46.88938" lon="17.97187">
        <ele>97.09</ele>
      </trkpt>
      <trkpt lat="46.88949" lon="17.97233">
        <ele>92.9</ele>
      </trkpt>
      <trkpt lat="46.88964" lon="17.97294">
        <ele>91.7</ele>
      </trkpt>
      <trkpt lat="46.88975" lon="17.97344">
        <ele>89.68</ele>
      </trkpt>
      <trkpt lat="46.88975" lon="17.97344">
        <ele>89.68</ele>
      </trkpt>
      <trkpt lat="46.88981" lon="17.9737">
        <ele>92.6</ele>
      </trkpt>
      <trkpt lat="46.88993" lon="17.97437">
        <ele>98.18</ele>
      </trkpt>
      <trkpt lat="46.89004" lon="17.97505">
        <ele>95.03</ele>
      </trkpt>
      <trkpt lat="46.89016" lon="17.97572">
        <ele>98.99</ele>
      </trkpt>
      <trkpt lat="46.89036" lon="17.97686">
        <ele>102.71</ele>
      </trkpt>
      <trkpt lat="46.89049" lon="17.97755">
        <ele>109.15</ele>
      </trkpt>
      <trkpt lat="46.89061" lon="17.97823">
        <ele>102.55</ele>
      </trkpt>
      <trkpt lat="46.89072" lon="17.97889">
        <ele>99.19</ele>
      </trkpt>
      <trkpt lat="46.89084" lon="17.97955">
        <ele>103.72</ele>
      </trkpt>
      <trkpt lat="46.89095" lon="17.98021">
        <ele>105.54</ele>
      </trkpt>
      <trkpt lat="46.89106" lon="17.98087">
        <ele>101.84</ele>
      </trkpt>
      <trkpt lat="46.8911" lon="17.98107">
        <ele>101.11</ele>
      </trkpt>
      <trkpt lat="46.89132" lon="17.9821">
        <ele>102.27</ele>
      </trkpt>
      <trkpt lat="46.89132" lon="17.9821">
        <ele>102.27</ele>
      </trkpt>
      <trkpt lat="46.89142" lon="17.9826">
        <ele>100.99</ele>
      </trkpt>
      <trkpt lat="46.89146" lon="17.9828">
        <ele>101.52</ele>
      </trkpt>
      <trkpt lat="46.89173" lon="17.98406">
        <ele>98.3</ele>
      </trkpt>
      <trkpt lat="46.89177" lon="17.98428">
        <ele>98.63</ele>
      </trkpt>
      <trkpt lat="46.89194" lon="17.98509">
        <ele>96.94</ele>
      </trkpt>
      <trkpt lat="46.89212" lon="17.98596">
        <ele>100.95</ele>
      </trkpt>
      <trkpt lat="46.89235" lon="17.98707">
        <ele>105.93</ele>
      </trkpt>
      <trkpt lat="46.89241" lon="17.98731">
        <ele>102.74</ele>
      </trkpt>
      <trkpt lat="46.8925" lon="17.98764">
        <ele>96.48</ele>
      </trkpt>
      <trkpt lat="46.89255" lon="17.9878">
        <ele>94.37</ele>
      </trkpt>
      <trkpt lat="46.89264" lon="17.98808">
        <ele>93.05</ele>
      </trkpt>
      <trkpt lat="46.89297" lon="17.98892">
        <ele>100.03</ele>
      </trkpt>
      <trkpt lat="46.89319" lon="17.98948">
        <ele>100.84</ele>
      </trkpt>
      <trkpt lat="46.89333" lon="17.98977">
        <ele>100.8</ele>
      </trkpt>
      <trkpt lat="46.89442" lon="17.99175">
        <ele>99.26</ele>
      </trkpt>
      <trkpt lat="46.89448" lon="17.9919">
        <ele>97.79</ele>
      </trkpt>
      <trkpt lat="46.8945" lon="17.99198">
        <ele>96.61</ele>
      </trkpt>
      <trkpt lat="46.89449" lon="17.99202">
        <ele>96.07</ele>
      </trkpt>
      <trkpt lat="46.89446" lon="17.99207">
        <ele>95.57</ele>
      </trkpt>
      <trkpt lat="46.89435" lon="17.99213">
        <ele>94.09</ele>
      </trkpt>
      <trkpt lat="46.89436" lon="17.99216">
        <ele>93.68</ele>
      </trkpt>
      <trkpt lat="46.89432" lon="17.99218">
        <ele>93.18</ele>
      </trkpt>
      <trkpt lat="46.89435" lon="17.99213">
        <ele>94.09</ele>
      </trkpt>
      <trkpt lat="46.89439" lon="17.99227">
        <ele>92.46</ele>
      </trkpt>
      <trkpt lat="46.8947" lon="17.99353">
        <ele>105.9</ele>
      </trkpt>
      <trkpt lat="46.89486" lon="17.99417">
        <ele>103.99</ele>
      </trkpt>
      <trkpt lat="46.89503" lon="17.99482">
        <ele>100.17</ele>
      </trkpt>
      <trkpt lat="46.89519" lon="17.99546">
        <ele>99.63</ele>
      </trkpt>
      <trkpt lat="46.89517" lon="17.99547">
        <ele>99.78</ele>
      </trkpt>
      <trkpt lat="46.89519" lon="17.99546">
        <ele>99.63</ele>
      </trkpt>
      <trkpt lat="46.89538" lon="17.99625">
        <ele>104.13</ele>
      </trkpt>
      <trkpt lat="46.89557" lon="17.99704">
        <ele>101.31</ele>
      </trkpt>
      <trkpt lat="46.89576" lon="17.99783">
        <ele>102.3</ele>
      </trkpt>
      <trkpt lat="46.89576" lon="17.99783">
        <ele>102.3</ele>
      </trkpt>
      <trkpt lat="46.89591" lon="17.99847">
        <ele>101.66</ele>
      </trkpt>
      <trkpt lat="46.89609" lon="17.99921">
        <ele>101.04</ele>
      </trkpt>
      <trkpt lat="46.89628" lon="17.99994">
        <ele>104.05</ele>
      </trkpt>
      <trkpt lat="46.89646" lon="18.00068">
        <ele>100.28</ele>
      </trkpt>
      <trkpt lat="46.89664" lon="18.00141">
        <ele>98.67</ele>
      </trkpt>
      <trkpt lat="46.89692" lon="18.00252">
        <ele>99.15</ele>
      </trkpt>
      <trkpt lat="46.89692" lon="18.00252">
        <ele>99.15</ele>
      </trkpt>
      <trkpt lat="46.89727" lon="18.00392">
        <ele>94.92</ele>
      </trkpt>
      <trkpt lat="46.89758" lon="18.00375">
        <ele>92.64</ele>
      </trkpt>
      <trkpt lat="46.89758" lon="18.00375">
        <ele>92.64</ele>
      </trkpt>
      <trkpt lat="46.89785" lon="18.00361">
        <ele>92.79</ele>
      </trkpt>
      <trkpt lat="46.898" lon="18.00422">
        <ele>88.48</ele>
      </trkpt>
      <trkpt lat="46.89807" lon="18.00447">
        <ele>88.0</ele>
      </trkpt>
      <trkpt lat="46.89809" lon="18.00457">
        <ele>88.0</ele>
      </trkpt>
      <trkpt lat="46.89811" lon="18.00464">
        <ele>88.0</ele>
      </trkpt>
      <trkpt lat="46.89813" lon="18.00471">
        <ele>88.0</ele>
      </trkpt>
      <trkpt lat="46.89819" lon="18.00476">
        <ele>88.07</ele>
      </trkpt>
      <trkpt lat="46.89823" lon="18.00483">
        <ele>88.14</ele>
      </trkpt>
      <trkpt lat="46.89824" lon="18.00487">
        <ele>88.18</ele>
      </trkpt>
      <trkpt lat="46.89826" lon="18.00494">
        <ele>88.21</ele>
      </trkpt>
      <trkpt lat="46.89827" lon="18.00496">
        <ele>88.2</ele>
      </trkpt>
      <trkpt lat="46.8983" lon="18.00511">
        <ele>89.75</ele>
      </trkpt>
      <trkpt lat="46.89834" lon="18.00509">
        <ele>89.28</ele>
      </trkpt>
      <trkpt lat="46.89837" lon="18.00508">
        <ele>89.08</ele>
      </trkpt>
      <trkpt lat="46.89843" lon="18.00512">
        <ele>89.43</ele>
      </trkpt>
      <trkpt lat="46.89855" lon="18.00565">
        <ele>94.73</ele>
      </trkpt>
      <trkpt lat="46.89856" lon="18.00565">
        <ele>94.61</ele>
      </trkpt>
      <trkpt lat="46.8989" lon="18.00706">
        <ele>100.62</ele>
      </trkpt>
      <trkpt lat="46.89908" lon="18.00776">
        <ele>97.91</ele>
      </trkpt>
      <trkpt lat="46.89933" lon="18.00875">
        <ele>97.65</ele>
      </trkpt>
      <trkpt lat="46.89937" lon="18.0089">
        <ele>98.72</ele>
      </trkpt>
      <trkpt lat="46.89969" lon="18.0102">
        <ele>101.56</ele>
      </trkpt>
      <trkpt lat="46.89986" lon="18.01094">
        <ele>100.6</ele>
      </trkpt>
      <trkpt lat="46.8999" lon="18.01109">
        <ele>100.42</ele>
      </trkpt>
      <trkpt lat="46.89993" lon="18.01121">
        <ele>99.85</ele>
      </trkpt>
      <trkpt lat="46.90006" lon="18.01174">
        <ele>98.6</ele>
      </trkpt>
      <trkpt lat="46.90006" lon="18.01174">
        <ele>98.6</ele>
      </trkpt>
      <trkpt lat="46.90022" lon="18.01239">
        <ele>99.15</ele>
      </trkpt>
      <trkpt lat="46.90031" lon="18.01278">
        <ele>97.43</ele>
      </trkpt>
      <trkpt lat="46.90036" lon="18.01298">
        <ele>97.46</ele>
      </trkpt>
      <trkpt lat="46.90052" lon="18.01364">
        <ele>100.58</ele>
      </trkpt>
      <trkpt lat="46.90079" lon="18.01472">
        <ele>102.69</ele>
      </trkpt>
      <trkpt lat="46.90112" lon="18.01611">
        <ele>101.98</ele>
      </trkpt>
      <trkpt lat="46.90122" lon="18.0166">
        <ele>97.25</ele>
      </trkpt>
      <trkpt lat="46.90126" lon="18.01691">
        <ele>95.45</ele>
      </trkpt>
      <trkpt lat="46.90126" lon="18.01693">
        <ele>95.38</ele>
      </trkpt>
      <trkpt lat="46.90127" lon="18.01713">
        <ele>97.05</ele>
      </trkpt>
      <trkpt lat="46.90124" lon="18.01748">
        <ele>100.04</ele>
      </trkpt>
      <trkpt lat="46.90123" lon="18.01757">
        <ele>100.14</ele>
      </trkpt>
      <trkpt lat="46.90121" lon="18.01769">
        <ele>100.14</ele>
      </trkpt>
      <trkpt lat="46.90116" lon="18.01799">
        <ele>101.37</ele>
      </trkpt>
      <trkpt lat="46.90114" lon="18.01828">
        <ele>103.41</ele>
      </trkpt>
      <trkpt lat="46.90114" lon="18.01828">
        <ele>103.41</ele>
      </trkpt>
      <trkpt lat="46.90114" lon="18.01833">
        <ele>103.77</ele>
      </trkpt>
      <trkpt lat="46.90118" lon="18.01872">
        <ele>105.39</ele>
      </trkpt>
      <trkpt lat="46.90171" lon="18.02033">
        <ele>102.72</ele>
      </trkpt>
      <trkpt lat="46.90191" lon="18.02094">
        <ele>101.37</ele>
      </trkpt>
      <trkpt lat="46.90192" lon="18.02098">
        <ele>101.26</ele>
      </trkpt>
      <trkpt lat="46.90229" lon="18.02205">
        <ele>102.3</ele>
      </trkpt>
      <trkpt lat="46.90271" lon="18.02321">
        <ele>102.24</ele>
      </trkpt>
      <trkpt lat="46.90287" lon="18.02369">
        <ele>105.05</ele>
      </trkpt>
      <trkpt lat="46.90287" lon="18.02369">
        <ele>105.05</ele>
      </trkpt>
      <trkpt lat="46.90317" lon="18.02458">
        <ele>101.19</ele>
      </trkpt>
      <trkpt lat="46.90327" lon="18.02487">
        <ele>98.43</ele>
      </trkpt>
      <trkpt lat="46.90358" lon="18.02604">
        <ele>98.66</ele>
      </trkpt>
      <trkpt lat="46.90367" lon="18.02637">
        <ele>100.38</ele>
      </trkpt>
      <trkpt lat="46.9039" lon="18.02729">
        <ele>102.22</ele>
      </trkpt>
      <trkpt lat="46.90391" lon="18.0274">
        <ele>100.96</ele>
      </trkpt>
      <trkpt lat="46.9039" lon="18.02749">
        <ele>100.03</ele>
      </trkpt>
      <trkpt lat="46.90398" lon="18.02786">
        <ele>94.65</ele>
      </trkpt>
      <trkpt lat="46.9042" lon="18.02872">
        <ele>101.67</ele>
      </trkpt>
      <trkpt lat="46.90456" lon="18.03026">
        <ele>107.39</ele>
      </trkpt>
      <trkpt lat="46.90494" lon="18.0316">
        <ele>102.92</ele>
      </trkpt>
      <trkpt lat="46.90494" lon="18.0316">
        <ele>102.92</ele>
      </trkpt>
      <trkpt lat="46.90496" lon="18.03168">
        <ele>102.47</ele>
      </trkpt>
      <trkpt lat="46.90419" lon="18.03205">
        <ele>102.03</ele>
      </trkpt>
      <trkpt lat="46.90421" lon="18.03211">
        <ele>102.09</ele>
      </trkpt>
      <trkpt lat="46.90419" lon="18.03205">
        <ele>102.03</ele>
      </trkpt>
      <trkpt lat="46.90436" lon="18.03274">
        <ele>103.79</ele>
      </trkpt>
      <trkpt lat="46.90453" lon="18.03344">
        <ele>105.19</ele>
      </trkpt>
      <trkpt lat="46.9047" lon="18.03413">
        <ele>104.23</ele>
      </trkpt>
      <trkpt lat="46.90496" lon="18.03519">
        <ele>103.49</ele>
      </trkpt>
      <trkpt lat="46.90523" lon="18.03602">
        <ele>109.1</ele>
      </trkpt>
      <trkpt lat="46.90553" lon="18.03692">
        <ele>111.65</ele>
      </trkpt>
      <trkpt lat="46.90587" lon="18.03793">
        <ele>107.25</ele>
      </trkpt>
      <trkpt lat="46.90594" lon="18.03813">
        <ele>105.9</ele>
      </trkpt>
      <trkpt lat="46.90584" lon="18.0382">
        <ele>105.94</ele>
      </trkpt>
      <trkpt lat="46.90584" lon="18.0382">
        <ele>105.94</ele>
      </trkpt>
      <trkpt lat="46.9052" lon="18.03864">
        <ele>109.62</ele>
      </trkpt>
      <trkpt lat="46.90451" lon="18.03915">
        <ele>103.94</ele>
      </trkpt>
      <trkpt lat="46.90439" lon="18.03935">
        <ele>102.1</ele>
      </trkpt>
      <trkpt lat="46.90438" lon="18.03936">
        <ele>101.89</ele>
      </trkpt>
      <trkpt lat="46.90457" lon="18.04014">
        <ele>101.72</ele>
      </trkpt>
      <trkpt lat="46.90458" lon="18.0402">
        <ele>101.2</ele>
      </trkpt>
      <trkpt lat="46.90457" lon="18.04014">
        <ele>101.72</ele>
      </trkpt>
      <trkpt lat="46.90472" lon="18.04077">
        <ele>108.63</ele>
      </trkpt>
      <trkpt lat="46.90488" lon="18.0414">
        <ele>106.57</ele>
      </trkpt>
      <trkpt lat="46.90503" lon="18.04203">
        <ele>109.27</ele>
      </trkpt>
      <trkpt lat="46.90527" lon="18.04295">
        <ele>105.52</ele>
      </trkpt>
      <trkpt lat="46.90547" lon="18.04358">
        <ele>104.08</ele>
      </trkpt>
      <trkpt lat="46.90572" lon="18.04431">
        <ele>109.22</ele>
      </trkpt>
      <trkpt lat="46.90597" lon="18.04505">
        <ele>109.67</ele>
      </trkpt>
      <trkpt lat="46.90597" lon="18.04505">
        <ele>109.67</ele>
      </trkpt>
      <trkpt lat="46.90593" lon="18.04511">
        <ele>109.7</ele>
      </trkpt>
      <trkpt lat="46.9059" lon="18.04523">
        <ele>108.95</ele>
      </trkpt>
      <trkpt lat="46.90587" lon="18.04519">
        <ele>109.6</ele>
      </trkpt>
      <trkpt lat="46.90583" lon="18.04517">
        <ele>110.08</ele>
      </trkpt>
      <trkpt lat="46.9058" lon="18.04517">
        <ele>109.28</ele>
      </trkpt>
      <trkpt lat="46.90576" lon="18.04518">
        <ele>108.12</ele>
      </trkpt>
      <trkpt lat="46.90572" lon="18.04522">
        <ele>106.68</ele>
      </trkpt>
      <trkpt lat="46.9057" lon="18.04526">
        <ele>105.8</ele>
      </trkpt>
      <trkpt lat="46.90569" lon="18.04531">
        <ele>105.46</ele>
      </trkpt>
      <trkpt lat="46.90568" lon="18.04537">
        <ele>105.39</ele>
      </trkpt>
      <trkpt lat="46.90569" lon="18.04542">
        <ele>105.68</ele>
      </trkpt>
      <trkpt lat="46.90571" lon="18.04547">
        <ele>106.04</ele>
      </trkpt>
      <trkpt lat="46.90574" lon="18.0455">
        <ele>106.39</ele>
      </trkpt>
      <trkpt lat="46.90574" lon="18.04566">
        <ele>105.45</ele>
      </trkpt>
      <trkpt lat="46.90574" lon="18.04566">
        <ele>105.45</ele>
      </trkpt>
      <trkpt lat="46.90572" lon="18.04596">
        <ele>103.0</ele>
      </trkpt>
      <trkpt lat="46.90573" lon="18.04605">
        <ele>102.24</ele>
      </trkpt>
      <trkpt lat="46.90572" lon="18.04632">
        <ele>101.09</ele>
      </trkpt>
      <trkpt lat="46.90575" lon="18.04656">
        <ele>101.82</ele>
      </trkpt>
      <trkpt lat="46.90587" lon="18.04696">
        <ele>101.37</ele>
      </trkpt>
      <trkpt lat="46.90611" lon="18.04763">
        <ele>95.41</ele>
      </trkpt>
      <trkpt lat="46.90634" lon="18.04827">
        <ele>92.94</ele>
      </trkpt>
      <trkpt lat="46.9064" lon="18.04843">
        <ele>92.87</ele>
      </trkpt>
      <trkpt lat="46.90643" lon="18.04852">
        <ele>94.04</ele>
      </trkpt>
      <trkpt lat="46.90643" lon="18.04852">
        <ele>94.04</ele>
      </trkpt>
      <trkpt lat="46.90652" lon="18.04874">
        <ele>99.88</ele>
      </trkpt>
      <trkpt lat="46.90652" lon="18.04874">
        <ele>99.88</ele>
      </trkpt>
      <trkpt lat="46.90652" lon="18.04874">
        <ele>99.88</ele>
      </trkpt>
      <trkpt lat="46.90665" lon="18.04867">
        <ele>100.01</ele>
      </trkpt>
      <trkpt lat="46.90671" lon="18.04864">
        <ele>99.81</ele>
      </trkpt>
      <trkpt lat="46.90726" lon="18.04826">
        <ele>105.58</ele>
      </trkpt>
      <trkpt lat="46.90815" lon="18.0476">
        <ele>99.27</ele>
      </trkpt>
      <trkpt lat="46.90841" lon="18.0474">
        <ele>100.73</ele>
      </trkpt>
      <trkpt lat="46.90888" lon="18.04702">
        <ele>103.96</ele>
      </trkpt>
      <trkpt lat="46.90912" lon="18.04683">
        <ele>101.93</ele>
      </trkpt>
      <trkpt lat="46.90947" lon="18.04654">
        <ele>100.93</ele>
      </trkpt>
      <trkpt lat="46.90957" lon="18.04649">
        <ele>99.69</ele>
      </trkpt>
      <trkpt lat="46.90961" lon="18.04649">
        <ele>99.82</ele>
      </trkpt>
      <trkpt lat="46.90965" lon="18.0465">
        <ele>100.19</ele>
      </trkpt>
      <trkpt lat="46.90968" lon="18.04655">
        <ele>101.44</ele>
      </trkpt>
      <trkpt lat="46.90969" lon="18.0466">
        <ele>102.59</ele>
      </trkpt>
      <trkpt lat="46.90981" lon="18.04711">
        <ele>109.83</ele>
      </trkpt>
      <trkpt lat="46.90998" lon="18.04781">
        <ele>110.37</ele>
      </trkpt>
      <trkpt lat="46.91001" lon="18.04795">
        <ele>110.4</ele>
      </trkpt>
      <trkpt lat="46.9102" lon="18.04794">
        <ele>110.84</ele>
      </trkpt>
      <trkpt lat="46.91039" lon="18.04891">
        <ele>110.49</ele>
      </trkpt>
      <trkpt lat="46.91027" lon="18.04903">
        <ele>111.93</ele>
      </trkpt>
      <trkpt lat="46.91028" lon="18.04907">
        <ele>111.66</ele>
      </trkpt>
      <trkpt lat="46.91027" lon="18.04907">
        <ele>111.65</ele>
      </trkpt>
      <trkpt lat="46.91027" lon="18.04907">
        <ele>111.65</ele>
      </trkpt>
      <trkpt lat="46.91027" lon="18.04908">
        <ele>111.58</ele>
      </trkpt>
      <trkpt lat="46.91027" lon="18.04909">
        <ele>111.51</ele>
      </trkpt>
      <trkpt lat="46.91027" lon="18.04909">
        <ele>111.51</ele>
      </trkpt>
      <trkpt lat="46.91027" lon="18.0491">
        <ele>111.44</ele>
      </trkpt>
      <trkpt lat="46.91028" lon="18.0491">
        <ele>111.44</ele>
      </trkpt>
      <trkpt lat="46.91028" lon="18.0491">
        <ele>111.44</ele>
      </trkpt>
      <trkpt lat="46.91028" lon="18.0491">
        <ele>111.44</ele>
      </trkpt>
      <trkpt lat="46.91029" lon="18.04911">
        <ele>111.21</ele>
      </trkpt>
      <trkpt lat="46.91038" lon="18.04964">
        <ele>106.19</ele>
      </trkpt>
      <trkpt lat="46.91057" lon="18.05072">
        <ele>110.02</ele>
      </trkpt>
      <trkpt lat="46.91095" lon="18.05227">
        <ele>109.03</ele>
      </trkpt>
      <trkpt lat="46.91166" lon="18.05555">
        <ele>103.91</ele>
      </trkpt>
      <trkpt lat="46.91181" lon="18.05629">
        <ele>108.8</ele>
      </trkpt>
      <trkpt lat="46.91199" lon="18.05711">
        <ele>101.28</ele>
      </trkpt>
      <trkpt lat="46.91207" lon="18.05735">
        <ele>99.2</ele>
      </trkpt>
      <trkpt lat="46.91257" lon="18.05876">
        <ele>106.06</ele>
      </trkpt>
      <trkpt lat="46.91275" lon="18.05933">
        <ele>105.35</ele>
      </trkpt>
      <trkpt lat="46.91353" lon="18.06152">
        <ele>107.37</ele>
      </trkpt>
      <trkpt lat="46.91355" lon="18.06159">
        <ele>107.83</ele>
      </trkpt>
      <trkpt lat="46.91356" lon="18.06159">
        <ele>107.77</ele>
      </trkpt>
      <trkpt lat="46.91375" lon="18.06213">
        <ele>108.84</ele>
      </trkpt>
      <trkpt lat="46.91397" lon="18.06273">
        <ele>110.88</ele>
      </trkpt>
      <trkpt lat="46.91419" lon="18.06334">
        <ele>107.41</ele>
      </trkpt>
      <trkpt lat="46.91419" lon="18.06334">
        <ele>107.41</ele>
      </trkpt>
      <trkpt lat="46.91433" lon="18.06373">
        <ele>104.3</ele>
      </trkpt>
      <trkpt lat="46.91436" lon="18.06383">
        <ele>103.58</ele>
      </trkpt>
      <trkpt lat="46.91455" lon="18.06434">
        <ele>102.94</ele>
      </trkpt>
      <trkpt lat="46.91462" lon="18.06453">
        <ele>103.8</ele>
      </trkpt>
      <trkpt lat="46.91469" lon="18.06472">
        <ele>103.02</ele>
      </trkpt>
      <trkpt lat="46.91485" lon="18.06516">
        <ele>102.69</ele>
      </trkpt>
      <trkpt lat="46.91489" lon="18.06527">
        <ele>102.62</ele>
      </trkpt>
      <trkpt lat="46.91497" lon="18.06552">
        <ele>103.58</ele>
      </trkpt>
      <trkpt lat="46.91513" lon="18.06595">
        <ele>111.97</ele>
      </trkpt>
      <trkpt lat="46.91514" lon="18.06599">
        <ele>112.73</ele>
      </trkpt>
      <trkpt lat="46.91515" lon="18.06602">
        <ele>113.36</ele>
      </trkpt>
      <trkpt lat="46.91531" lon="18.06647">
        <ele>116.5</ele>
      </trkpt>
      <trkpt lat="46.91533" lon="18.06653">
        <ele>115.54</ele>
      </trkpt>
      <trkpt lat="46.91536" lon="18.0666">
        <ele>114.39</ele>
      </trkpt>
      <trkpt lat="46.91538" lon="18.06666">
        <ele>113.58</ele>
      </trkpt>
      <trkpt lat="46.91538" lon="18.06666">
        <ele>113.58</ele>
      </trkpt>
      <trkpt lat="46.91545" lon="18.06687">
        <ele>111.13</ele>
      </trkpt>
      <trkpt lat="46.91547" lon="18.06691">
        <ele>110.88</ele>
      </trkpt>
      <trkpt lat="46.91552" lon="18.06706">
        <ele>110.35</ele>
      </trkpt>
      <trkpt lat="46.91578" lon="18.06779">
        <ele>107.1</ele>
      </trkpt>
      <trkpt lat="46.91589" lon="18.06814">
        <ele>105.0</ele>
      </trkpt>
      <trkpt lat="46.91592" lon="18.06822">
        <ele>105.0</ele>
      </trkpt>
      <trkpt lat="46.91594" lon="18.06828">
        <ele>105.0</ele>
      </trkpt>
      <trkpt lat="46.91625" lon="18.06913">
        <ele>109.87</ele>
      </trkpt>
      <trkpt lat="46.91626" lon="18.06917">
        <ele>110.13</ele>
      </trkpt>
      <trkpt lat="46.91628" lon="18.06922">
        <ele>110.24</ele>
      </trkpt>
      <trkpt lat="46.91639" lon="18.06951">
        <ele>110.05</ele>
      </trkpt>
      <trkpt lat="46.9164" lon="18.06954">
        <ele>109.61</ele>
      </trkpt>
      <trkpt lat="46.91641" lon="18.06957">
        <ele>109.18</ele>
      </trkpt>
      <trkpt lat="46.91642" lon="18.0696">
        <ele>108.77</ele>
      </trkpt>
      <trkpt lat="46.91648" lon="18.06977">
        <ele>107.04</ele>
      </trkpt>
      <trkpt lat="46.91648" lon="18.06977">
        <ele>107.04</ele>
      </trkpt>
      <trkpt lat="46.91674" lon="18.07055">
        <ele>107.26</ele>
      </trkpt>
      <trkpt lat="46.91676" lon="18.07062">
        <ele>106.95</ele>
      </trkpt>
      <trkpt lat="46.91685" lon="18.07087">
        <ele>105.92</ele>
      </trkpt>
      <trkpt lat="46.91687" lon="18.07092">
        <ele>105.53</ele>
      </trkpt>
      <trkpt lat="46.91688" lon="18.07095">
        <ele>105.28</ele>
      </trkpt>
      <trkpt lat="46.91691" lon="18.07103">
        <ele>104.63</ele>
      </trkpt>
      <trkpt lat="46.91704" lon="18.0714">
        <ele>103.03</ele>
      </trkpt>
      <trkpt lat="46.91707" lon="18.07148">
        <ele>103.36</ele>
      </trkpt>
      <trkpt lat="46.91724" lon="18.07193">
        <ele>105.0</ele>
      </trkpt>
      <trkpt lat="46.91736" lon="18.07227">
        <ele>106.08</ele>
      </trkpt>
      <trkpt lat="46.9175" lon="18.07266">
        <ele>108.58</ele>
      </trkpt>
      <trkpt lat="46.9175" lon="18.07266">
        <ele>108.58</ele>
      </trkpt>
      <trkpt lat="46.91786" lon="18.07365">
        <ele>105.06</ele>
      </trkpt>
      <trkpt lat="46.9181" lon="18.07433">
        <ele>104.55</ele>
      </trkpt>
      <trkpt lat="46.91834" lon="18.07501">
        <ele>106.92</ele>
      </trkpt>
      <trkpt lat="46.91847" lon="18.0754">
        <ele>104.6</ele>
      </trkpt>
      <trkpt lat="46.91847" lon="18.0754">
        <ele>104.6</ele>
      </trkpt>
      <trkpt lat="46.9188" lon="18.07634">
        <ele>103.89</ele>
      </trkpt>
      <trkpt lat="46.9192" lon="18.0775">
        <ele>104.24</ele>
      </trkpt>
      <trkpt lat="46.91922" lon="18.07757">
        <ele>103.68</ele>
      </trkpt>
      <trkpt lat="46.91923" lon="18.07762">
        <ele>103.26</ele>
      </trkpt>
      <trkpt lat="46.91922" lon="18.07766">
        <ele>102.77</ele>
      </trkpt>
      <trkpt lat="46.91921" lon="18.07771">
        <ele>102.16</ele>
      </trkpt>
      <trkpt lat="46.91918" lon="18.07776">
        <ele>101.33</ele>
      </trkpt>
      <trkpt lat="46.91916" lon="18.07778">
        <ele>100.98</ele>
      </trkpt>
      <trkpt lat="46.91882" lon="18.07803">
        <ele>100.36</ele>
      </trkpt>
      <trkpt lat="46.91887" lon="18.0782">
        <ele>100.03</ele>
      </trkpt>
      <trkpt lat="46.91895" lon="18.07841">
        <ele>100.27</ele>
      </trkpt>
      <trkpt lat="46.91895" lon="18.07841">
        <ele>100.27</ele>
      </trkpt>
      <trkpt lat="46.9193" lon="18.07941">
        <ele>104.46</ele>
      </trkpt>
      <trkpt lat="46.91962" lon="18.08032">
        <ele>106.31</ele>
      </trkpt>
      <trkpt lat="46.9197" lon="18.08055">
        <ele>106.0</ele>
      </trkpt>
      <trkpt lat="46.9197" lon="18.08055">
        <ele>106.0</ele>
      </trkpt>
      <trkpt lat="46.9198" lon="18.08082">
        <ele>101.65</ele>
      </trkpt>
      <trkpt lat="46.92001" lon="18.08143">
        <ele>96.91</ele>
      </trkpt>
      <trkpt lat="46.92004" lon="18.08152">
        <ele>96.94</ele>
      </trkpt>
      <trkpt lat="46.92033" lon="18.08234">
        <ele>104.81</ele>
      </trkpt>
      <trkpt lat="46.9205" lon="18.08282">
        <ele>103.09</ele>
      </trkpt>
      <trkpt lat="46.92078" lon="18.0836">
        <ele>102.07</ele>
      </trkpt>
      <trkpt lat="46.92078" lon="18.0836">
        <ele>102.07</ele>
      </trkpt>
      <trkpt lat="46.92099" lon="18.08421">
        <ele>105.4</ele>
      </trkpt>
      <trkpt lat="46.92102" lon="18.0843">
        <ele>106.28</ele>
      </trkpt>
      <trkpt lat="46.92148" lon="18.08558">
        <ele>102.69</ele>
      </trkpt>
      <trkpt lat="46.92179" lon="18.08647">
        <ele>100.13</ele>
      </trkpt>
      <trkpt lat="46.92179" lon="18.08647">
        <ele>100.13</ele>
      </trkpt>
      <trkpt lat="46.92195" lon="18.08692">
        <ele>98.95</ele>
      </trkpt>
      <trkpt lat="46.92204" lon="18.08718">
        <ele>100.54</ele>
      </trkpt>
      <trkpt lat="46.92233" lon="18.08801">
        <ele>105.06</ele>
      </trkpt>
      <trkpt lat="46.92243" lon="18.08829">
        <ele>105.63</ele>
      </trkpt>
      <trkpt lat="46.92254" lon="18.08861">
        <ele>105.57</ele>
      </trkpt>
      <trkpt lat="46.92281" lon="18.08937">
        <ele>102.07</ele>
      </trkpt>
      <trkpt lat="46.92291" lon="18.08964">
        <ele>102.09</ele>
      </trkpt>
      <trkpt lat="46.92323" lon="18.09054">
        <ele>102.01</ele>
      </trkpt>
      <trkpt lat="46.92323" lon="18.09054">
        <ele>102.01</ele>
      </trkpt>
      <trkpt lat="46.92339" lon="18.09101">
        <ele>100.87</ele>
      </trkpt>
      <trkpt lat="46.92387" lon="18.09236">
        <ele>95.09</ele>
      </trkpt>
      <trkpt lat="46.92395" lon="18.0926">
        <ele>96.44</ele>
      </trkpt>
      <trkpt lat="46.92423" lon="18.09338">
        <ele>101.98</ele>
      </trkpt>
      <trkpt lat="46.92436" lon="18.09376">
        <ele>103.91</ele>
      </trkpt>
      <trkpt lat="46.92436" lon="18.09376">
        <ele>103.91</ele>
      </trkpt>
      <trkpt lat="46.92444" lon="18.09398">
        <ele>104.66</ele>
      </trkpt>
      <trkpt lat="46.9247" lon="18.09472">
        <ele>102.92</ele>
      </trkpt>
      <trkpt lat="46.92483" lon="18.09507">
        <ele>104.54</ele>
      </trkpt>
      <trkpt lat="46.92425" lon="18.0955">
        <ele>102.8</ele>
      </trkpt>
      <trkpt lat="46.92438" lon="18.09586">
        <ele>102.31</ele>
      </trkpt>
      <trkpt lat="46.92438" lon="18.09586">
        <ele>102.31</ele>
      </trkpt>
      <trkpt lat="46.92457" lon="18.09639">
        <ele>103.45</ele>
      </trkpt>
      <trkpt lat="46.9249" lon="18.09733">
        <ele>101.11</ele>
      </trkpt>
      <trkpt lat="46.92522" lon="18.09827">
        <ele>100.69</ele>
      </trkpt>
      <trkpt lat="46.92548" lon="18.09902">
        <ele>95.27</ele>
      </trkpt>
      <trkpt lat="46.92557" lon="18.09924">
        <ele>95.3</ele>
      </trkpt>
      <trkpt lat="46.92559" lon="18.09929">
        <ele>95.51</ele>
      </trkpt>
      <trkpt lat="46.92568" lon="18.0995">
        <ele>96.2</ele>
      </trkpt>
      <trkpt lat="46.9257" lon="18.09955">
        <ele>96.38</ele>
      </trkpt>
      <trkpt lat="46.92572" lon="18.09959">
        <ele>96.52</ele>
      </trkpt>
      <trkpt lat="46.92581" lon="18.09978">
        <ele>97.81</ele>
      </trkpt>
      <trkpt lat="46.92582" lon="18.09982">
        <ele>98.39</ele>
      </trkpt>
      <trkpt lat="46.92598" lon="18.10016">
        <ele>101.4</ele>
      </trkpt>
      <trkpt lat="46.92602" lon="18.10024">
        <ele>101.96</ele>
      </trkpt>
      <trkpt lat="46.92602" lon="18.10024">
        <ele>101.96</ele>
      </trkpt>
      <trkpt lat="46.92635" lon="18.10096">
        <ele>106.13</ele>
      </trkpt>
      <trkpt lat="46.92667" lon="18.10167">
        <ele>103.99</ele>
      </trkpt>
      <trkpt lat="46.927" lon="18.1024">
        <ele>109.52</ele>
      </trkpt>
      <trkpt lat="46.92732" lon="18.10314">
        <ele>108.25</ele>
      </trkpt>
      <trkpt lat="46.92732" lon="18.10314">
        <ele>108.25</ele>
      </trkpt>
      <trkpt lat="46.9274" lon="18.10333">
        <ele>107.65</ele>
      </trkpt>
      <trkpt lat="46.92737" lon="18.10341">
        <ele>107.39</ele>
      </trkpt>
      <trkpt lat="46.92737" lon="18.10348">
        <ele>107.25</ele>
      </trkpt>
      <trkpt lat="46.92739" lon="18.10351">
        <ele>107.22</ele>
      </trkpt>
      <trkpt lat="46.92741" lon="18.10356">
        <ele>107.12</ele>
      </trkpt>
      <trkpt lat="46.92745" lon="18.10364">
        <ele>106.91</ele>
      </trkpt>
      <trkpt lat="46.92748" lon="18.10366">
        <ele>106.84</ele>
      </trkpt>
      <trkpt lat="46.9275" lon="18.10366">
        <ele>106.82</ele>
      </trkpt>
      <trkpt lat="46.92751" lon="18.10365">
        <ele>106.87</ele>
      </trkpt>
      <trkpt lat="46.92755" lon="18.10361">
        <ele>107.0</ele>
      </trkpt>
      <trkpt lat="46.9276" lon="18.10356">
        <ele>107.18</ele>
      </trkpt>
      <trkpt lat="46.92768" lon="18.10373">
        <ele>106.85</ele>
      </trkpt>
      <trkpt lat="46.92788" lon="18.10417">
        <ele>104.9</ele>
      </trkpt>
      <trkpt lat="46.92788" lon="18.10417">
        <ele>104.9</ele>
      </trkpt>
      <trkpt lat="46.92814" lon="18.10475">
        <ele>105.71</ele>
      </trkpt>
      <trkpt lat="46.92841" lon="18.10533">
        <ele>103.24</ele>
      </trkpt>
      <trkpt lat="46.92867" lon="18.1059">
        <ele>95.25</ele>
      </trkpt>
      <trkpt lat="46.92894" lon="18.10648">
        <ele>97.62</ele>
      </trkpt>
      <trkpt lat="46.9292" lon="18.10706">
        <ele>105.56</ele>
      </trkpt>
      <trkpt lat="46.92946" lon="18.10763">
        <ele>108.27</ele>
      </trkpt>
      <trkpt lat="46.92973" lon="18.10821">
        <ele>110.44</ele>
      </trkpt>
      <trkpt lat="46.92999" lon="18.10879">
        <ele>107.2</ele>
      </trkpt>
      <trkpt lat="46.93026" lon="18.10938">
        <ele>103.87</ele>
      </trkpt>
      <trkpt lat="46.93053" lon="18.10997">
        <ele>102.37</ele>
      </trkpt>
      <trkpt lat="46.93055" lon="18.11003">
        <ele>102.08</ele>
      </trkpt>
      <trkpt lat="46.93054" lon="18.11009">
        <ele>102.21</ele>
      </trkpt>
      <trkpt lat="46.93052" lon="18.11012">
        <ele>102.46</ele>
      </trkpt>
      <trkpt lat="46.92999" lon="18.11071">
        <ele>107.13</ele>
      </trkpt>
      <trkpt lat="46.92997" lon="18.11073">
        <ele>107.39</ele>
      </trkpt>
      <trkpt lat="46.92997" lon="18.11073">
        <ele>107.39</ele>
      </trkpt>
      <trkpt lat="46.93025" lon="18.11126">
        <ele>109.13</ele>
      </trkpt>
      <trkpt lat="46.93053" lon="18.11179">
        <ele>111.48</ele>
      </trkpt>
      <trkpt lat="46.93082" lon="18.11231">
        <ele>114.43</ele>
      </trkpt>
      <trkpt lat="46.9311" lon="18.11284">
        <ele>111.45</ele>
      </trkpt>
      <trkpt lat="46.93138" lon="18.11337">
        <ele>115.32</ele>
      </trkpt>
      <trkpt lat="46.93166" lon="18.1139">
        <ele>119.02</ele>
      </trkpt>
      <trkpt lat="46.93194" lon="18.11443">
        <ele>118.95</ele>
      </trkpt>
      <trkpt lat="46.93222" lon="18.11496">
        <ele>115.31</ele>
      </trkpt>
      <trkpt lat="46.93251" lon="18.11549">
        <ele>112.19</ele>
      </trkpt>
      <trkpt lat="46.93279" lon="18.11601">
        <ele>112.03</ele>
      </trkpt>
      <trkpt lat="46.93307" lon="18.11654">
        <ele>113.05</ele>
      </trkpt>
      <trkpt lat="46.93335" lon="18.11707">
        <ele>112.15</ele>
      </trkpt>
      <trkpt lat="46.93348" lon="18.11719">
        <ele>110.81</ele>
      </trkpt>
      <trkpt lat="46.93361" lon="18.11727">
        <ele>110.82</ele>
      </trkpt>
      <trkpt lat="46.93375" lon="18.11733">
        <ele>110.42</ele>
      </trkpt>
      <trkpt lat="46.93375" lon="18.11733">
        <ele>110.42</ele>
      </trkpt>
      <trkpt lat="46.93387" lon="18.11747">
        <ele>109.28</ele>
      </trkpt>
      <trkpt lat="46.93401" lon="18.11774">
        <ele>107.15</ele>
      </trkpt>
      <trkpt lat="46.93409" lon="18.11794">
        <ele>105.83</ele>
      </trkpt>
      <trkpt lat="46.93415" lon="18.11815">
        <ele>104.66</ele>
      </trkpt>
      <trkpt lat="46.93419" lon="18.11833">
        <ele>104.35</ele>
      </trkpt>
      <trkpt lat="46.93422" lon="18.11846">
        <ele>104.7</ele>
      </trkpt>
      <trkpt lat="46.93424" lon="18.11868">
        <ele>105.15</ele>
      </trkpt>
      <trkpt lat="46.93426" lon="18.11877">
        <ele>105.85</ele>
      </trkpt>
      <trkpt lat="46.93429" lon="18.11884">
        <ele>106.22</ele>
      </trkpt>
      <trkpt lat="46.93458" lon="18.11939">
        <ele>111.12</ele>
      </trkpt>
      <trkpt lat="46.93487" lon="18.11993">
        <ele>111.49</ele>
      </trkpt>
      <trkpt lat="46.93516" lon="18.12048">
        <ele>114.27</ele>
      </trkpt>
      <trkpt lat="46.93546" lon="18.12103">
        <ele>115.23</ele>
      </trkpt>
      <trkpt lat="46.93575" lon="18.12158">
        <ele>110.14</ele>
      </trkpt>
      <trkpt lat="46.93604" lon="18.12212">
        <ele>107.58</ele>
      </trkpt>
      <trkpt lat="46.93633" lon="18.12267">
        <ele>108.26</ele>
      </trkpt>
      <trkpt lat="46.93648" lon="18.12295">
        <ele>112.94</ele>
      </trkpt>
      <trkpt lat="46.93678" lon="18.12351">
        <ele>115.34</ele>
      </trkpt>
      <trkpt lat="46.93709" lon="18.12407">
        <ele>113.52</ele>
      </trkpt>
      <trkpt lat="46.93739" lon="18.12464">
        <ele>114.81</ele>
      </trkpt>
      <trkpt lat="46.93769" lon="18.1252">
        <ele>115.2</ele>
      </trkpt>
      <trkpt lat="46.93769" lon="18.1252">
        <ele>115.2</ele>
      </trkpt>
      <trkpt lat="46.938" lon="18.12578">
        <ele>111.16</ele>
      </trkpt>
      <trkpt lat="46.93832" lon="18.12636">
        <ele>109.97</ele>
      </trkpt>
      <trkpt lat="46.93863" lon="18.12694">
        <ele>113.63</ele>
      </trkpt>
      <trkpt lat="46.93894" lon="18.12752">
        <ele>111.03</ele>
      </trkpt>
      <trkpt lat="46.93926" lon="18.1281">
        <ele>106.97</ele>
      </trkpt>
      <trkpt lat="46.93957" lon="18.12868">
        <ele>99.79</ele>
      </trkpt>
      <trkpt lat="46.93976" lon="18.12903">
        <ele>98.98</ele>
      </trkpt>
      <trkpt lat="46.94006" lon="18.12954">
        <ele>103.94</ele>
      </trkpt>
      <trkpt lat="46.94021" lon="18.1298">
        <ele>108.66</ele>
      </trkpt>
      <trkpt lat="46.94076" lon="18.13067">
        <ele>115.24</ele>
      </trkpt>
      <trkpt lat="46.94134" lon="18.13158">
        <ele>114.79</ele>
      </trkpt>
      <trkpt lat="46.94134" lon="18.13158">
        <ele>114.79</ele>
      </trkpt>
      <trkpt lat="46.9417" lon="18.13215">
        <ele>113.91</ele>
      </trkpt>
      <trkpt lat="46.94205" lon="18.13271">
        <ele>108.24</ele>
      </trkpt>
      <trkpt lat="46.94244" lon="18.13332">
        <ele>105.42</ele>
      </trkpt>
      <trkpt lat="46.94282" lon="18.13393">
        <ele>107.57</ele>
      </trkpt>
      <trkpt lat="46.9433" lon="18.13469">
        <ele>110.32</ele>
      </trkpt>
      <trkpt lat="46.94335" lon="18.13476">
        <ele>109.6</ele>
      </trkpt>
      <trkpt lat="46.94351" lon="18.13501">
        <ele>107.56</ele>
      </trkpt>
      <trkpt lat="46.94387" lon="18.13554">
        <ele>108.74</ele>
      </trkpt>
      <trkpt lat="46.94422" lon="18.13606">
        <ele>109.98</ele>
      </trkpt>
      <trkpt lat="46.94422" lon="18.13606">
        <ele>109.98</ele>
      </trkpt>
      <trkpt lat="46.94449" lon="18.13645">
        <ele>109.48</ele>
      </trkpt>
      <trkpt lat="46.94498" lon="18.13718">
        <ele>110.07</ele>
      </trkpt>
      <trkpt lat="46.94561" lon="18.13805">
        <ele>116.96</ele>
      </trkpt>
      <trkpt lat="46.94601" lon="18.13861">
        <ele>110.58</ele>
      </trkpt>
      <trkpt lat="46.94642" lon="18.13918">
        <ele>102.41</ele>
      </trkpt>
      <trkpt lat="46.94682" lon="18.13974">
        <ele>107.06</ele>
      </trkpt>
      <trkpt lat="46.9469" lon="18.13987">
        <ele>107.83</ele>
      </trkpt>
      <trkpt lat="46.9469" lon="18.13987">
        <ele>107.83</ele>
      </trkpt>
      <trkpt lat="46.94735" lon="18.14053">
        <ele>116.42</ele>
      </trkpt>
      <trkpt lat="46.94773" lon="18.14101">
        <ele>115.82</ele>
      </trkpt>
      <trkpt lat="46.94811" lon="18.14149">
        <ele>119.2</ele>
      </trkpt>
      <trkpt lat="46.94849" lon="18.14197">
        <ele>122.54</ele>
      </trkpt>
      <trkpt lat="46.94887" lon="18.14245">
        <ele>122.3</ele>
      </trkpt>
      <trkpt lat="46.94887" lon="18.14245">
        <ele>122.3</ele>
      </trkpt>
      <trkpt lat="46.94927" lon="18.14295">
        <ele>117.28</ele>
      </trkpt>
      <trkpt lat="46.94966" lon="18.14345">
        <ele>118.84</ele>
      </trkpt>
      <trkpt lat="46.95006" lon="18.14395">
        <ele>122.58</ele>
      </trkpt>
      <trkpt lat="46.95037" lon="18.14424">
        <ele>117.3</ele>
      </trkpt>
      <trkpt lat="46.95057" lon="18.14444">
        <ele>112.13</ele>
      </trkpt>
      <trkpt lat="46.95092" lon="18.14489">
        <ele>115.08</ele>
      </trkpt>
      <trkpt lat="46.95132" lon="18.14535">
        <ele>124.37</ele>
      </trkpt>
      <trkpt lat="46.95172" lon="18.14581">
        <ele>115.91</ele>
      </trkpt>
      <trkpt lat="46.95212" lon="18.14627">
        <ele>113.9</ele>
      </trkpt>
      <trkpt lat="46.95252" lon="18.14673">
        <ele>112.25</ele>
      </trkpt>
      <trkpt lat="46.95292" lon="18.14719">
        <ele>113.91</ele>
      </trkpt>
      <trkpt lat="46.9532" lon="18.14747">
        <ele>120.0</ele>
      </trkpt>
      <trkpt lat="46.9532" lon="18.14747">
        <ele>120.0</ele>
      </trkpt>
      <trkpt lat="46.95375" lon="18.14802">
        <ele>118.76</ele>
      </trkpt>
      <trkpt lat="46.95429" lon="18.14858">
        <ele>114.44</ele>
      </trkpt>
      <trkpt lat="46.9547" lon="18.149">
        <ele>126.27</ele>
      </trkpt>
      <trkpt lat="46.95512" lon="18.14942">
        <ele>112.73</ele>
      </trkpt>
      <trkpt lat="46.95553" lon="18.14984">
        <ele>104.39</ele>
      </trkpt>
      <trkpt lat="46.95594" lon="18.15026">
        <ele>102.77</ele>
      </trkpt>
      <trkpt lat="46.95622" lon="18.15052">
        <ele>107.22</ele>
      </trkpt>
      <trkpt lat="46.95622" lon="18.15052">
        <ele>107.22</ele>
      </trkpt>
      <trkpt lat="46.95665" lon="18.15091">
        <ele>109.69</ele>
      </trkpt>
      <trkpt lat="46.95708" lon="18.1513">
        <ele>110.49</ele>
      </trkpt>
      <trkpt lat="46.95751" lon="18.15169">
        <ele>113.66</ele>
      </trkpt>
      <trkpt lat="46.95794" lon="18.15207">
        <ele>106.72</ele>
      </trkpt>
      <trkpt lat="46.95837" lon="18.15246">
        <ele>109.44</ele>
      </trkpt>
      <trkpt lat="46.9588" lon="18.15285">
        <ele>106.23</ele>
      </trkpt>
      <trkpt lat="46.9593" lon="18.15331">
        <ele>107.76</ele>
      </trkpt>
      <trkpt lat="46.95968" lon="18.15359">
        <ele>113.64</ele>
      </trkpt>
      <trkpt lat="46.95968" lon="18.15359">
        <ele>113.64</ele>
      </trkpt>
      <trkpt lat="46.96182" lon="18.15523">
        <ele>117.83</ele>
      </trkpt>
      <trkpt lat="46.96182" lon="18.15532">
        <ele>120.15</ele>
      </trkpt>
      <trkpt lat="46.96184" lon="18.15539">
        <ele>121.16</ele>
      </trkpt>
      <trkpt lat="46.9619" lon="18.15551">
        <ele>121.27</ele>
      </trkpt>
      <trkpt lat="46.9621" lon="18.15571">
        <ele>119.31</ele>
      </trkpt>
      <trkpt lat="46.9621" lon="18.15571">
        <ele>119.31</ele>
      </trkpt>
      <trkpt lat="46.96278" lon="18.1564">
        <ele>122.24</ele>
      </trkpt>
      <trkpt lat="46.96362" lon="18.15734">
        <ele>131.98</ele>
      </trkpt>
      <trkpt lat="46.96364" lon="18.15739">
        <ele>132.54</ele>
      </trkpt>
      <trkpt lat="46.96364" lon="18.15743">
        <ele>133.25</ele>
      </trkpt>
      <trkpt lat="46.96363" lon="18.15746">
        <ele>133.95</ele>
      </trkpt>
      <trkpt lat="46.9636" lon="18.15758">
        <ele>135.5</ele>
      </trkpt>
      <trkpt lat="46.96358" lon="18.15765">
        <ele>136.09</ele>
      </trkpt>
      <trkpt lat="46.96358" lon="18.15773">
        <ele>136.31</ele>
      </trkpt>
      <trkpt lat="46.96359" lon="18.15782">
        <ele>136.47</ele>
      </trkpt>
      <trkpt lat="46.96361" lon="18.15789">
        <ele>136.42</ele>
      </trkpt>
      <trkpt lat="46.96364" lon="18.15795">
        <ele>136.52</ele>
      </trkpt>
      <trkpt lat="46.96369" lon="18.15801">
        <ele>136.55</ele>
      </trkpt>
      <trkpt lat="46.96382" lon="18.15816">
        <ele>136.81</ele>
      </trkpt>
      <trkpt lat="46.96384" lon="18.15814">
        <ele>136.68</ele>
      </trkpt>
      <trkpt lat="46.96385" lon="18.15813">
        <ele>136.6</ele>
      </trkpt>
      <trkpt lat="46.964" lon="18.15826">
        <ele>139.05</ele>
      </trkpt>
      <trkpt lat="46.96409" lon="18.15833">
        <ele>141.56</ele>
      </trkpt>
      <trkpt lat="46.96409" lon="18.15833">
        <ele>141.56</ele>
      </trkpt>
      <trkpt lat="46.96428" lon="18.15849">
        <ele>139.34</ele>
      </trkpt>
      <trkpt lat="46.9653" lon="18.15918">
        <ele>132.83</ele>
      </trkpt>
      <trkpt lat="46.96543" lon="18.15925">
        <ele>131.87</ele>
      </trkpt>
      <trkpt lat="46.96559" lon="18.15929">
        <ele>130.16</ele>
      </trkpt>
      <trkpt lat="46.96573" lon="18.15935">
        <ele>128.5</ele>
      </trkpt>
      <trkpt lat="46.96587" lon="18.15943">
        <ele>127.38</ele>
      </trkpt>
      <trkpt lat="46.96655" lon="18.15989">
        <ele>131.47</ele>
      </trkpt>
      <trkpt lat="46.96726" lon="18.16029">
        <ele>134.99</ele>
      </trkpt>
      <trkpt lat="46.96749" lon="18.16041">
        <ele>141.69</ele>
      </trkpt>
      <trkpt lat="46.96761" lon="18.16049">
        <ele>146.24</ele>
      </trkpt>
      <trkpt lat="46.96761" lon="18.16049">
        <ele>146.24</ele>
      </trkpt>
      <trkpt lat="46.96806" lon="18.16079">
        <ele>157.02</ele>
      </trkpt>
      <trkpt lat="46.96863" lon="18.16113">
        <ele>153.03</ele>
      </trkpt>
      <trkpt lat="46.96949" lon="18.16161">
        <ele>150.17</ele>
      </trkpt>
      <trkpt lat="46.97109" lon="18.16241">
        <ele>140.66</ele>
      </trkpt>
      <trkpt lat="46.97173" lon="18.16274">
        <ele>148.23</ele>
      </trkpt>
      <trkpt lat="46.97179" lon="18.1628">
        <ele>149.0</ele>
      </trkpt>
      <trkpt lat="46.97177" lon="18.16287">
        <ele>149.97</ele>
      </trkpt>
      <trkpt lat="46.97179" lon="18.16293">
        <ele>150.3</ele>
      </trkpt>
      <trkpt lat="46.97176" lon="18.163">
        <ele>151.2</ele>
      </trkpt>
      <trkpt lat="46.97224" lon="18.16331">
        <ele>154.33</ele>
      </trkpt>
      <trkpt lat="46.97224" lon="18.1633">
        <ele>154.15</ele>
      </trkpt>
      <trkpt lat="46.97252" lon="18.16348">
        <ele>152.87</ele>
      </trkpt>
      <trkpt lat="46.97279" lon="18.16363">
        <ele>156.8</ele>
      </trkpt>
      <trkpt lat="46.97294" lon="18.16371">
        <ele>155.1</ele>
      </trkpt>
      <trkpt lat="46.97335" lon="18.16394">
        <ele>156.17</ele>
      </trkpt>
      <trkpt lat="46.97374" lon="18.16415">
        <ele>160.74</ele>
      </trkpt>
      <trkpt lat="46.97396" lon="18.16425">
        <ele>163.06</ele>
      </trkpt>
      <trkpt lat="46.97417" lon="18.16437">
        <ele>163.48</ele>
      </trkpt>
      <trkpt lat="46.97455" lon="18.16461">
        <ele>154.84</ele>
      </trkpt>
      <trkpt lat="46.97494" lon="18.1648">
        <ele>148.58</ele>
      </trkpt>
      <trkpt lat="46.9754" lon="18.16497">
        <ele>146.22</ele>
      </trkpt>
      <trkpt lat="46.97549" lon="18.16501">
        <ele>146.36</ele>
      </trkpt>
      <trkpt lat="46.97562" lon="18.1651">
        <ele>147.29</ele>
      </trkpt>
      <trkpt lat="46.97579" lon="18.16522">
        <ele>148.99</ele>
      </trkpt>
      <trkpt lat="46.97618" lon="18.16547">
        <ele>149.15</ele>
      </trkpt>
      <trkpt lat="46.97609" lon="18.16574">
        <ele>147.9</ele>
      </trkpt>
      <trkpt lat="46.97609" lon="18.16574">
        <ele>147.9</ele>
      </trkpt>
      <trkpt lat="46.97567" lon="18.16707">
        <ele>152.02</ele>
      </trkpt>
      <trkpt lat="46.97565" lon="18.16712">
        <ele>153.12</ele>
      </trkpt>
      <trkpt lat="46.97562" lon="18.16722">
        <ele>155.49</ele>
      </trkpt>
      <trkpt lat="46.97552" lon="18.16753">
        <ele>154.54</ele>
      </trkpt>
      <trkpt lat="46.97551" lon="18.16757">
        <ele>154.51</ele>
      </trkpt>
      <trkpt lat="46.9755" lon="18.16761">
        <ele>154.52</ele>
      </trkpt>
      <trkpt lat="46.97537" lon="18.168">
        <ele>154.47</ele>
      </trkpt>
      <trkpt lat="46.97535" lon="18.16809">
        <ele>154.38</ele>
      </trkpt>
      <trkpt lat="46.97533" lon="18.16814">
        <ele>154.49</ele>
      </trkpt>
      <trkpt lat="46.97589" lon="18.16853">
        <ele>156.36</ele>
      </trkpt>
      <trkpt lat="46.97589" lon="18.16853">
        <ele>156.36</ele>
      </trkpt>
      <trkpt lat="46.97608" lon="18.16867">
        <ele>154.78</ele>
      </trkpt>
      <trkpt lat="46.97663" lon="18.16906">
        <ele>152.15</ele>
      </trkpt>
      <trkpt lat="46.97796" lon="18.16999">
        <ele>156.4</ele>
      </trkpt>
      <trkpt lat="46.97855" lon="18.1704">
        <ele>156.22</ele>
      </trkpt>
      <trkpt lat="46.97881" lon="18.17056">
        <ele>160.98</ele>
      </trkpt>
      <trkpt lat="46.979" lon="18.17066">
        <ele>159.8</ele>
      </trkpt>
      <trkpt lat="46.97903" lon="18.17067">
        <ele>159.23</ele>
      </trkpt>
      <trkpt lat="46.97903" lon="18.17067">
        <ele>159.23</ele>
      </trkpt>
      <trkpt lat="46.97915" lon="18.17073">
        <ele>156.97</ele>
      </trkpt>
      <trkpt lat="46.97951" lon="18.17087">
        <ele>150.25</ele>
      </trkpt>
      <trkpt lat="46.97988" lon="18.171">
        <ele>146.2</ele>
      </trkpt>
      <trkpt lat="46.98031" lon="18.17114">
        <ele>145.88</ele>
      </trkpt>
      <trkpt lat="46.98071" lon="18.17125">
        <ele>146.11</ele>
      </trkpt>
      <trkpt lat="46.98081" lon="18.17128">
        <ele>146.6</ele>
      </trkpt>
      <trkpt lat="46.98106" lon="18.17132">
        <ele>144.66</ele>
      </trkpt>
      <trkpt lat="46.98109" lon="18.17133">
        <ele>144.38</ele>
      </trkpt>
      <trkpt lat="46.9818" lon="18.17139">
        <ele>141.0</ele>
      </trkpt>
      <trkpt lat="46.9818" lon="18.17139">
        <ele>141.0</ele>
      </trkpt>
      <trkpt lat="46.9818" lon="18.17139">
        <ele>141.0</ele>
      </trkpt>
      <trkpt lat="46.9818" lon="18.17139">
        <ele>141.0</ele>
      </trkpt>
      <trkpt lat="46.98186" lon="18.17139">
        <ele>141.0</ele>
      </trkpt>
      <trkpt lat="46.98199" lon="18.17142">
        <ele>141.59</ele>
      </trkpt>
      <trkpt lat="46.98211" lon="18.17144">
        <ele>142.86</ele>
      </trkpt>
      <trkpt lat="46.98229" lon="18.17148">
        <ele>143.52</ele>
      </trkpt>
      <trkpt lat="46.98242" lon="18.17152">
        <ele>142.28</ele>
      </trkpt>
      <trkpt lat="46.98256" lon="18.17157">
        <ele>140.88</ele>
      </trkpt>
      <trkpt lat="46.98274" lon="18.17165">
        <ele>140.78</ele>
      </trkpt>
      <trkpt lat="46.98291" lon="18.17173">
        <ele>142.34</ele>
      </trkpt>
      <trkpt lat="46.9835" lon="18.17206">
        <ele>139.95</ele>
      </trkpt>
      <trkpt lat="46.98362" lon="18.17213">
        <ele>140.32</ele>
      </trkpt>
      <trkpt lat="46.98372" lon="18.17218">
        <ele>139.88</ele>
      </trkpt>
      <trkpt lat="46.98439" lon="18.17259">
        <ele>139.93</ele>
      </trkpt>
      <trkpt lat="46.98459" lon="18.1727">
        <ele>140.27</ele>
      </trkpt>
      <trkpt lat="46.98467" lon="18.17272">
        <ele>140.0</ele>
      </trkpt>
      <trkpt lat="46.98475" lon="18.17273">
        <ele>140.09</ele>
      </trkpt>
      <trkpt lat="46.98481" lon="18.17272">
        <ele>140.73</ele>
      </trkpt>
      <trkpt lat="46.98488" lon="18.1727">
        <ele>141.47</ele>
      </trkpt>
      <trkpt lat="46.98497" lon="18.17264">
        <ele>142.39</ele>
      </trkpt>
      <trkpt lat="46.98507" lon="18.17256">
        <ele>142.59</ele>
      </trkpt>
      <trkpt lat="46.98515" lon="18.17247">
        <ele>142.56</ele>
      </trkpt>
      <trkpt lat="46.98515" lon="18.17247">
        <ele>142.56</ele>
      </trkpt>
      <trkpt lat="46.98532" lon="18.1723">
        <ele>141.93</ele>
      </trkpt>
      <trkpt lat="46.98541" lon="18.17222">
        <ele>141.5</ele>
      </trkpt>
      <trkpt lat="46.98546" lon="18.17219">
        <ele>141.04</ele>
      </trkpt>
      <trkpt lat="46.98551" lon="18.17217">
        <ele>140.63</ele>
      </trkpt>
      <trkpt lat="46.98556" lon="18.17217">
        <ele>140.46</ele>
      </trkpt>
      <trkpt lat="46.98561" lon="18.17219">
        <ele>141.0</ele>
      </trkpt>
      <trkpt lat="46.98571" lon="18.17226">
        <ele>142.38</ele>
      </trkpt>
      <trkpt lat="46.9864" lon="18.17291">
        <ele>138.78</ele>
      </trkpt>
      <trkpt lat="46.98649" lon="18.173">
        <ele>137.11</ele>
      </trkpt>
      <trkpt lat="46.98668" lon="18.17318">
        <ele>135.4</ele>
      </trkpt>
      <trkpt lat="46.98673" lon="18.17324">
        <ele>136.15</ele>
      </trkpt>
      <trkpt lat="46.9868" lon="18.17336">
        <ele>137.05</ele>
      </trkpt>
      <trkpt lat="46.9868" lon="18.17336">
        <ele>137.05</ele>
      </trkpt>
      <trkpt lat="46.98684" lon="18.17332">
        <ele>136.92</ele>
      </trkpt>
      <trkpt lat="46.98686" lon="18.17331">
        <ele>136.86</ele>
      </trkpt>
      <trkpt lat="46.98688" lon="18.1733">
        <ele>136.82</ele>
      </trkpt>
      <trkpt lat="46.98691" lon="18.17329">
        <ele>136.81</ele>
      </trkpt>
      <trkpt lat="46.98694" lon="18.17329">
        <ele>136.84</ele>
      </trkpt>
      <trkpt lat="46.98715" lon="18.17331">
        <ele>135.5</ele>
      </trkpt>
      <trkpt lat="46.98831" lon="18.17356">
        <ele>138.88</ele>
      </trkpt>
      <trkpt lat="46.98899" lon="18.1737">
        <ele>136.6</ele>
      </trkpt>
      <trkpt lat="46.98915" lon="18.17314">
        <ele>137.61</ele>
      </trkpt>
      <trkpt lat="46.98915" lon="18.17314">
        <ele>137.61</ele>
      </trkpt>
      <trkpt lat="46.98926" lon="18.17274">
        <ele>135.94</ele>
      </trkpt>
      <trkpt lat="46.98946" lon="18.17197">
        <ele>141.98</ele>
      </trkpt>
      <trkpt lat="46.99011" lon="18.16959">
        <ele>146.67</ele>
      </trkpt>
      <trkpt lat="46.99015" lon="18.16954">
        <ele>145.98</ele>
      </trkpt>
      <trkpt lat="46.9902" lon="18.16953">
        <ele>145.62</ele>
      </trkpt>
      <trkpt lat="46.99063" lon="18.16969">
        <ele>138.84</ele>
      </trkpt>
      <trkpt lat="46.99119" lon="18.16992">
        <ele>136.38</ele>
      </trkpt>
      <trkpt lat="46.99139" lon="18.16998">
        <ele>143.99</ele>
      </trkpt>
      <trkpt lat="46.9916" lon="18.17005">
        <ele>144.0</ele>
      </trkpt>
      <trkpt lat="46.99168" lon="18.17007">
        <ele>142.8</ele>
      </trkpt>
      <trkpt lat="46.99168" lon="18.17007">
        <ele>142.8</ele>
      </trkpt>
      <trkpt lat="46.99206" lon="18.17009">
        <ele>131.65</ele>
      </trkpt>
      <trkpt lat="46.99285" lon="18.17007">
        <ele>122.16</ele>
      </trkpt>
      <trkpt lat="46.99352" lon="18.17006">
        <ele>124.89</ele>
      </trkpt>
      <trkpt lat="46.99366" lon="18.17005">
        <ele>124.71</ele>
      </trkpt>
      <trkpt lat="46.99366" lon="18.17005">
        <ele>124.71</ele>
      </trkpt>
      <trkpt lat="46.99403" lon="18.17002">
        <ele>125.19</ele>
      </trkpt>
      <trkpt lat="46.9942" lon="18.17001">
        <ele>125.88</ele>
      </trkpt>
      <trkpt lat="46.99449" lon="18.17">
        <ele>130.49</ele>
      </trkpt>
      <trkpt lat="46.99476" lon="18.17">
        <ele>133.14</ele>
      </trkpt>
      <trkpt lat="46.99526" lon="18.16998">
        <ele>134.15</ele>
      </trkpt>
      <trkpt lat="46.99633" lon="18.16995">
        <ele>132.03</ele>
      </trkpt>
      <trkpt lat="46.99633" lon="18.16995">
        <ele>132.03</ele>
      </trkpt>
      <trkpt lat="46.99638" lon="18.16994">
        <ele>132.1</ele>
      </trkpt>
      <trkpt lat="46.99698" lon="18.16992">
        <ele>129.61</ele>
      </trkpt>
      <trkpt lat="46.99758" lon="18.1699">
        <ele>134.44</ele>
      </trkpt>
      <trkpt lat="46.99805" lon="18.16988">
        <ele>132.58</ele>
      </trkpt>
      <trkpt lat="46.99818" lon="18.16986">
        <ele>132.64</ele>
      </trkpt>
      <trkpt lat="46.99857" lon="18.16976">
        <ele>132.89</ele>
      </trkpt>
      <trkpt lat="46.99906" lon="18.16963">
        <ele>136.01</ele>
      </trkpt>
      <trkpt lat="46.99955" lon="18.16949">
        <ele>137.68</ele>
      </trkpt>
      <trkpt lat="47.00004" lon="18.16936">
        <ele>137.55</ele>
      </trkpt>
      <trkpt lat="47.00053" lon="18.16922">
        <ele>134.14</ele>
      </trkpt>
      <trkpt lat="47.00053" lon="18.16922">
        <ele>134.14</ele>
      </trkpt>
      <trkpt lat="47.00103" lon="18.16908">
        <ele>125.98</ele>
      </trkpt>
      <trkpt lat="47.00165" lon="18.16892">
        <ele>126.3</ele>
      </trkpt>
      <trkpt lat="47.00227" lon="18.16875">
        <ele>128.86</ele>
      </trkpt>
      <trkpt lat="47.00289" lon="18.16857">
        <ele>129.36</ele>
      </trkpt>
      <trkpt lat="47.00351" lon="18.16839">
        <ele>125.31</ele>
      </trkpt>
      <trkpt lat="47.00398" lon="18.16825">
        <ele>131.2</ele>
      </trkpt>
      <trkpt lat="47.00444" lon="18.16812">
        <ele>130.41</ele>
      </trkpt>
      <trkpt lat="47.00478" lon="18.16791">
        <ele>124.47</ele>
      </trkpt>
      <trkpt lat="47.00478" lon="18.16791">
        <ele>124.47</ele>
      </trkpt>
      <trkpt lat="47.0048" lon="18.1679">
        <ele>124.6</ele>
      </trkpt>
      <trkpt lat="47.00503" lon="18.16777">
        <ele>125.37</ele>
      </trkpt>
      <trkpt lat="47.00518" lon="18.16767">
        <ele>125.51</ele>
      </trkpt>
      <trkpt lat="47.00568" lon="18.16735">
        <ele>131.52</ele>
      </trkpt>
      <trkpt lat="47.00617" lon="18.16701">
        <ele>142.92</ele>
      </trkpt>
      <trkpt lat="47.00665" lon="18.16668">
        <ele>138.39</ele>
      </trkpt>
      <trkpt lat="47.00715" lon="18.16631">
        <ele>141.28</ele>
      </trkpt>
      <trkpt lat="47.0075" lon="18.16606">
        <ele>143.34</ele>
      </trkpt>
      <trkpt lat="47.00768" lon="18.16598">
        <ele>143.04</ele>
      </trkpt>
      <trkpt lat="47.00783" lon="18.16594">
        <ele>144.01</ele>
      </trkpt>
      <trkpt lat="47.00797" lon="18.16592">
        <ele>146.53</ele>
      </trkpt>
      <trkpt lat="47.00813" lon="18.16591">
        <ele>149.71</ele>
      </trkpt>
      <trkpt lat="47.0084" lon="18.16591">
        <ele>154.0</ele>
      </trkpt>
      <trkpt lat="47.00862" lon="18.16588">
        <ele>154.28</ele>
      </trkpt>
      <trkpt lat="47.00896" lon="18.16585">
        <ele>151.7</ele>
      </trkpt>
      <trkpt lat="47.00896" lon="18.16585">
        <ele>151.7</ele>
      </trkpt>
      <trkpt lat="47.00947" lon="18.1658">
        <ele>151.44</ele>
      </trkpt>
      <trkpt lat="47.00958" lon="18.16579">
        <ele>153.29</ele>
      </trkpt>
      <trkpt lat="47.00964" lon="18.16579">
        <ele>154.3</ele>
      </trkpt>
      <trkpt lat="47.0097" lon="18.16582">
        <ele>155.51</ele>
      </trkpt>
      <trkpt lat="47.00975" lon="18.16588">
        <ele>155.85</ele>
      </trkpt>
      <trkpt lat="47.00979" lon="18.16597">
        <ele>155.87</ele>
      </trkpt>
      <trkpt lat="47.00987" lon="18.16589">
        <ele>155.26</ele>
      </trkpt>
      <trkpt lat="47.00991" lon="18.16583">
        <ele>154.62</ele>
      </trkpt>
      <trkpt lat="47.00995" lon="18.16574">
        <ele>153.41</ele>
      </trkpt>
      <trkpt lat="47.01012" lon="18.16539">
        <ele>150.74</ele>
      </trkpt>
      <trkpt lat="47.0103" lon="18.16505">
        <ele>150.27</ele>
      </trkpt>
      <trkpt lat="47.01037" lon="18.16495">
        <ele>150.82</ele>
      </trkpt>
      <trkpt lat="47.01044" lon="18.16487">
        <ele>151.28</ele>
      </trkpt>
      <trkpt lat="47.01051" lon="18.16482">
        <ele>151.86</ele>
      </trkpt>
      <trkpt lat="47.01058" lon="18.16478">
        <ele>152.3</ele>
      </trkpt>
      <trkpt lat="47.01078" lon="18.16469">
        <ele>152.37</ele>
      </trkpt>
      <trkpt lat="47.01141" lon="18.16445">
        <ele>155.98</ele>
      </trkpt>
      <trkpt lat="47.01141" lon="18.16445">
        <ele>155.98</ele>
      </trkpt>
      <trkpt lat="47.01157" lon="18.16439">
        <ele>156.13</ele>
      </trkpt>
      <trkpt lat="47.01165" lon="18.16436">
        <ele>156.29</ele>
      </trkpt>
      <trkpt lat="47.01174" lon="18.16435">
        <ele>156.34</ele>
      </trkpt>
      <trkpt lat="47.01183" lon="18.16434">
        <ele>156.38</ele>
      </trkpt>
      <trkpt lat="47.01193" lon="18.16435">
        <ele>156.34</ele>
      </trkpt>
      <trkpt lat="47.01226" lon="18.16444">
        <ele>157.0</ele>
      </trkpt>
      <trkpt lat="47.01247" lon="18.16448">
        <ele>156.89</ele>
      </trkpt>
      <trkpt lat="47.01259" lon="18.16448">
        <ele>156.27</ele>
      </trkpt>
      <trkpt lat="47.01272" lon="18.16445">
        <ele>155.41</ele>
      </trkpt>
      <trkpt lat="47.01296" lon="18.16436">
        <ele>155.21</ele>
      </trkpt>
      <trkpt lat="47.01312" lon="18.16428">
        <ele>154.35</ele>
      </trkpt>
      <trkpt lat="47.0137" lon="18.16406">
        <ele>149.21</ele>
      </trkpt>
      <trkpt lat="47.01386" lon="18.16399">
        <ele>147.3</ele>
      </trkpt>
      <trkpt lat="47.01399" lon="18.16481">
        <ele>153.03</ele>
      </trkpt>
      <trkpt lat="47.01413" lon="18.16563">
        <ele>155.11</ele>
      </trkpt>
      <trkpt lat="47.01413" lon="18.16563">
        <ele>155.11</ele>
      </trkpt>
      <trkpt lat="47.0145" lon="18.16796">
        <ele>148.49</ele>
      </trkpt>
      <trkpt lat="47.0148" lon="18.1677">
        <ele>146.76</ele>
      </trkpt>
      <trkpt lat="47.01486" lon="18.16765">
        <ele>146.24</ele>
      </trkpt>
      <trkpt lat="47.01489" lon="18.1676">
        <ele>145.91</ele>
      </trkpt>
      <trkpt lat="47.0149" lon="18.16755">
        <ele>145.79</ele>
      </trkpt>
      <trkpt lat="47.01491" lon="18.16748">
        <ele>145.77</ele>
      </trkpt>
      <trkpt lat="47.015" lon="18.16744">
        <ele>144.65</ele>
      </trkpt>
      <trkpt lat="47.01507" lon="18.1674">
        <ele>144.74</ele>
      </trkpt>
      <trkpt lat="47.01502" lon="18.16725">
        <ele>146.56</ele>
      </trkpt>
      <trkpt lat="47.01502" lon="18.16725">
        <ele>146.56</ele>
      </trkpt>
      <trkpt lat="47.01503" lon="18.16717">
        <ele>146.8</ele>
      </trkpt>
      <trkpt lat="47.01506" lon="18.1671">
        <ele>146.66</ele>
      </trkpt>
      <trkpt lat="47.01506" lon="18.1671">
        <ele>146.66</ele>
      </trkpt>
      <trkpt lat="47.01511" lon="18.16702">
        <ele>146.5</ele>
      </trkpt>
      <trkpt lat="47.01514" lon="18.16698">
        <ele>146.43</ele>
      </trkpt>
      <trkpt lat="47.01517" lon="18.16695">
        <ele>146.38</ele>
      </trkpt>
      <trkpt lat="47.01519" lon="18.16693">
        <ele>146.34</ele>
      </trkpt>
      <trkpt lat="47.01531" lon="18.16686">
        <ele>146.25</ele>
      </trkpt>
      <trkpt lat="47.01563" lon="18.16665">
        <ele>149.32</ele>
      </trkpt>
      <trkpt lat="47.01573" lon="18.16658">
        <ele>149.21</ele>
      </trkpt>
      <trkpt lat="47.01585" lon="18.1665">
        <ele>149.96</ele>
      </trkpt>
      <trkpt lat="47.01615" lon="18.16631">
        <ele>152.06</ele>
      </trkpt>
      <trkpt lat="47.01622" lon="18.16625">
        <ele>152.61</ele>
      </trkpt>
      <trkpt lat="47.01627" lon="18.16618">
        <ele>153.15</ele>
      </trkpt>
      <trkpt lat="47.01632" lon="18.16611">
        <ele>153.5</ele>
      </trkpt>
      <trkpt lat="47.01637" lon="18.16604">
        <ele>153.43</ele>
      </trkpt>
      <trkpt lat="47.0164" lon="18.16598">
        <ele>153.41</ele>
      </trkpt>
      <trkpt lat="47.01643" lon="18.16591">
        <ele>153.47</ele>
      </trkpt>
      <trkpt lat="47.01648" lon="18.16579">
        <ele>153.66</ele>
      </trkpt>
      <trkpt lat="47.01651" lon="18.16566">
        <ele>154.38</ele>
      </trkpt>
      <trkpt lat="47.01653" lon="18.16559">
        <ele>154.74</ele>
      </trkpt>
      <trkpt lat="47.01654" lon="18.16551">
        <ele>154.91</ele>
      </trkpt>
      <trkpt lat="47.01654" lon="18.16545">
        <ele>154.91</ele>
      </trkpt>
      <trkpt lat="47.01655" lon="18.1654">
        <ele>154.84</ele>
      </trkpt>
      <trkpt lat="47.01654" lon="18.16535">
        <ele>154.91</ele>
      </trkpt>
      <trkpt lat="47.01653" lon="18.1653">
        <ele>154.98</ele>
      </trkpt>
      <trkpt lat="47.01651" lon="18.16516">
        <ele>154.41</ele>
      </trkpt>
      <trkpt lat="47.01647" lon="18.16504">
        <ele>153.6</ele>
      </trkpt>
      <trkpt lat="47.01636" lon="18.16471">
        <ele>151.74</ele>
      </trkpt>
      <trkpt lat="47.01625" lon="18.16439">
        <ele>149.7</ele>
      </trkpt>
      <trkpt lat="47.01617" lon="18.16417">
        <ele>150.19</ele>
      </trkpt>
      <trkpt lat="47.0161" lon="18.16403">
        <ele>150.35</ele>
      </trkpt>
      <trkpt lat="47.0161" lon="18.16403">
        <ele>150.35</ele>
      </trkpt>
      <trkpt lat="47.01607" lon="18.16395">
        <ele>150.3</ele>
      </trkpt>
      <trkpt lat="47.01596" lon="18.16376">
        <ele>149.83</ele>
      </trkpt>
      <trkpt lat="47.01577" lon="18.16346">
        <ele>151.02</ele>
      </trkpt>
      <trkpt lat="47.01562" lon="18.16326">
        <ele>151.58</ele>
      </trkpt>
      <trkpt lat="47.01546" lon="18.16305">
        <ele>150.31</ele>
      </trkpt>
      <trkpt lat="47.01532" lon="18.16289">
        <ele>148.86</ele>
      </trkpt>
      <trkpt lat="47.01517" lon="18.16273">
        <ele>149.07</ele>
      </trkpt>
      <trkpt lat="47.01499" lon="18.16256">
        <ele>149.66</ele>
      </trkpt>
      <trkpt lat="47.01476" lon="18.16238">
        <ele>148.23</ele>
      </trkpt>
      <trkpt lat="47.01454" lon="18.16222">
        <ele>146.74</ele>
      </trkpt>
      <trkpt lat="47.01438" lon="18.1621">
        <ele>145.36</ele>
      </trkpt>
      <trkpt lat="47.01416" lon="18.16199">
        <ele>144.04</ele>
      </trkpt>
      <trkpt lat="47.01395" lon="18.16189">
        <ele>140.67</ele>
      </trkpt>
      <trkpt lat="47.01357" lon="18.16176">
        <ele>134.97</ele>
      </trkpt>
      <trkpt lat="47.01328" lon="18.16166">
        <ele>130.69</ele>
      </trkpt>
      <trkpt lat="47.01281" lon="18.16145">
        <ele>123.89</ele>
      </trkpt>
      <trkpt lat="47.01248" lon="18.16128">
        <ele>118.85</ele>
      </trkpt>
      <trkpt lat="47.01235" lon="18.16121">
        <ele>115.01</ele>
      </trkpt>
      <trkpt lat="47.01228" lon="18.1612">
        <ele>112.77</ele>
      </trkpt>
      <trkpt lat="47.01224" lon="18.1612">
        <ele>111.52</ele>
      </trkpt>
      <trkpt lat="47.01219" lon="18.16122">
        <ele>110.13</ele>
      </trkpt>
      <trkpt lat="47.01212" lon="18.16115">
        <ele>107.11</ele>
      </trkpt>
      <trkpt lat="47.01212" lon="18.16115">
        <ele>107.11</ele>
      </trkpt>
      <trkpt lat="47.01207" lon="18.16109">
        <ele>104.87</ele>
      </trkpt>
      <trkpt lat="47.01203" lon="18.16103">
        <ele>102.99</ele>
      </trkpt>
      <trkpt lat="47.012" lon="18.16094">
        <ele>101.08</ele>
      </trkpt>
      <trkpt lat="47.01198" lon="18.16084">
        <ele>99.35</ele>
      </trkpt>
      <trkpt lat="47.01197" lon="18.16075">
        <ele>98.29</ele>
      </trkpt>
      <trkpt lat="47.01199" lon="18.16063">
        <ele>98.06</ele>
      </trkpt>
      <trkpt lat="47.01228" lon="18.15981">
        <ele>101.6</ele>
      </trkpt>
      <trkpt lat="47.0123" lon="18.15975">
        <ele>101.34</ele>
      </trkpt>
      <trkpt lat="47.01241" lon="18.15942">
        <ele>101.58</ele>
      </trkpt>
      <trkpt lat="47.01244" lon="18.15926">
        <ele>101.07</ele>
      </trkpt>
      <trkpt lat="47.01244" lon="18.15916">
        <ele>100.33</ele>
      </trkpt>
      <trkpt lat="47.01244" lon="18.15909">
        <ele>100.08</ele>
      </trkpt>
      <trkpt lat="47.0124" lon="18.15876">
        <ele>98.75</ele>
      </trkpt>
      <trkpt lat="47.01237" lon="18.15855">
        <ele>97.12</ele>
      </trkpt>
      <trkpt lat="47.01237" lon="18.15845">
        <ele>95.46</ele>
      </trkpt>
      <trkpt lat="47.01239" lon="18.15836">
        <ele>94.07</ele>
      </trkpt>
      <trkpt lat="47.01242" lon="18.15828">
        <ele>93.33</ele>
      </trkpt>
      <trkpt lat="47.01245" lon="18.15822">
        <ele>93.0</ele>
      </trkpt>
      <trkpt lat="47.01251" lon="18.15812">
        <ele>92.65</ele>
      </trkpt>
      <trkpt lat="47.01273" lon="18.15771">
        <ele>93.51</ele>
      </trkpt>
      <trkpt lat="47.01303" lon="18.15711">
        <ele>96.86</ele>
      </trkpt>
      <trkpt lat="47.01303" lon="18.15711">
        <ele>96.86</ele>
      </trkpt>
      <trkpt lat="47.01316" lon="18.15688">
        <ele>95.85</ele>
      </trkpt>
      <trkpt lat="47.01363" lon="18.15597">
        <ele>91.7</ele>
      </trkpt>
      <trkpt lat="47.0141" lon="18.15506">
        <ele>93.14</ele>
      </trkpt>
      <trkpt lat="47.01443" lon="18.15443">
        <ele>91.65</ele>
      </trkpt>
      <trkpt lat="47.01461" lon="18.1541">
        <ele>89.03</ele>
      </trkpt>
      <trkpt lat="47.01484" lon="18.15368">
        <ele>90.2</ele>
      </trkpt>
      <trkpt lat="47.01487" lon="18.15363">
        <ele>90.55</ele>
      </trkpt>
      <trkpt lat="47.0149" lon="18.15358">
        <ele>91.4</ele>
      </trkpt>
      <trkpt lat="47.01499" lon="18.15358">
        <ele>94.64</ele>
      </trkpt>
      <trkpt lat="47.01507" lon="18.15357">
        <ele>96.22</ele>
      </trkpt>
      <trkpt lat="47.01512" lon="18.15357">
        <ele>97.1</ele>
      </trkpt>
      <trkpt lat="47.01515" lon="18.15355">
        <ele>97.58</ele>
      </trkpt>
      <trkpt lat="47.01518" lon="18.15354">
        <ele>98.07</ele>
      </trkpt>
      <trkpt lat="47.0152" lon="18.15352">
        <ele>98.36</ele>
      </trkpt>
      <trkpt lat="47.01523" lon="18.15348">
        <ele>98.75</ele>
      </trkpt>
      <trkpt lat="47.01567" lon="18.15265">
        <ele>101.36</ele>
      </trkpt>
      <trkpt lat="47.01594" lon="18.15216">
        <ele>103.23</ele>
      </trkpt>
      <trkpt lat="47.01594" lon="18.15216">
        <ele>103.23</ele>
      </trkpt>
      <trkpt lat="47.01612" lon="18.15185">
        <ele>103.67</ele>
      </trkpt>
      <trkpt lat="47.01669" lon="18.15083">
        <ele>100.11</ele>
      </trkpt>
      <trkpt lat="47.01725" lon="18.14978">
        <ele>108.04</ele>
      </trkpt>
      <trkpt lat="47.01749" lon="18.14938">
        <ele>104.72</ele>
      </trkpt>
      <trkpt lat="47.01759" lon="18.14919">
        <ele>102.84</ele>
      </trkpt>
      <trkpt lat="47.01832" lon="18.14793">
        <ele>94.11</ele>
      </trkpt>
      <trkpt lat="47.01907" lon="18.14664">
        <ele>95.11</ele>
      </trkpt>
      <trkpt lat="47.01937" lon="18.14607">
        <ele>97.89</ele>
      </trkpt>
      <trkpt lat="47.01994" lon="18.14499">
        <ele>101.75</ele>
      </trkpt>
      <trkpt lat="47.02006" lon="18.14485">
        <ele>101.46</ele>
      </trkpt>
      <trkpt lat="47.02016" lon="18.14474">
        <ele>101.06</ele>
      </trkpt>
      <trkpt lat="47.02022" lon="18.14468">
        <ele>100.85</ele>
      </trkpt>
      <trkpt lat="47.02028" lon="18.14461">
        <ele>100.58</ele>
      </trkpt>
      <trkpt lat="47.02028" lon="18.14461">
        <ele>100.58</ele>
      </trkpt>
      <trkpt lat="47.0204" lon="18.14446">
        <ele>98.79</ele>
      </trkpt>
      <trkpt lat="47.02056" lon="18.14425">
        <ele>96.3</ele>
      </trkpt>
      <trkpt lat="47.02071" lon="18.14406">
        <ele>94.67</ele>
      </trkpt>
      <trkpt lat="47.02113" lon="18.14353">
        <ele>93.84</ele>
      </trkpt>
      <trkpt lat="47.02122" lon="18.14344">
        <ele>95.56</ele>
      </trkpt>
      <trkpt lat="47.0219" lon="18.14257">
        <ele>99.53</ele>
      </trkpt>
      <trkpt lat="47.02215" lon="18.14229">
        <ele>97.45</ele>
      </trkpt>
      <trkpt lat="47.02231" lon="18.1421">
        <ele>97.85</ele>
      </trkpt>
      <trkpt lat="47.02251" lon="18.14179">
        <ele>99.69</ele>
      </trkpt>
      <trkpt lat="47.0227" lon="18.14148">
        <ele>102.92</ele>
      </trkpt>
      <trkpt lat="47.0229" lon="18.14117">
        <ele>103.37</ele>
      </trkpt>
      <trkpt lat="47.02318" lon="18.14065">
        <ele>101.51</ele>
      </trkpt>
      <trkpt lat="47.02341" lon="18.14029">
        <ele>101.9</ele>
      </trkpt>
      <trkpt lat="47.02359" lon="18.13996">
        <ele>104.54</ele>
      </trkpt>
      <trkpt lat="47.02375" lon="18.13966">
        <ele>104.5</ele>
      </trkpt>
      <trkpt lat="47.02395" lon="18.13932">
        <ele>105.35</ele>
      </trkpt>
      <trkpt lat="47.02401" lon="18.13921">
        <ele>105.48</ele>
      </trkpt>
      <trkpt lat="47.02401" lon="18.13921">
        <ele>105.48</ele>
      </trkpt>
      <trkpt lat="47.02403" lon="18.13918">
        <ele>105.47</ele>
      </trkpt>
      <trkpt lat="47.02413" lon="18.13905">
        <ele>105.39</ele>
      </trkpt>
      <trkpt lat="47.02422" lon="18.13894">
        <ele>105.85</ele>
      </trkpt>
      <trkpt lat="47.02427" lon="18.13886">
        <ele>106.08</ele>
      </trkpt>
      <trkpt lat="47.02431" lon="18.13879">
        <ele>106.37</ele>
      </trkpt>
      <trkpt lat="47.02443" lon="18.13858">
        <ele>108.33</ele>
      </trkpt>
      <trkpt lat="47.02461" lon="18.13826">
        <ele>110.21</ele>
      </trkpt>
      <trkpt lat="47.02463" lon="18.13823">
        <ele>110.0</ele>
      </trkpt>
      <trkpt lat="47.02465" lon="18.13822">
        <ele>109.78</ele>
      </trkpt>
      <trkpt lat="47.02468" lon="18.13821">
        <ele>109.46</ele>
      </trkpt>
      <trkpt lat="47.02471" lon="18.13821">
        <ele>109.13</ele>
      </trkpt>
      <trkpt lat="47.02474" lon="18.13822">
        <ele>109.03</ele>
      </trkpt>
      <trkpt lat="47.02476" lon="18.13824">
        <ele>109.05</ele>
      </trkpt>
      <trkpt lat="47.02486" lon="18.13834">
        <ele>108.99</ele>
      </trkpt>
      <trkpt lat="47.02494" lon="18.13843">
        <ele>108.92</ele>
      </trkpt>
      <trkpt lat="47.02497" lon="18.13845">
        <ele>108.95</ele>
      </trkpt>
      <trkpt lat="47.02499" lon="18.13847">
        <ele>108.98</ele>
      </trkpt>
      <trkpt lat="47.02502" lon="18.13847">
        <ele>109.07</ele>
      </trkpt>
      <trkpt lat="47.02504" lon="18.13846">
        <ele>109.13</ele>
      </trkpt>
      <trkpt lat="47.0251" lon="18.13842">
        <ele>109.22</ele>
      </trkpt>
      <trkpt lat="47.02517" lon="18.13839">
        <ele>109.25</ele>
      </trkpt>
      <trkpt lat="47.02521" lon="18.13838">
        <ele>109.25</ele>
      </trkpt>
      <trkpt lat="47.02525" lon="18.13837">
        <ele>109.24</ele>
      </trkpt>
      <trkpt lat="47.02535" lon="18.13837">
        <ele>110.6</ele>
      </trkpt>
      <trkpt lat="47.02546" lon="18.13839">
        <ele>112.82</ele>
      </trkpt>
      <trkpt lat="47.02556" lon="18.13843">
        <ele>115.11</ele>
      </trkpt>
      <trkpt lat="47.02576" lon="18.13849">
        <ele>119.05</ele>
      </trkpt>
      <trkpt lat="47.02588" lon="18.13856">
        <ele>122.01</ele>
      </trkpt>
      <trkpt lat="47.02596" lon="18.13862">
        <ele>124.35</ele>
      </trkpt>
      <trkpt lat="47.02604" lon="18.13869">
        <ele>126.15</ele>
      </trkpt>
      <trkpt lat="47.02621" lon="18.13886">
        <ele>126.08</ele>
      </trkpt>
      <trkpt lat="47.02642" lon="18.13906">
        <ele>124.57</ele>
      </trkpt>
      <trkpt lat="47.02678" lon="18.13937">
        <ele>124.61</ele>
      </trkpt>
      <trkpt lat="47.02678" lon="18.13937">
        <ele>124.61</ele>
      </trkpt>
      <trkpt lat="47.02683" lon="18.13941">
        <ele>126.2</ele>
      </trkpt>
      <trkpt lat="47.02685" lon="18.13936">
        <ele>126.64</ele>
      </trkpt>
      <trkpt lat="47.02686" lon="18.13936">
        <ele>126.93</ele>
      </trkpt>
      <trkpt lat="47.02688" lon="18.13935">
        <ele>127.47</ele>
      </trkpt>
      <trkpt lat="47.02689" lon="18.13935">
        <ele>127.76</ele>
      </trkpt>
      <trkpt lat="47.02703" lon="18.13898">
        <ele>127.07</ele>
      </trkpt>
      <trkpt lat="47.02703" lon="18.13898">
        <ele>127.07</ele>
      </trkpt>
      <trkpt lat="47.02725" lon="18.13839">
        <ele>122.55</ele>
      </trkpt>
      <trkpt lat="47.02751" lon="18.13769">
        <ele>118.29</ele>
      </trkpt>
      <trkpt lat="47.02751" lon="18.13769">
        <ele>118.29</ele>
      </trkpt>
      <trkpt lat="47.02753" lon="18.13762">
        <ele>118.45</ele>
      </trkpt>
      <trkpt lat="47.02785" lon="18.13668">
        <ele>119.02</ele>
      </trkpt>
      <trkpt lat="47.02793" lon="18.13635">
        <ele>117.53</ele>
      </trkpt>
      <trkpt lat="47.02817" lon="18.13531">
        <ele>112.47</ele>
      </trkpt>
      <trkpt lat="47.02821" lon="18.1351">
        <ele>111.42</ele>
      </trkpt>
      <trkpt lat="47.02828" lon="18.1347">
        <ele>112.27</ele>
      </trkpt>
      <trkpt lat="47.02828" lon="18.1347">
        <ele>112.27</ele>
      </trkpt>
      <trkpt lat="47.02821" lon="18.13467">
        <ele>113.79</ele>
      </trkpt>
      <trkpt lat="47.02815" lon="18.13465">
        <ele>114.97</ele>
      </trkpt>
      <trkpt lat="47.02808" lon="18.13465">
        <ele>116.28</ele>
      </trkpt>
      <trkpt lat="47.02802" lon="18.13466">
        <ele>116.82</ele>
      </trkpt>
      <trkpt lat="47.02802" lon="18.13466">
        <ele>116.82</ele>
      </trkpt>
      <trkpt lat="47.02791" lon="18.13468">
        <ele>116.8</ele>
      </trkpt>
      <trkpt lat="47.02779" lon="18.1347">
        <ele>116.42</ele>
      </trkpt>
      <trkpt lat="47.0277" lon="18.13466">
        <ele>118.3</ele>
      </trkpt>
      <trkpt lat="47.02768" lon="18.13466">
        <ele>118.61</ele>
      </trkpt>
      <trkpt lat="47.02697" lon="18.13414">
        <ele>118.06</ele>
      </trkpt>
      <trkpt lat="47.02628" lon="18.13363">
        <ele>112.62</ele>
      </trkpt>
      <trkpt lat="47.02566" lon="18.13318">
        <ele>107.79</ele>
      </trkpt>
      <trkpt lat="47.02492" lon="18.13263">
        <ele>109.85</ele>
      </trkpt>
      <trkpt lat="47.02424" lon="18.13213">
        <ele>105.9</ele>
      </trkpt>
      <trkpt lat="47.02424" lon="18.13198">
        <ele>105.64</ele>
      </trkpt>
      <trkpt lat="47.02428" lon="18.13188">
        <ele>107.04</ele>
      </trkpt>
      <trkpt lat="47.02495" lon="18.13032">
        <ele>102.82</ele>
      </trkpt>
      <trkpt lat="47.02525" lon="18.12974">
        <ele>102.16</ele>
      </trkpt>
      <trkpt lat="47.02542" lon="18.12946">
        <ele>97.13</ele>
      </trkpt>
      <trkpt lat="47.02559" lon="18.12905">
        <ele>92.73</ele>
      </trkpt>
      <trkpt lat="47.02564" lon="18.12895">
        <ele>94.36</ele>
      </trkpt>
      <trkpt lat="47.02564" lon="18.12895">
        <ele>94.36</ele>
      </trkpt>
      <trkpt lat="47.02589" lon="18.12843">
        <ele>100.32</ele>
      </trkpt>
      <trkpt lat="47.0262" lon="18.12784">
        <ele>98.82</ele>
      </trkpt>
      <trkpt lat="47.0265" lon="18.12719">
        <ele>99.65</ele>
      </trkpt>
      <trkpt lat="47.02671" lon="18.12674">
        <ele>100.35</ele>
      </trkpt>
      <trkpt lat="47.02694" lon="18.12634">
        <ele>96.06</ele>
      </trkpt>
      <trkpt lat="47.02748" lon="18.12541">
        <ele>102.78</ele>
      </trkpt>
      <trkpt lat="47.02748" lon="18.12541">
        <ele>102.78</ele>
      </trkpt>
      <trkpt lat="47.02772" lon="18.125">
        <ele>104.0</ele>
      </trkpt>
      <trkpt lat="47.02776" lon="18.1248">
        <ele>103.14</ele>
      </trkpt>
      <trkpt lat="47.02782" lon="18.12459">
        <ele>101.79</ele>
      </trkpt>
      <trkpt lat="47.02781" lon="18.12446">
        <ele>100.5</ele>
      </trkpt>
      <trkpt lat="47.02784" lon="18.12432">
        <ele>100.47</ele>
      </trkpt>
      <trkpt lat="47.02788" lon="18.12414">
        <ele>100.21</ele>
      </trkpt>
      <trkpt lat="47.02812" lon="18.12373">
        <ele>100.9</ele>
      </trkpt>
      <trkpt lat="47.02831" lon="18.12341">
        <ele>100.47</ele>
      </trkpt>
      <trkpt lat="47.02833" lon="18.12337">
        <ele>100.25</ele>
      </trkpt>
      <trkpt lat="47.02856" lon="18.12264">
        <ele>99.13</ele>
      </trkpt>
      <trkpt lat="47.0288" lon="18.12191">
        <ele>102.05</ele>
      </trkpt>
      <trkpt lat="47.02903" lon="18.12118">
        <ele>100.87</ele>
      </trkpt>
      <trkpt lat="47.02927" lon="18.12044">
        <ele>106.63</ele>
      </trkpt>
      <trkpt lat="47.02951" lon="18.1197">
        <ele>106.14</ele>
      </trkpt>
      <trkpt lat="47.02975" lon="18.11896">
        <ele>100.93</ele>
      </trkpt>
      <trkpt lat="47.02975" lon="18.11896">
        <ele>100.93</ele>
      </trkpt>
      <trkpt lat="47.02983" lon="18.11878">
        <ele>98.91</ele>
      </trkpt>
      <trkpt lat="47.02994" lon="18.1186">
        <ele>95.86</ele>
      </trkpt>
      <trkpt lat="47.0301" lon="18.11828">
        <ele>90.84</ele>
      </trkpt>
      <trkpt lat="47.0303" lon="18.11795">
        <ele>89.82</ele>
      </trkpt>
      <trkpt lat="47.03039" lon="18.1178">
        <ele>90.65</ele>
      </trkpt>
      <trkpt lat="47.03087" lon="18.117">
        <ele>87.92</ele>
      </trkpt>
      <trkpt lat="47.0311" lon="18.11662">
        <ele>86.64</ele>
      </trkpt>
      <trkpt lat="47.0311" lon="18.11662">
        <ele>86.64</ele>
      </trkpt>
      <trkpt lat="47.03129" lon="18.11632">
        <ele>87.02</ele>
      </trkpt>
      <trkpt lat="47.03137" lon="18.11632">
        <ele>87.81</ele>
      </trkpt>
      <trkpt lat="47.03145" lon="18.11634">
        <ele>89.24</ele>
      </trkpt>
      <trkpt lat="47.03159" lon="18.11641">
        <ele>92.34</ele>
      </trkpt>
      <trkpt lat="47.03186" lon="18.1166">
        <ele>95.22</ele>
      </trkpt>
      <trkpt lat="47.03192" lon="18.11668">
        <ele>95.87</ele>
      </trkpt>
      <trkpt lat="47.03199" lon="18.11657">
        <ele>95.65</ele>
      </trkpt>
      <trkpt lat="47.03216" lon="18.11621">
        <ele>94.5</ele>
      </trkpt>
      <trkpt lat="47.0322" lon="18.11612">
        <ele>94.11</ele>
      </trkpt>
      <trkpt lat="47.0323" lon="18.11594">
        <ele>94.28</ele>
      </trkpt>
      <trkpt lat="47.03239" lon="18.11575">
        <ele>94.72</ele>
      </trkpt>
      <trkpt lat="47.03241" lon="18.11571">
        <ele>94.82</ele>
      </trkpt>
      <trkpt lat="47.03247" lon="18.11566">
        <ele>94.96</ele>
      </trkpt>
      <trkpt lat="47.03239" lon="18.11553">
        <ele>95.18</ele>
      </trkpt>
      <trkpt lat="47.03242" lon="18.1153">
        <ele>96.84</ele>
      </trkpt>
      <trkpt lat="47.03242" lon="18.1153">
        <ele>96.84</ele>
      </trkpt>
      <trkpt lat="47.03244" lon="18.11521">
        <ele>97.05</ele>
      </trkpt>
      <trkpt lat="47.03255" lon="18.11459">
        <ele>98.81</ele>
      </trkpt>
      <trkpt lat="47.03263" lon="18.114">
        <ele>97.84</ele>
      </trkpt>
      <trkpt lat="47.03266" lon="18.11316">
        <ele>97.78</ele>
      </trkpt>
      <trkpt lat="47.03271" lon="18.11183">
        <ele>98.2</ele>
      </trkpt>
      <trkpt lat="47.03274" lon="18.11102">
        <ele>97.32</ele>
      </trkpt>
      <trkpt lat="47.03274" lon="18.11079">
        <ele>97.43</ele>
      </trkpt>
      <trkpt lat="47.03271" lon="18.11033">
        <ele>99.81</ele>
      </trkpt>
      <trkpt lat="47.03266" lon="18.10989">
        <ele>101.34</ele>
      </trkpt>
      <trkpt lat="47.03262" lon="18.10947">
        <ele>103.95</ele>
      </trkpt>
      <trkpt lat="47.03259" lon="18.10938">
        <ele>104.27</ele>
      </trkpt>
      <trkpt lat="47.03259" lon="18.10923">
        <ele>104.08</ele>
      </trkpt>
      <trkpt lat="47.03257" lon="18.10917">
        <ele>104.01</ele>
      </trkpt>
      <trkpt lat="47.03253" lon="18.10896">
        <ele>104.16</ele>
      </trkpt>
      <trkpt lat="47.03244" lon="18.10892">
        <ele>103.78</ele>
      </trkpt>
      <trkpt lat="47.03235" lon="18.10882">
        <ele>103.46</ele>
      </trkpt>
      <trkpt lat="47.03226" lon="18.10872">
        <ele>103.14</ele>
      </trkpt>
      <trkpt lat="47.03212" lon="18.10855">
        <ele>101.6</ele>
      </trkpt>
      <trkpt lat="47.03204" lon="18.10845">
        <ele>100.07</ele>
      </trkpt>
      <trkpt lat="47.03204" lon="18.10845">
        <ele>100.07</ele>
      </trkpt>
      <trkpt lat="47.03198" lon="18.10837">
        <ele>98.76</ele>
      </trkpt>
      <trkpt lat="47.03188" lon="18.10822">
        <ele>99.42</ele>
      </trkpt>
      <trkpt lat="47.0318" lon="18.10802">
        <ele>101.17</ele>
      </trkpt>
      <trkpt lat="47.03177" lon="18.10783">
        <ele>102.28</ele>
      </trkpt>
      <trkpt lat="47.03174" lon="18.10762">
        <ele>104.35</ele>
      </trkpt>
      <trkpt lat="47.03174" lon="18.10718">
        <ele>108.82</ele>
      </trkpt>
      <trkpt lat="47.03174" lon="18.10672">
        <ele>106.21</ele>
      </trkpt>
      <trkpt lat="47.03174" lon="18.10627">
        <ele>104.59</ele>
      </trkpt>
      <trkpt lat="47.03174" lon="18.10547">
        <ele>107.85</ele>
      </trkpt>
      <trkpt lat="47.03174" lon="18.10361">
        <ele>104.06</ele>
      </trkpt>
      <trkpt lat="47.03173" lon="18.10312">
        <ele>103.74</ele>
      </trkpt>
      <trkpt lat="47.03171" lon="18.10293">
        <ele>103.47</ele>
      </trkpt>
      <trkpt lat="47.03168" lon="18.10276">
        <ele>103.08</ele>
      </trkpt>
      <trkpt lat="47.03165" lon="18.10257">
        <ele>101.22</ele>
      </trkpt>
      <trkpt lat="47.03166" lon="18.10241">
        <ele>100.96</ele>
      </trkpt>
      <trkpt lat="47.0317" lon="18.10225">
        <ele>100.9</ele>
      </trkpt>
      <trkpt lat="47.03171" lon="18.1022">
        <ele>100.94</ele>
      </trkpt>
      <trkpt lat="47.03171" lon="18.1022">
        <ele>100.94</ele>
      </trkpt>
      <trkpt lat="47.03175" lon="18.10209">
        <ele>101.8</ele>
      </trkpt>
      <trkpt lat="47.03179" lon="18.1019">
        <ele>101.97</ele>
      </trkpt>
      <trkpt lat="47.0318" lon="18.10175">
        <ele>99.77</ele>
      </trkpt>
      <trkpt lat="47.03181" lon="18.10151">
        <ele>94.4</ele>
      </trkpt>
      <trkpt lat="47.03185" lon="18.10069">
        <ele>90.26</ele>
      </trkpt>
      <trkpt lat="47.03192" lon="18.10017">
        <ele>91.38</ele>
      </trkpt>
      <trkpt lat="47.03201" lon="18.09968">
        <ele>87.23</ele>
      </trkpt>
      <trkpt lat="47.03243" lon="18.09789">
        <ele>95.77</ele>
      </trkpt>
      <trkpt lat="47.03266" lon="18.09696">
        <ele>98.39</ele>
      </trkpt>
      <trkpt lat="47.03279" lon="18.09639">
        <ele>97.14</ele>
      </trkpt>
      <trkpt lat="47.03279" lon="18.09639">
        <ele>97.14</ele>
      </trkpt>
      <trkpt lat="47.03298" lon="18.09557">
        <ele>93.31</ele>
      </trkpt>
      <trkpt lat="47.03304" lon="18.09533">
        <ele>93.91</ele>
      </trkpt>
      <trkpt lat="47.03306" lon="18.09525">
        <ele>94.2</ele>
      </trkpt>
      <trkpt lat="47.03308" lon="18.09501">
        <ele>95.84</ele>
      </trkpt>
      <trkpt lat="47.03307" lon="18.09488">
        <ele>95.97</ele>
      </trkpt>
      <trkpt lat="47.03303" lon="18.09472">
        <ele>95.99</ele>
      </trkpt>
      <trkpt lat="47.03301" lon="18.09457">
        <ele>95.63</ele>
      </trkpt>
      <trkpt lat="47.03303" lon="18.09444">
        <ele>95.17</ele>
      </trkpt>
      <trkpt lat="47.03306" lon="18.09429">
        <ele>94.43</ele>
      </trkpt>
      <trkpt lat="47.03311" lon="18.09412">
        <ele>93.74</ele>
      </trkpt>
      <trkpt lat="47.03318" lon="18.09401">
        <ele>93.05</ele>
      </trkpt>
      <trkpt lat="47.03324" lon="18.09399">
        <ele>92.49</ele>
      </trkpt>
      <trkpt lat="47.03324" lon="18.09399">
        <ele>92.49</ele>
      </trkpt>
      <trkpt lat="47.03336" lon="18.09437">
        <ele>93.9</ele>
      </trkpt>
      <trkpt lat="47.0334" lon="18.09448">
        <ele>94.71</ele>
      </trkpt>
      <trkpt lat="47.0335" lon="18.09437">
        <ele>94.77</ele>
      </trkpt>
      <trkpt lat="47.03365" lon="18.0944">
        <ele>95.84</ele>
      </trkpt>
      <trkpt lat="47.03379" lon="18.09372">
        <ele>94.9</ele>
      </trkpt>
      <trkpt lat="47.03387" lon="18.0934">
        <ele>95.69</ele>
      </trkpt>
      <trkpt lat="47.03398" lon="18.09304">
        <ele>96.02</ele>
      </trkpt>
      <trkpt lat="47.03416" lon="18.09255">
        <ele>97.8</ele>
      </trkpt>
      <trkpt lat="47.03416" lon="18.09245">
        <ele>97.98</ele>
      </trkpt>
      <trkpt lat="47.03417" lon="18.09239">
        <ele>98.02</ele>
      </trkpt>
      <trkpt lat="47.03428" lon="18.09216">
        <ele>98.13</ele>
      </trkpt>
      <trkpt lat="47.0345" lon="18.0917">
        <ele>96.12</ele>
      </trkpt>
      <trkpt lat="47.03469" lon="18.09129">
        <ele>100.5</ele>
      </trkpt>
      <trkpt lat="47.03484" lon="18.09098">
        <ele>100.82</ele>
      </trkpt>
      <trkpt lat="47.03502" lon="18.09062">
        <ele>96.66</ele>
      </trkpt>
      <trkpt lat="47.03521" lon="18.09024">
        <ele>92.86</ele>
      </trkpt>
      <trkpt lat="47.0354" lon="18.08983">
        <ele>91.46</ele>
      </trkpt>
      <trkpt lat="47.03562" lon="18.08938">
        <ele>89.41</ele>
      </trkpt>
      <trkpt lat="47.03586" lon="18.08889">
        <ele>91.48</ele>
      </trkpt>
      <trkpt lat="47.03615" lon="18.08828">
        <ele>93.67</ele>
      </trkpt>
      <trkpt lat="47.03638" lon="18.08781">
        <ele>97.92</ele>
      </trkpt>
      <trkpt lat="47.03674" lon="18.08707">
        <ele>94.29</ele>
      </trkpt>
      <trkpt lat="47.03693" lon="18.08668">
        <ele>92.95</ele>
      </trkpt>
      <trkpt lat="47.03724" lon="18.08601">
        <ele>92.94</ele>
      </trkpt>
      <trkpt lat="47.03738" lon="18.0857">
        <ele>91.95</ele>
      </trkpt>
      <trkpt lat="47.03774" lon="18.08492">
        <ele>96.57</ele>
      </trkpt>
      <trkpt lat="47.03791" lon="18.08454">
        <ele>97.95</ele>
      </trkpt>
      <trkpt lat="47.03797" lon="18.08442">
        <ele>96.48</ele>
      </trkpt>
      <trkpt lat="47.03814" lon="18.08401">
        <ele>92.91</ele>
      </trkpt>
      <trkpt lat="47.03834" lon="18.08352">
        <ele>93.78</ele>
      </trkpt>
      <trkpt lat="47.0385" lon="18.08316">
        <ele>94.4</ele>
      </trkpt>
      <trkpt lat="47.0385" lon="18.08316">
        <ele>94.4</ele>
      </trkpt>
      <trkpt lat="47.03855" lon="18.08306">
        <ele>94.37</ele>
      </trkpt>
      <trkpt lat="47.03862" lon="18.08293">
        <ele>93.85</ele>
      </trkpt>
      <trkpt lat="47.03862" lon="18.08293">
        <ele>93.85</ele>
      </trkpt>
      <trkpt lat="47.03886" lon="18.08233">
        <ele>96.54</ele>
      </trkpt>
      <trkpt lat="47.03906" lon="18.08153">
        <ele>99.16</ele>
      </trkpt>
      <trkpt lat="47.03914" lon="18.08119">
        <ele>99.06</ele>
      </trkpt>
      <trkpt lat="47.03915" lon="18.08114">
        <ele>98.98</ele>
      </trkpt>
      <trkpt lat="47.03915" lon="18.08114">
        <ele>98.98</ele>
      </trkpt>
      <trkpt lat="47.03929" lon="18.08022">
        <ele>103.74</ele>
      </trkpt>
      <trkpt lat="47.03943" lon="18.07926">
        <ele>101.37</ele>
      </trkpt>
      <trkpt lat="47.03943" lon="18.07926">
        <ele>101.37</ele>
      </trkpt>
      <trkpt lat="47.03957" lon="18.07829">
        <ele>105.61</ele>
      </trkpt>
      <trkpt lat="47.03974" lon="18.0774">
        <ele>107.35</ele>
      </trkpt>
      <trkpt lat="47.03974" lon="18.0774">
        <ele>107.35</ele>
      </trkpt>
      <trkpt lat="47.03989" lon="18.07657">
        <ele>108.32</ele>
      </trkpt>
      <trkpt lat="47.03998" lon="18.07608">
        <ele>112.75</ele>
      </trkpt>
      <trkpt lat="47.03998" lon="18.07608">
        <ele>112.75</ele>
      </trkpt>
      <trkpt lat="47.04008" lon="18.07555">
        <ele>114.39</ele>
      </trkpt>
      <trkpt lat="47.04028" lon="18.07446">
        <ele>110.18</ele>
      </trkpt>
      <trkpt lat="47.0403" lon="18.0744">
        <ele>110.31</ele>
      </trkpt>
      <trkpt lat="47.0403" lon="18.0744">
        <ele>110.31</ele>
      </trkpt>
      <trkpt lat="47.04051" lon="18.07365">
        <ele>105.93</ele>
      </trkpt>
      <trkpt lat="47.04076" lon="18.07267">
        <ele>110.11</ele>
      </trkpt>
      <trkpt lat="47.04079" lon="18.07256">
        <ele>111.5</ele>
      </trkpt>
      <trkpt lat="47.04079" lon="18.07256">
        <ele>111.5</ele>
      </trkpt>
      <trkpt lat="47.04096" lon="18.07179">
        <ele>113.31</ele>
      </trkpt>
      <trkpt lat="47.04113" lon="18.07102">
        <ele>120.79</ele>
      </trkpt>
      <trkpt lat="47.04113" lon="18.07102">
        <ele>120.79</ele>
      </trkpt>
      <trkpt lat="47.04151" lon="18.06969">
        <ele>114.58</ele>
      </trkpt>
      <trkpt lat="47.04168" lon="18.06918">
        <ele>110.18</ele>
      </trkpt>
      <trkpt lat="47.04168" lon="18.06918">
        <ele>110.18</ele>
      </trkpt>
      <trkpt lat="47.0418" lon="18.06878">
        <ele>111.16</ele>
      </trkpt>
      <trkpt lat="47.04195" lon="18.06802">
        <ele>109.75</ele>
      </trkpt>
      <trkpt lat="47.04209" lon="18.06727">
        <ele>106.75</ele>
      </trkpt>
      <trkpt lat="47.0423" lon="18.06626">
        <ele>102.79</ele>
      </trkpt>
      <trkpt lat="47.04253" lon="18.06544">
        <ele>105.28</ele>
      </trkpt>
      <trkpt lat="47.04253" lon="18.06544">
        <ele>105.28</ele>
      </trkpt>
      <trkpt lat="47.0426" lon="18.06519">
        <ele>103.04</ele>
      </trkpt>
      <trkpt lat="47.04267" lon="18.06486">
        <ele>100.77</ele>
      </trkpt>
      <trkpt lat="47.04284" lon="18.06418">
        <ele>100.49</ele>
      </trkpt>
      <trkpt lat="47.04294" lon="18.06391">
        <ele>100.94</ele>
      </trkpt>
      <trkpt lat="47.04306" lon="18.06366">
        <ele>102.11</ele>
      </trkpt>
      <trkpt lat="47.04306" lon="18.06366">
        <ele>102.11</ele>
      </trkpt>
      <trkpt lat="47.0433" lon="18.06329">
        <ele>98.12</ele>
      </trkpt>
      <trkpt lat="47.04369" lon="18.06279">
        <ele>99.59</ele>
      </trkpt>
      <trkpt lat="47.04392" lon="18.06248">
        <ele>102.24</ele>
      </trkpt>
      <trkpt lat="47.04434" lon="18.06194">
        <ele>99.55</ele>
      </trkpt>
      <trkpt lat="47.04475" lon="18.0614">
        <ele>90.76</ele>
      </trkpt>
      <trkpt lat="47.04523" lon="18.06079">
        <ele>97.69</ele>
      </trkpt>
      <trkpt lat="47.0457" lon="18.06019">
        <ele>102.01</ele>
      </trkpt>
      <trkpt lat="47.04629" lon="18.05941">
        <ele>98.34</ele>
      </trkpt>
      <trkpt lat="47.04692" lon="18.05874">
        <ele>105.39</ele>
      </trkpt>
      <trkpt lat="47.04749" lon="18.05827">
        <ele>98.84</ele>
      </trkpt>
      <trkpt lat="47.04751" lon="18.05823">
        <ele>98.33</ele>
      </trkpt>
      <trkpt lat="47.04751" lon="18.05823">
        <ele>98.33</ele>
      </trkpt>
      <trkpt lat="47.04751" lon="18.05819">
        <ele>97.62</ele>
      </trkpt>
      <trkpt lat="47.0475" lon="18.05812">
        <ele>96.16</ele>
      </trkpt>
      <trkpt lat="47.04748" lon="18.05806">
        <ele>95.15</ele>
      </trkpt>
      <trkpt lat="47.04747" lon="18.05799">
        <ele>95.32</ele>
      </trkpt>
      <trkpt lat="47.04747" lon="18.05795">
        <ele>95.45</ele>
      </trkpt>
      <trkpt lat="47.04748" lon="18.05792">
        <ele>95.52</ele>
      </trkpt>
      <trkpt lat="47.0475" lon="18.05788">
        <ele>95.63</ele>
      </trkpt>
      <trkpt lat="47.04802" lon="18.05745">
        <ele>92.28</ele>
      </trkpt>
      <trkpt lat="47.04803" lon="18.05741">
        <ele>91.81</ele>
      </trkpt>
      <trkpt lat="47.04804" lon="18.05737">
        <ele>91.34</ele>
      </trkpt>
      <trkpt lat="47.04806" lon="18.05733">
        <ele>90.79</ele>
      </trkpt>
      <trkpt lat="47.04809" lon="18.0573">
        <ele>90.68</ele>
      </trkpt>
      <trkpt lat="47.04812" lon="18.05726">
        <ele>90.5</ele>
      </trkpt>
      <trkpt lat="47.04812" lon="18.05726">
        <ele>90.5</ele>
      </trkpt>
      <trkpt lat="47.0499" lon="18.05573">
        <ele>91.37</ele>
      </trkpt>
      <trkpt lat="47.05006" lon="18.05559">
        <ele>89.85</ele>
      </trkpt>
      <trkpt lat="47.05021" lon="18.05546">
        <ele>90.62</ele>
      </trkpt>
      <trkpt lat="47.05021" lon="18.05544">
        <ele>90.8</ele>
      </trkpt>
      <trkpt lat="47.05021" lon="18.05542">
        <ele>90.98</ele>
      </trkpt>
      <trkpt lat="47.05022" lon="18.05538">
        <ele>91.43</ele>
      </trkpt>
      <trkpt lat="47.05023" lon="18.05535">
        <ele>91.79</ele>
      </trkpt>
      <trkpt lat="47.05025" lon="18.05531">
        <ele>92.38</ele>
      </trkpt>
      <trkpt lat="47.05025" lon="18.05531">
        <ele>92.38</ele>
      </trkpt>
      <trkpt lat="47.05023" lon="18.05535">
        <ele>91.79</ele>
      </trkpt>
      <trkpt lat="47.05022" lon="18.05538">
        <ele>91.43</ele>
      </trkpt>
      <trkpt lat="47.05021" lon="18.05542">
        <ele>90.98</ele>
      </trkpt>
      <trkpt lat="47.05021" lon="18.05544">
        <ele>90.8</ele>
      </trkpt>
      <trkpt lat="47.05021" lon="18.05546">
        <ele>90.62</ele>
      </trkpt>
      <trkpt lat="47.05031" lon="18.0554">
        <ele>91.07</ele>
      </trkpt>
      <trkpt lat="47.05046" lon="18.05531">
        <ele>88.36</ele>
      </trkpt>
      <trkpt lat="47.05069" lon="18.05519">
        <ele>89.22</ele>
      </trkpt>
      <trkpt lat="47.05084" lon="18.05507">
        <ele>91.47</ele>
      </trkpt>
      <trkpt lat="47.05093" lon="18.05494">
        <ele>91.87</ele>
      </trkpt>
      <trkpt lat="47.05096" lon="18.05485">
        <ele>92.08</ele>
      </trkpt>
      <trkpt lat="47.05096" lon="18.05485">
        <ele>92.08</ele>
      </trkpt>
      <trkpt lat="47.05096" lon="18.05474">
        <ele>92.48</ele>
      </trkpt>
      <trkpt lat="47.05098" lon="18.05466">
        <ele>92.59</ele>
      </trkpt>
      <trkpt lat="47.05101" lon="18.05459">
        <ele>92.67</ele>
      </trkpt>
      <trkpt lat="47.05122" lon="18.05439">
        <ele>90.68</ele>
      </trkpt>
      <trkpt lat="47.05122" lon="18.05439">
        <ele>90.68</ele>
      </trkpt>
      <trkpt lat="47.05119" lon="18.05438">
        <ele>91.26</ele>
      </trkpt>
      <trkpt lat="47.05115" lon="18.05429">
        <ele>91.84</ele>
      </trkpt>
      <trkpt lat="47.05115" lon="18.05429">
        <ele>91.84</ele>
      </trkpt>
      <trkpt lat="47.05139" lon="18.05405">
        <ele>89.83</ele>
      </trkpt>
      <trkpt lat="47.05172" lon="18.05373">
        <ele>88.95</ele>
      </trkpt>
      <trkpt lat="47.05172" lon="18.05373">
        <ele>88.95</ele>
      </trkpt>
      <trkpt lat="47.05202" lon="18.05344">
        <ele>86.28</ele>
      </trkpt>
      <trkpt lat="47.05203" lon="18.05339">
        <ele>85.5</ele>
      </trkpt>
      <trkpt lat="47.05203" lon="18.05335">
        <ele>85.04</ele>
      </trkpt>
      <trkpt lat="47.05201" lon="18.0533">
        <ele>85.11</ele>
      </trkpt>
      <trkpt lat="47.0519" lon="18.05299">
        <ele>85.87</ele>
      </trkpt>
      <trkpt lat="47.0519" lon="18.05299">
        <ele>85.87</ele>
      </trkpt>
      <trkpt lat="47.05233" lon="18.05263">
        <ele>88.5</ele>
      </trkpt>
      <trkpt lat="47.05276" lon="18.05226">
        <ele>94.92</ele>
      </trkpt>
      <trkpt lat="47.05318" lon="18.0519">
        <ele>99.78</ele>
      </trkpt>
      <trkpt lat="47.05361" lon="18.05153">
        <ele>94.09</ele>
      </trkpt>
      <trkpt lat="47.05361" lon="18.05153">
        <ele>94.09</ele>
      </trkpt>
      <trkpt lat="47.05395" lon="18.05124">
        <ele>86.09</ele>
      </trkpt>
      <trkpt lat="47.05445" lon="18.05082">
        <ele>80.16</ele>
      </trkpt>
      <trkpt lat="47.05486" lon="18.05047">
        <ele>83.11</ele>
      </trkpt>
      <trkpt lat="47.05527" lon="18.05013">
        <ele>83.12</ele>
      </trkpt>
      <trkpt lat="47.05568" lon="18.04978">
        <ele>87.5</ele>
      </trkpt>
      <trkpt lat="47.05609" lon="18.04943">
        <ele>87.77</ele>
      </trkpt>
      <trkpt lat="47.05609" lon="18.04944">
        <ele>87.88</ele>
      </trkpt>
      <trkpt lat="47.05636" lon="18.04921">
        <ele>86.22</ele>
      </trkpt>
      <trkpt lat="47.05659" lon="18.04902">
        <ele>88.7</ele>
      </trkpt>
      <trkpt lat="47.05687" lon="18.04879">
        <ele>92.48</ele>
      </trkpt>
      <trkpt lat="47.057" lon="18.04867">
        <ele>93.08</ele>
      </trkpt>
      <trkpt lat="47.05711" lon="18.04852">
        <ele>92.94</ele>
      </trkpt>
      <trkpt lat="47.05718" lon="18.04842">
        <ele>92.52</ele>
      </trkpt>
      <trkpt lat="47.05722" lon="18.04835">
        <ele>92.08</ele>
      </trkpt>
      <trkpt lat="47.05726" lon="18.04826">
        <ele>93.0</ele>
      </trkpt>
      <trkpt lat="47.05727" lon="18.04822">
        <ele>93.36</ele>
      </trkpt>
      <trkpt lat="47.05722" lon="18.04812">
        <ele>93.54</ele>
      </trkpt>
      <trkpt lat="47.05712" lon="18.04793">
        <ele>93.83</ele>
      </trkpt>
      <trkpt lat="47.05712" lon="18.04793">
        <ele>93.83</ele>
      </trkpt>
      <trkpt lat="47.05704" lon="18.04779">
        <ele>93.37</ele>
      </trkpt>
      <trkpt lat="47.05702" lon="18.04775">
        <ele>93.2</ele>
      </trkpt>
      <trkpt lat="47.05697" lon="18.04764">
        <ele>92.64</ele>
      </trkpt>
      <trkpt lat="47.05682" lon="18.04731">
        <ele>90.94</ele>
      </trkpt>
      <trkpt lat="47.05678" lon="18.0472">
        <ele>90.69</ele>
      </trkpt>
      <trkpt lat="47.05676" lon="18.04716">
        <ele>90.89</ele>
      </trkpt>
      <trkpt lat="47.05675" lon="18.04711">
        <ele>91.06</ele>
      </trkpt>
      <trkpt lat="47.05673" lon="18.04706">
        <ele>91.17</ele>
      </trkpt>
      <trkpt lat="47.05671" lon="18.04703">
        <ele>91.17</ele>
      </trkpt>
      <trkpt lat="47.05667" lon="18.04698">
        <ele>91.02</ele>
      </trkpt>
      <trkpt lat="47.05637" lon="18.04655">
        <ele>91.82</ele>
      </trkpt>
      <trkpt lat="47.05635" lon="18.04651">
        <ele>90.8</ele>
      </trkpt>
      <trkpt lat="47.05634" lon="18.04647">
        <ele>90.08</ele>
      </trkpt>
      <trkpt lat="47.05634" lon="18.04644">
        <ele>89.73</ele>
      </trkpt>
      <trkpt lat="47.05634" lon="18.0464">
        <ele>89.25</ele>
      </trkpt>
      <trkpt lat="47.05635" lon="18.04636">
        <ele>89.3</ele>
      </trkpt>
      <trkpt lat="47.05636" lon="18.04633">
        <ele>89.48</ele>
      </trkpt>
      <trkpt lat="47.05649" lon="18.04606">
        <ele>89.68</ele>
      </trkpt>
      <trkpt lat="47.05651" lon="18.04602">
        <ele>89.17</ele>
      </trkpt>
      <trkpt lat="47.05654" lon="18.04598">
        <ele>88.61</ele>
      </trkpt>
      <trkpt lat="47.05664" lon="18.04583">
        <ele>86.09</ele>
      </trkpt>
      <trkpt lat="47.05666" lon="18.04579">
        <ele>86.02</ele>
      </trkpt>
      <trkpt lat="47.05667" lon="18.04574">
        <ele>86.06</ele>
      </trkpt>
      <trkpt lat="47.05669" lon="18.04568">
        <ele>86.36</ele>
      </trkpt>
      <trkpt lat="47.0567" lon="18.0456">
        <ele>86.34</ele>
      </trkpt>
      <trkpt lat="47.05671" lon="18.04553">
        <ele>86.3</ele>
      </trkpt>
      <trkpt lat="47.05673" lon="18.04545">
        <ele>86.37</ele>
      </trkpt>
      <trkpt lat="47.05675" lon="18.04539">
        <ele>86.42</ele>
      </trkpt>
      <trkpt lat="47.05678" lon="18.04533">
        <ele>86.48</ele>
      </trkpt>
      <trkpt lat="47.05681" lon="18.04528">
        <ele>86.52</ele>
      </trkpt>
      <trkpt lat="47.05695" lon="18.04507">
        <ele>87.88</ele>
      </trkpt>
      <trkpt lat="47.05698" lon="18.04502">
        <ele>88.72</ele>
      </trkpt>
      <trkpt lat="47.057" lon="18.04496">
        <ele>88.77</ele>
      </trkpt>
      <trkpt lat="47.05701" lon="18.04491">
        <ele>88.44</ele>
      </trkpt>
      <trkpt lat="47.05702" lon="18.04485">
        <ele>88.01</ele>
      </trkpt>
      <trkpt lat="47.05703" lon="18.04475">
        <ele>87.15</ele>
      </trkpt>
      <trkpt lat="47.05704" lon="18.04469">
        <ele>86.98</ele>
      </trkpt>
      <trkpt lat="47.05706" lon="18.04463">
        <ele>87.22</ele>
      </trkpt>
      <trkpt lat="47.05707" lon="18.04458">
        <ele>87.25</ele>
      </trkpt>
      <trkpt lat="47.0571" lon="18.04452">
        <ele>87.54</ele>
      </trkpt>
      <trkpt lat="47.05712" lon="18.04448">
        <ele>87.69</ele>
      </trkpt>
      <trkpt lat="47.05716" lon="18.04443">
        <ele>87.98</ele>
      </trkpt>
      <trkpt lat="47.05716" lon="18.04443">
        <ele>87.98</ele>
      </trkpt>
      <trkpt lat="47.05718" lon="18.0444">
        <ele>87.98</ele>
      </trkpt>
      <trkpt lat="47.05722" lon="18.04435">
        <ele>87.96</ele>
      </trkpt>
      <trkpt lat="47.05726" lon="18.04429">
        <ele>89.37</ele>
      </trkpt>
      <trkpt lat="47.05729" lon="18.04425">
        <ele>90.56</ele>
      </trkpt>
      <trkpt lat="47.05731" lon="18.04419">
        <ele>90.99</ele>
      </trkpt>
      <trkpt lat="47.05733" lon="18.04413">
        <ele>91.43</ele>
      </trkpt>
      <trkpt lat="47.05735" lon="18.04406">
        <ele>91.63</ele>
      </trkpt>
      <trkpt lat="47.05736" lon="18.04399">
        <ele>91.23</ele>
      </trkpt>
      <trkpt lat="47.05736" lon="18.04392">
        <ele>90.35</ele>
      </trkpt>
      <trkpt lat="47.05737" lon="18.04385">
        <ele>90.1</ele>
      </trkpt>
      <trkpt lat="47.05739" lon="18.04379">
        <ele>90.39</ele>
      </trkpt>
      <trkpt lat="47.05741" lon="18.04374">
        <ele>90.67</ele>
      </trkpt>
      <trkpt lat="47.05743" lon="18.0437">
        <ele>90.95</ele>
      </trkpt>
      <trkpt lat="47.05746" lon="18.04367">
        <ele>91.54</ele>
      </trkpt>
      <trkpt lat="47.05748" lon="18.04366">
        <ele>91.99</ele>
      </trkpt>
      <trkpt lat="47.0575" lon="18.04367">
        <ele>92.64</ele>
      </trkpt>
      <trkpt lat="47.05753" lon="18.04368">
        <ele>93.47</ele>
      </trkpt>
      <trkpt lat="47.05756" lon="18.04369">
        <ele>94.33</ele>
      </trkpt>
      <trkpt lat="47.0576" lon="18.04372">
        <ele>95.76</ele>
      </trkpt>
      <trkpt lat="47.05788" lon="18.04398">
        <ele>104.78</ele>
      </trkpt>
      <trkpt lat="47.05791" lon="18.044">
        <ele>104.86</ele>
      </trkpt>
      <trkpt lat="47.05794" lon="18.04401">
        <ele>104.76</ele>
      </trkpt>
      <trkpt lat="47.05797" lon="18.044">
        <ele>104.34</ele>
      </trkpt>
      <trkpt lat="47.05799" lon="18.044">
        <ele>104.17</ele>
      </trkpt>
      <trkpt lat="47.05801" lon="18.04398">
        <ele>103.69</ele>
      </trkpt>
      <trkpt lat="47.0581" lon="18.0439">
        <ele>102.3</ele>
      </trkpt>
      <trkpt lat="47.05813" lon="18.04387">
        <ele>102.21</ele>
      </trkpt>
      <trkpt lat="47.05815" lon="18.04385">
        <ele>102.2</ele>
      </trkpt>
      <trkpt lat="47.05818" lon="18.04381">
        <ele>102.07</ele>
      </trkpt>
      <trkpt lat="47.05821" lon="18.04376">
        <ele>101.78</ele>
      </trkpt>
      <trkpt lat="47.05823" lon="18.04372">
        <ele>101.48</ele>
      </trkpt>
      <trkpt lat="47.05826" lon="18.04368">
        <ele>101.08</ele>
      </trkpt>
      <trkpt lat="47.05832" lon="18.04356">
        <ele>99.52</ele>
      </trkpt>
      <trkpt lat="47.05836" lon="18.04346">
        <ele>97.84</ele>
      </trkpt>
      <trkpt lat="47.0584" lon="18.04334">
        <ele>95.64</ele>
      </trkpt>
      <trkpt lat="47.05845" lon="18.0432">
        <ele>92.84</ele>
      </trkpt>
      <trkpt lat="47.05849" lon="18.04305">
        <ele>90.02</ele>
      </trkpt>
      <trkpt lat="47.05849" lon="18.04301">
        <ele>89.8</ele>
      </trkpt>
      <trkpt lat="47.05849" lon="18.04301">
        <ele>89.8</ele>
      </trkpt>
      <trkpt lat="47.05851" lon="18.04292">
        <ele>88.75</ele>
      </trkpt>
      <trkpt lat="47.05853" lon="18.04283">
        <ele>87.66</ele>
      </trkpt>
      <trkpt lat="47.05855" lon="18.04269">
        <ele>86.97</ele>
      </trkpt>
      <trkpt lat="47.05856" lon="18.04256">
        <ele>87.17</ele>
      </trkpt>
      <trkpt lat="47.05859" lon="18.04243">
        <ele>87.35</ele>
      </trkpt>
      <trkpt lat="47.05861" lon="18.04233">
        <ele>87.61</ele>
      </trkpt>
      <trkpt lat="47.05864" lon="18.04225">
        <ele>87.7</ele>
      </trkpt>
      <trkpt lat="47.05868" lon="18.04216">
        <ele>87.39</ele>
      </trkpt>
      <trkpt lat="47.05871" lon="18.04211">
        <ele>87.17</ele>
      </trkpt>
      <trkpt lat="47.05874" lon="18.04208">
        <ele>87.04</ele>
      </trkpt>
      <trkpt lat="47.05877" lon="18.04206">
        <ele>86.94</ele>
      </trkpt>
      <trkpt lat="47.0588" lon="18.04206">
        <ele>86.85</ele>
      </trkpt>
      <trkpt lat="47.05883" lon="18.04207">
        <ele>86.74</ele>
      </trkpt>
      <trkpt lat="47.05886" lon="18.0421">
        <ele>86.56</ele>
      </trkpt>
      <trkpt lat="47.05931" lon="18.04269">
        <ele>84.73</ele>
      </trkpt>
      <trkpt lat="47.05935" lon="18.04275">
        <ele>83.45</ele>
      </trkpt>
      <trkpt lat="47.05945" lon="18.04262">
        <ele>84.79</ele>
      </trkpt>
      <trkpt lat="47.05961" lon="18.0424">
        <ele>85.7</ele>
      </trkpt>
      <trkpt lat="47.05961" lon="18.0424">
        <ele>85.7</ele>
      </trkpt>
      <trkpt lat="47.05968" lon="18.04231">
        <ele>85.66</ele>
      </trkpt>
      <trkpt lat="47.05976" lon="18.04223">
        <ele>85.65</ele>
      </trkpt>
      <trkpt lat="47.06016" lon="18.04184">
        <ele>88.43</ele>
      </trkpt>
      <trkpt lat="47.06021" lon="18.0418">
        <ele>87.86</ele>
      </trkpt>
      <trkpt lat="47.06028" lon="18.04175">
        <ele>87.0</ele>
      </trkpt>
      <trkpt lat="47.06036" lon="18.0417">
        <ele>87.19</ele>
      </trkpt>
      <trkpt lat="47.06044" lon="18.04164">
        <ele>87.88</ele>
      </trkpt>
      <trkpt lat="47.06115" lon="18.04098">
        <ele>78.9</ele>
      </trkpt>
      <trkpt lat="47.06115" lon="18.04098">
        <ele>78.9</ele>
      </trkpt>
      <trkpt lat="47.06136" lon="18.04079">
        <ele>77.21</ele>
      </trkpt>
      <trkpt lat="47.06192" lon="18.04024">
        <ele>79.67</ele>
      </trkpt>
      <trkpt lat="47.06199" lon="18.04018">
        <ele>80.38</ele>
      </trkpt>
      <trkpt lat="47.06205" lon="18.04014">
        <ele>81.25</ele>
      </trkpt>
      <trkpt lat="47.06218" lon="18.04003">
        <ele>83.37</ele>
      </trkpt>
      <trkpt lat="47.06224" lon="18.03999">
        <ele>84.23</ele>
      </trkpt>
      <trkpt lat="47.0623" lon="18.03993">
        <ele>85.25</ele>
      </trkpt>
      <trkpt lat="47.06237" lon="18.03989">
        <ele>86.04</ele>
      </trkpt>
      <trkpt lat="47.06242" lon="18.03987">
        <ele>86.49</ele>
      </trkpt>
      <trkpt lat="47.06248" lon="18.03989">
        <ele>86.68</ele>
      </trkpt>
      <trkpt lat="47.0625" lon="18.03992">
        <ele>86.58</ele>
      </trkpt>
      <trkpt lat="47.0625" lon="18.03992">
        <ele>86.58</ele>
      </trkpt>
      <trkpt lat="47.06256" lon="18.03986">
        <ele>87.76</ele>
      </trkpt>
      <trkpt lat="47.0626" lon="18.0398">
        <ele>88.62</ele>
      </trkpt>
      <trkpt lat="47.06263" lon="18.03972">
        <ele>89.42</ele>
      </trkpt>
      <trkpt lat="47.06281" lon="18.03932">
        <ele>94.26</ele>
      </trkpt>
      <trkpt lat="47.06287" lon="18.03916">
        <ele>95.69</ele>
      </trkpt>
      <trkpt lat="47.06292" lon="18.03901">
        <ele>96.59</ele>
      </trkpt>
      <trkpt lat="47.06292" lon="18.03901">
        <ele>96.59</ele>
      </trkpt>
      <trkpt lat="47.063" lon="18.03875">
        <ele>96.5</ele>
      </trkpt>
      <trkpt lat="47.06302" lon="18.03864">
        <ele>95.84</ele>
      </trkpt>
      <trkpt lat="47.06304" lon="18.03855">
        <ele>95.64</ele>
      </trkpt>
      <trkpt lat="47.06306" lon="18.03844">
        <ele>95.29</ele>
      </trkpt>
      <trkpt lat="47.06313" lon="18.03781">
        <ele>91.33</ele>
      </trkpt>
      <trkpt lat="47.06313" lon="18.03764">
        <ele>92.06</ele>
      </trkpt>
      <trkpt lat="47.06313" lon="18.03747">
        <ele>92.96</ele>
      </trkpt>
      <trkpt lat="47.06313" lon="18.03731">
        <ele>93.11</ele>
      </trkpt>
      <trkpt lat="47.0631" lon="18.03695">
        <ele>93.68</ele>
      </trkpt>
      <trkpt lat="47.06308" lon="18.0368">
        <ele>93.35</ele>
      </trkpt>
      <trkpt lat="47.06307" lon="18.03667">
        <ele>92.96</ele>
      </trkpt>
      <trkpt lat="47.06304" lon="18.03602">
        <ele>95.47</ele>
      </trkpt>
      <trkpt lat="47.06303" lon="18.03584">
        <ele>94.75</ele>
      </trkpt>
      <trkpt lat="47.06301" lon="18.03565">
        <ele>93.19</ele>
      </trkpt>
      <trkpt lat="47.06299" lon="18.03538">
        <ele>91.36</ele>
      </trkpt>
      <trkpt lat="47.06299" lon="18.03535">
        <ele>91.2</ele>
      </trkpt>
      <trkpt lat="47.06297" lon="18.03515">
        <ele>90.74</ele>
      </trkpt>
      <trkpt lat="47.06294" lon="18.03499">
        <ele>90.82</ele>
      </trkpt>
      <trkpt lat="47.06288" lon="18.03501">
        <ele>90.06</ele>
      </trkpt>
      <trkpt lat="47.06243" lon="18.03516">
        <ele>81.66</ele>
      </trkpt>
      <trkpt lat="47.06243" lon="18.03516">
        <ele>81.66</ele>
      </trkpt>
      <trkpt lat="47.06162" lon="18.03542">
        <ele>79.97</ele>
      </trkpt>
      <trkpt lat="47.06132" lon="18.03558">
        <ele>79.06</ele>
      </trkpt>
      <trkpt lat="47.06113" lon="18.03569">
        <ele>80.37</ele>
      </trkpt>
      <trkpt lat="47.06094" lon="18.03577">
        <ele>81.41</ele>
      </trkpt>
      <trkpt lat="47.06054" lon="18.03592">
        <ele>84.55</ele>
      </trkpt>
      <trkpt lat="47.05991" lon="18.03621">
        <ele>99.98</ele>
      </trkpt>
      <trkpt lat="47.05984" lon="18.03624">
        <ele>98.87</ele>
      </trkpt>
      <trkpt lat="47.05984" lon="18.03624">
        <ele>98.87</ele>
      </trkpt>
      <trkpt lat="47.05977" lon="18.03627">
        <ele>97.81</ele>
      </trkpt>
      <trkpt lat="47.05968" lon="18.03632">
        <ele>95.77</ele>
      </trkpt>
      <trkpt lat="47.05958" lon="18.03641">
        <ele>92.5</ele>
      </trkpt>
      <trkpt lat="47.05949" lon="18.03649">
        <ele>89.72</ele>
      </trkpt>
      <trkpt lat="47.05944" lon="18.03651">
        <ele>88.81</ele>
      </trkpt>
      <trkpt lat="47.05939" lon="18.03652">
        <ele>88.54</ele>
      </trkpt>
      <trkpt lat="47.05932" lon="18.03652">
        <ele>88.4</ele>
      </trkpt>
      <trkpt lat="47.05926" lon="18.0365">
        <ele>88.6</ele>
      </trkpt>
      <trkpt lat="47.05921" lon="18.03648">
        <ele>88.79</ele>
      </trkpt>
      <trkpt lat="47.05908" lon="18.03641">
        <ele>91.3</ele>
      </trkpt>
      <trkpt lat="47.05903" lon="18.03636">
        <ele>92.62</ele>
      </trkpt>
      <trkpt lat="47.059" lon="18.03631">
        <ele>93.34</ele>
      </trkpt>
      <trkpt lat="47.05897" lon="18.03626">
        <ele>93.95</ele>
      </trkpt>
      <trkpt lat="47.05848" lon="18.03524">
        <ele>98.13</ele>
      </trkpt>
      <trkpt lat="47.05844" lon="18.03517">
        <ele>96.9</ele>
      </trkpt>
      <trkpt lat="47.05839" lon="18.03509">
        <ele>95.54</ele>
      </trkpt>
      <trkpt lat="47.05839" lon="18.03509">
        <ele>95.54</ele>
      </trkpt>
      <trkpt lat="47.05836" lon="18.03507">
        <ele>95.32</ele>
      </trkpt>
      <trkpt lat="47.05832" lon="18.03505">
        <ele>95.06</ele>
      </trkpt>
      <trkpt lat="47.05828" lon="18.03505">
        <ele>95.01</ele>
      </trkpt>
      <trkpt lat="47.05824" lon="18.03506">
        <ele>95.15</ele>
      </trkpt>
      <trkpt lat="47.05819" lon="18.03507">
        <ele>95.25</ele>
      </trkpt>
      <trkpt lat="47.05804" lon="18.03516">
        <ele>96.51</ele>
      </trkpt>
      <trkpt lat="47.05802" lon="18.03517">
        <ele>96.9</ele>
      </trkpt>
      <trkpt lat="47.05799" lon="18.03517">
        <ele>97.29</ele>
      </trkpt>
      <trkpt lat="47.05795" lon="18.03516">
        <ele>97.71</ele>
      </trkpt>
      <trkpt lat="47.05739" lon="18.03486">
        <ele>96.38</ele>
      </trkpt>
      <trkpt lat="47.05737" lon="18.03484">
        <ele>98.17</ele>
      </trkpt>
      <trkpt lat="47.05735" lon="18.03481">
        <ele>100.84</ele>
      </trkpt>
      <trkpt lat="47.05734" lon="18.03479">
        <ele>102.62</ele>
      </trkpt>
      <trkpt lat="47.05733" lon="18.03476">
        <ele>105.26</ele>
      </trkpt>
      <trkpt lat="47.05733" lon="18.03474">
        <ele>106.95</ele>
      </trkpt>
      <trkpt lat="47.05733" lon="18.03472">
        <ele>108.46</ele>
      </trkpt>
      <trkpt lat="47.05733" lon="18.03472">
        <ele>108.46</ele>
      </trkpt>
      <trkpt lat="47.05733" lon="18.0347">
        <ele>108.53</ele>
      </trkpt>
      <trkpt lat="47.05733" lon="18.03469">
        <ele>108.56</ele>
      </trkpt>
      <trkpt lat="47.05735" lon="18.03466">
        <ele>108.38</ele>
      </trkpt>
      <trkpt lat="47.05736" lon="18.03464">
        <ele>108.31</ele>
      </trkpt>
      <trkpt lat="47.05738" lon="18.03461">
        <ele>108.13</ele>
      </trkpt>
      <trkpt lat="47.0574" lon="18.03458">
        <ele>107.95</ele>
      </trkpt>
      <trkpt lat="47.05745" lon="18.03452">
        <ele>107.45</ele>
      </trkpt>
      <trkpt lat="47.0575" lon="18.03444">
        <ele>106.92</ele>
      </trkpt>
      <trkpt lat="47.05753" lon="18.03438">
        <ele>104.92</ele>
      </trkpt>
      <trkpt lat="47.05756" lon="18.03431">
        <ele>102.85</ele>
      </trkpt>
      <trkpt lat="47.0576" lon="18.03421">
        <ele>100.15</ele>
      </trkpt>
      <trkpt lat="47.05764" lon="18.03407">
        <ele>97.43</ele>
      </trkpt>
      <trkpt lat="47.05765" lon="18.03401">
        <ele>96.48</ele>
      </trkpt>
      <trkpt lat="47.05767" lon="18.03396">
        <ele>95.32</ele>
      </trkpt>
      <trkpt lat="47.05775" lon="18.03378">
        <ele>91.59</ele>
      </trkpt>
      <trkpt lat="47.05777" lon="18.03373">
        <ele>90.71</ele>
      </trkpt>
      <trkpt lat="47.05779" lon="18.03368">
        <ele>90.07</ele>
      </trkpt>
      <trkpt lat="47.0578" lon="18.03364">
        <ele>89.74</ele>
      </trkpt>
      <trkpt lat="47.05782" lon="18.03358">
        <ele>89.18</ele>
      </trkpt>
      <trkpt lat="47.05784" lon="18.03355">
        <ele>88.81</ele>
      </trkpt>
      <trkpt lat="47.05785" lon="18.03352">
        <ele>88.63</ele>
      </trkpt>
      <trkpt lat="47.05786" lon="18.03351">
        <ele>88.48</ele>
      </trkpt>
      <trkpt lat="47.05786" lon="18.0335">
        <ele>88.48</ele>
      </trkpt>
      <trkpt lat="47.05786" lon="18.03349">
        <ele>88.47</ele>
      </trkpt>
      <trkpt lat="47.05785" lon="18.03348">
        <ele>88.6</ele>
      </trkpt>
      <trkpt lat="47.05782" lon="18.03346">
        <ele>88.94</ele>
      </trkpt>
      <trkpt lat="47.05776" lon="18.03343">
        <ele>90.01</ele>
      </trkpt>
      <trkpt lat="47.05771" lon="18.03342">
        <ele>91.83</ele>
      </trkpt>
      <trkpt lat="47.05766" lon="18.0334">
        <ele>93.58</ele>
      </trkpt>
      <trkpt lat="47.05762" lon="18.03338">
        <ele>94.94</ele>
      </trkpt>
      <trkpt lat="47.05753" lon="18.03333">
        <ele>97.93</ele>
      </trkpt>
      <trkpt lat="47.05746" lon="18.03328">
        <ele>101.04</ele>
      </trkpt>
      <trkpt lat="47.0574" lon="18.03325">
        <ele>103.87</ele>
      </trkpt>
      <trkpt lat="47.05726" lon="18.03318">
        <ele>110.31</ele>
      </trkpt>
      <trkpt lat="47.05726" lon="18.03318">
        <ele>110.31</ele>
      </trkpt>
      <trkpt lat="47.05673" lon="18.03292">
        <ele>119.69</ele>
      </trkpt>
      <trkpt lat="47.05646" lon="18.03279">
        <ele>110.97</ele>
      </trkpt>
      <trkpt lat="47.0561" lon="18.03263">
        <ele>107.25</ele>
      </trkpt>
      <trkpt lat="47.05605" lon="18.03261">
        <ele>106.45</ele>
      </trkpt>
      <trkpt lat="47.056" lon="18.03259">
        <ele>105.79</ele>
      </trkpt>
      <trkpt lat="47.05594" lon="18.03258">
        <ele>105.18</ele>
      </trkpt>
      <trkpt lat="47.05571" lon="18.03249">
        <ele>98.82</ele>
      </trkpt>
      <trkpt lat="47.0557" lon="18.03248">
        <ele>98.35</ele>
      </trkpt>
      <trkpt lat="47.05568" lon="18.03246">
        <ele>97.43</ele>
      </trkpt>
      <trkpt lat="47.05568" lon="18.03243">
        <ele>97.55</ele>
      </trkpt>
      <trkpt lat="47.05568" lon="18.03238">
        <ele>97.75</ele>
      </trkpt>
      <trkpt lat="47.05567" lon="18.03235">
        <ele>97.4</ele>
      </trkpt>
      <trkpt lat="47.05566" lon="18.0323">
        <ele>97.16</ele>
      </trkpt>
      <trkpt lat="47.05563" lon="18.03208">
        <ele>96.83</ele>
      </trkpt>
      <trkpt lat="47.05563" lon="18.03208">
        <ele>96.83</ele>
      </trkpt>
      <trkpt lat="47.0556" lon="18.03187">
        <ele>96.53</ele>
      </trkpt>
      <trkpt lat="47.05559" lon="18.03175">
        <ele>96.29</ele>
      </trkpt>
      <trkpt lat="47.0556" lon="18.03164">
        <ele>97.11</ele>
      </trkpt>
      <trkpt lat="47.05562" lon="18.03154">
        <ele>99.16</ele>
      </trkpt>
      <trkpt lat="47.05565" lon="18.03142">
        <ele>101.69</ele>
      </trkpt>
      <trkpt lat="47.05582" lon="18.03104">
        <ele>108.7</ele>
      </trkpt>
      <trkpt lat="47.05546" lon="18.03069">
        <ele>99.79</ele>
      </trkpt>
      <trkpt lat="47.05546" lon="18.03069">
        <ele>99.79</ele>
      </trkpt>
      <trkpt lat="47.05555" lon="18.03051">
        <ele>99.66</ele>
      </trkpt>
      <trkpt lat="47.05562" lon="18.03037">
        <ele>99.9</ele>
      </trkpt>
      <trkpt lat="47.05568" lon="18.03028">
        <ele>100.26</ele>
      </trkpt>
      <trkpt lat="47.05577" lon="18.03017">
        <ele>100.27</ele>
      </trkpt>
      <trkpt lat="47.05581" lon="18.03009">
        <ele>99.43</ele>
      </trkpt>
      <trkpt lat="47.05585" lon="18.03002">
        <ele>98.54</ele>
      </trkpt>
      <trkpt lat="47.05589" lon="18.02992">
        <ele>97.81</ele>
      </trkpt>
      <trkpt lat="47.05716" lon="18.02663">
        <ele>102.28</ele>
      </trkpt>
      <trkpt lat="47.05849" lon="18.02322">
        <ele>120.51</ele>
      </trkpt>
      <trkpt lat="47.05857" lon="18.02304">
        <ele>123.85</ele>
      </trkpt>
      <trkpt lat="47.0586" lon="18.02296">
        <ele>123.77</ele>
      </trkpt>
      <trkpt lat="47.05845" lon="18.02278">
        <ele>121.42</ele>
      </trkpt>
      <trkpt lat="47.05837" lon="18.02272">
        <ele>120.9</ele>
      </trkpt>
      <trkpt lat="47.05829" lon="18.02265">
        <ele>119.96</ele>
      </trkpt>
      <trkpt lat="47.05818" lon="18.02258">
        <ele>118.94</ele>
      </trkpt>
      <trkpt lat="47.0579" lon="18.02242">
        <ele>116.44</ele>
      </trkpt>
      <trkpt lat="47.05726" lon="18.02208">
        <ele>117.18</ele>
      </trkpt>
      <trkpt lat="47.05709" lon="18.02199">
        <ele>114.56</ele>
      </trkpt>
      <trkpt lat="47.05709" lon="18.022">
        <ele>114.77</ele>
      </trkpt>
      <trkpt lat="47.05651" lon="18.0217">
        <ele>115.93</ele>
      </trkpt>
      <trkpt lat="47.05592" lon="18.02141">
        <ele>110.3</ele>
      </trkpt>
      <trkpt lat="47.05528" lon="18.02108">
        <ele>105.12</ele>
      </trkpt>
      <trkpt lat="47.05496" lon="18.02093">
        <ele>102.59</ele>
      </trkpt>
      <trkpt lat="47.05469" lon="18.02079">
        <ele>105.37</ele>
      </trkpt>
      <trkpt lat="47.05443" lon="18.02065">
        <ele>108.8</ele>
      </trkpt>
      <trkpt lat="47.0542" lon="18.02049">
        <ele>111.64</ele>
      </trkpt>
      <trkpt lat="47.05398" lon="18.0203">
        <ele>111.73</ele>
      </trkpt>
      <trkpt lat="47.05367" lon="18.02005">
        <ele>112.24</ele>
      </trkpt>
      <trkpt lat="47.05321" lon="18.01967">
        <ele>116.53</ele>
      </trkpt>
      <trkpt lat="47.05276" lon="18.01928">
        <ele>123.01</ele>
      </trkpt>
      <trkpt lat="47.05248" lon="18.01904">
        <ele>129.24</ele>
      </trkpt>
      <trkpt lat="47.05209" lon="18.01869">
        <ele>133.52</ele>
      </trkpt>
      <trkpt lat="47.05169" lon="18.01835">
        <ele>130.04</ele>
      </trkpt>
      <trkpt lat="47.0513" lon="18.018">
        <ele>129.22</ele>
      </trkpt>
      <trkpt lat="47.05129" lon="18.018">
        <ele>129.34</ele>
      </trkpt>
      <trkpt lat="47.05087" lon="18.01766">
        <ele>132.61</ele>
      </trkpt>
      <trkpt lat="47.05046" lon="18.01731">
        <ele>125.26</ele>
      </trkpt>
      <trkpt lat="47.05004" lon="18.01697">
        <ele>121.17</ele>
      </trkpt>
      <trkpt lat="47.04958" lon="18.01652">
        <ele>126.86</ele>
      </trkpt>
      <trkpt lat="47.04911" lon="18.01606">
        <ele>133.98</ele>
      </trkpt>
      <trkpt lat="47.04865" lon="18.01561">
        <ele>140.93</ele>
      </trkpt>
      <trkpt lat="47.04828" lon="18.01524">
        <ele>141.02</ele>
      </trkpt>
      <trkpt lat="47.04765" lon="18.01462">
        <ele>135.4</ele>
      </trkpt>
      <trkpt lat="47.04765" lon="18.01462">
        <ele>135.4</ele>
      </trkpt>
      <trkpt lat="47.04756" lon="18.01453">
        <ele>138.32</ele>
      </trkpt>
      <trkpt lat="47.04729" lon="18.01425">
        <ele>138.43</ele>
      </trkpt>
      <trkpt lat="47.04687" lon="18.01393">
        <ele>135.12</ele>
      </trkpt>
      <trkpt lat="47.04664" lon="18.01382">
        <ele>131.66</ele>
      </trkpt>
      <trkpt lat="47.04636" lon="18.01375">
        <ele>127.14</ele>
      </trkpt>
      <trkpt lat="47.04605" lon="18.01369">
        <ele>124.78</ele>
      </trkpt>
      <trkpt lat="47.04581" lon="18.01368">
        <ele>126.11</ele>
      </trkpt>
      <trkpt lat="47.04571" lon="18.01369">
        <ele>126.51</ele>
      </trkpt>
      <trkpt lat="47.04556" lon="18.01371">
        <ele>126.92</ele>
      </trkpt>
      <trkpt lat="47.04537" lon="18.01376">
        <ele>125.82</ele>
      </trkpt>
      <trkpt lat="47.04518" lon="18.01382">
        <ele>125.22</ele>
      </trkpt>
      <trkpt lat="47.04497" lon="18.01395">
        <ele>123.42</ele>
      </trkpt>
      <trkpt lat="47.04463" lon="18.01419">
        <ele>121.64</ele>
      </trkpt>
      <trkpt lat="47.04403" lon="18.01461">
        <ele>113.84</ele>
      </trkpt>
      <trkpt lat="47.04379" lon="18.01478">
        <ele>108.8</ele>
      </trkpt>
      <trkpt lat="47.04342" lon="18.01505">
        <ele>102.24</ele>
      </trkpt>
      <trkpt lat="47.04291" lon="18.01543">
        <ele>103.69</ele>
      </trkpt>
      <trkpt lat="47.04228" lon="18.01588">
        <ele>112.26</ele>
      </trkpt>
      <trkpt lat="47.042" lon="18.01611">
        <ele>108.01</ele>
      </trkpt>
      <trkpt lat="47.04193" lon="18.01617">
        <ele>107.3</ele>
      </trkpt>
      <trkpt lat="47.04192" lon="18.01617">
        <ele>107.26</ele>
      </trkpt>
      <trkpt lat="47.04187" lon="18.01622">
        <ele>106.45</ele>
      </trkpt>
      <trkpt lat="47.04181" lon="18.01632">
        <ele>104.9</ele>
      </trkpt>
      <trkpt lat="47.04164" lon="18.01694">
        <ele>106.95</ele>
      </trkpt>
      <trkpt lat="47.04164" lon="18.01694">
        <ele>106.95</ele>
      </trkpt>
      <trkpt lat="47.04134" lon="18.01803">
        <ele>119.94</ele>
      </trkpt>
      <trkpt lat="47.04109" lon="18.01903">
        <ele>125.39</ele>
      </trkpt>
      <trkpt lat="47.04087" lon="18.01972">
        <ele>123.42</ele>
      </trkpt>
      <trkpt lat="47.04066" lon="18.01961">
        <ele>119.84</ele>
      </trkpt>
      <trkpt lat="47.04057" lon="18.01956">
        <ele>118.12</ele>
      </trkpt>
      <trkpt lat="47.04053" lon="18.0197">
        <ele>115.7</ele>
      </trkpt>
      <trkpt lat="47.04005" lon="18.02058">
        <ele>106.46</ele>
      </trkpt>
      <trkpt lat="47.03993" lon="18.02078">
        <ele>108.21</ele>
      </trkpt>
      <trkpt lat="47.03977" lon="18.02107">
        <ele>110.58</ele>
      </trkpt>
      <trkpt lat="47.03936" lon="18.02178">
        <ele>112.35</ele>
      </trkpt>
      <trkpt lat="47.03912" lon="18.02219">
        <ele>115.91</ele>
      </trkpt>
      <trkpt lat="47.03893" lon="18.02253">
        <ele>112.94</ele>
      </trkpt>
      <trkpt lat="47.03882" lon="18.02272">
        <ele>112.91</ele>
      </trkpt>
      <trkpt lat="47.03882" lon="18.02272">
        <ele>112.91</ele>
      </trkpt>
      <trkpt lat="47.03856" lon="18.02318">
        <ele>107.0</ele>
      </trkpt>
      <trkpt lat="47.03851" lon="18.02326">
        <ele>106.43</ele>
      </trkpt>
      <trkpt lat="47.03797" lon="18.02419">
        <ele>105.56</ele>
      </trkpt>
      <trkpt lat="47.03784" lon="18.02442">
        <ele>102.97</ele>
      </trkpt>
      <trkpt lat="47.03777" lon="18.02455">
        <ele>102.06</ele>
      </trkpt>
      <trkpt lat="47.03739" lon="18.02522">
        <ele>108.06</ele>
      </trkpt>
      <trkpt lat="47.03681" lon="18.02624">
        <ele>99.94</ele>
      </trkpt>
      <trkpt lat="47.03624" lon="18.02726">
        <ele>93.81</ele>
      </trkpt>
      <trkpt lat="47.03611" lon="18.02751">
        <ele>96.0</ele>
      </trkpt>
      <trkpt lat="47.03566" lon="18.02826">
        <ele>96.23</ele>
      </trkpt>
      <trkpt lat="47.03562" lon="18.0283">
        <ele>95.66</ele>
      </trkpt>
      <trkpt lat="47.03564" lon="18.0284">
        <ele>94.27</ele>
      </trkpt>
      <trkpt lat="47.03564" lon="18.02851">
        <ele>92.57</ele>
      </trkpt>
      <trkpt lat="47.03564" lon="18.02863">
        <ele>90.98</ele>
      </trkpt>
      <trkpt lat="47.0356" lon="18.02895">
        <ele>91.06</ele>
      </trkpt>
      <trkpt lat="47.03557" lon="18.0291">
        <ele>91.71</ele>
      </trkpt>
      <trkpt lat="47.03552" lon="18.02924">
        <ele>93.27</ele>
      </trkpt>
      <trkpt lat="47.03543" lon="18.0294">
        <ele>95.95</ele>
      </trkpt>
      <trkpt lat="47.03531" lon="18.02949">
        <ele>97.82</ele>
      </trkpt>
      <trkpt lat="47.03517" lon="18.02959">
        <ele>99.28</ele>
      </trkpt>
      <trkpt lat="47.03503" lon="18.0296">
        <ele>100.24</ele>
      </trkpt>
      <trkpt lat="47.0346" lon="18.02947">
        <ele>97.64</ele>
      </trkpt>
      <trkpt lat="47.03435" lon="18.02939">
        <ele>95.98</ele>
      </trkpt>
      <trkpt lat="47.03435" lon="18.02939">
        <ele>95.98</ele>
      </trkpt>
      <trkpt lat="47.03396" lon="18.02926">
        <ele>97.06</ele>
      </trkpt>
      <trkpt lat="47.03384" lon="18.02918">
        <ele>99.24</ele>
      </trkpt>
      <trkpt lat="47.03353" lon="18.02887">
        <ele>102.25</ele>
      </trkpt>
      <trkpt lat="47.03312" lon="18.02846">
        <ele>107.02</ele>
      </trkpt>
      <trkpt lat="47.03271" lon="18.02804">
        <ele>111.64</ele>
      </trkpt>
      <trkpt lat="47.03246" lon="18.02788">
        <ele>108.9</ele>
      </trkpt>
      <trkpt lat="47.03213" lon="18.02773">
        <ele>99.34</ele>
      </trkpt>
      <trkpt lat="47.03205" lon="18.02764">
        <ele>97.04</ele>
      </trkpt>
      <trkpt lat="47.032" lon="18.0275">
        <ele>95.6</ele>
      </trkpt>
      <trkpt lat="47.03196" lon="18.02744">
        <ele>94.22</ele>
      </trkpt>
      <trkpt lat="47.03186" lon="18.0273">
        <ele>93.06</ele>
      </trkpt>
      <trkpt lat="47.03171" lon="18.02713">
        <ele>91.16</ele>
      </trkpt>
      <trkpt lat="47.03153" lon="18.02702">
        <ele>91.52</ele>
      </trkpt>
      <trkpt lat="47.03141" lon="18.02697">
        <ele>92.8</ele>
      </trkpt>
      <trkpt lat="47.03064" lon="18.0265">
        <ele>98.54</ele>
      </trkpt>
      <trkpt lat="47.03054" lon="18.02639">
        <ele>101.65</ele>
      </trkpt>
      <trkpt lat="47.03054" lon="18.02639">
        <ele>101.65</ele>
      </trkpt>
      <trkpt lat="47.03051" lon="18.02636">
        <ele>101.28</ele>
      </trkpt>
      <trkpt lat="47.03026" lon="18.02602">
        <ele>100.65</ele>
      </trkpt>
      <trkpt lat="47.02982" lon="18.02531">
        <ele>106.17</ele>
      </trkpt>
      <trkpt lat="47.02966" lon="18.02501">
        <ele>102.13</ele>
      </trkpt>
      <trkpt lat="47.02946" lon="18.02446">
        <ele>100.01</ele>
      </trkpt>
      <trkpt lat="47.02931" lon="18.02392">
        <ele>97.9</ele>
      </trkpt>
      <trkpt lat="47.0292" lon="18.0235">
        <ele>97.88</ele>
      </trkpt>
      <trkpt lat="47.02905" lon="18.02243">
        <ele>95.14</ele>
      </trkpt>
      <trkpt lat="47.02904" lon="18.02228">
        <ele>95.85</ele>
      </trkpt>
      <trkpt lat="47.02903" lon="18.02218">
        <ele>96.11</ele>
      </trkpt>
      <trkpt lat="47.02901" lon="18.02175">
        <ele>96.27</ele>
      </trkpt>
      <trkpt lat="47.02896" lon="18.02124">
        <ele>97.58</ele>
      </trkpt>
      <trkpt lat="47.02889" lon="18.0206">
        <ele>101.84</ele>
      </trkpt>
      <trkpt lat="47.02886" lon="18.02029">
        <ele>102.76</ele>
      </trkpt>
      <trkpt lat="47.0288" lon="18.01941">
        <ele>99.76</ele>
      </trkpt>
      <trkpt lat="47.02878" lon="18.01916">
        <ele>100.23</ele>
      </trkpt>
      <trkpt lat="47.02875" lon="18.01887">
        <ele>100.57</ele>
      </trkpt>
      <trkpt lat="47.02875" lon="18.01887">
        <ele>100.57</ele>
      </trkpt>
      <trkpt lat="47.02875" lon="18.01882">
        <ele>100.75</ele>
      </trkpt>
      <trkpt lat="47.02874" lon="18.01873">
        <ele>100.96</ele>
      </trkpt>
      <trkpt lat="47.0287" lon="18.01839">
        <ele>100.96</ele>
      </trkpt>
      <trkpt lat="47.02868" lon="18.01817">
        <ele>101.04</ele>
      </trkpt>
      <trkpt lat="47.02865" lon="18.01782">
        <ele>101.75</ele>
      </trkpt>
      <trkpt lat="47.02864" lon="18.01777">
        <ele>101.92</ele>
      </trkpt>
      <trkpt lat="47.02855" lon="18.01734">
        <ele>103.01</ele>
      </trkpt>
      <trkpt lat="47.02854" lon="18.01728">
        <ele>103.08</ele>
      </trkpt>
      <trkpt lat="47.02838" lon="18.01656">
        <ele>100.15</ele>
      </trkpt>
      <trkpt lat="47.02818" lon="18.01566">
        <ele>97.35</ele>
      </trkpt>
      <trkpt lat="47.02815" lon="18.01552">
        <ele>97.6</ele>
      </trkpt>
      <trkpt lat="47.02812" lon="18.01536">
        <ele>96.92</ele>
      </trkpt>
      <trkpt lat="47.02806" lon="18.01509">
        <ele>94.71</ele>
      </trkpt>
      <trkpt lat="47.0278" lon="18.01386">
        <ele>98.09</ele>
      </trkpt>
      <trkpt lat="47.02768" lon="18.01328">
        <ele>99.09</ele>
      </trkpt>
      <trkpt lat="47.02758" lon="18.0128">
        <ele>100.13</ele>
      </trkpt>
      <trkpt lat="47.02746" lon="18.01244">
        <ele>101.3</ele>
      </trkpt>
      <trkpt lat="47.0273" lon="18.01212">
        <ele>100.44</ele>
      </trkpt>
      <trkpt lat="47.02721" lon="18.01198">
        <ele>100.99</ele>
      </trkpt>
      <trkpt lat="47.02716" lon="18.01189">
        <ele>102.18</ele>
      </trkpt>
      <trkpt lat="47.02704" lon="18.01172">
        <ele>107.49</ele>
      </trkpt>
      <trkpt lat="47.02666" lon="18.01229">
        <ele>94.27</ele>
      </trkpt>
      <trkpt lat="47.02628" lon="18.01286">
        <ele>96.82</ele>
      </trkpt>
      <trkpt lat="47.0258" lon="18.01227">
        <ele>96.74</ele>
      </trkpt>
      <trkpt lat="47.02506" lon="18.01162">
        <ele>96.33</ele>
      </trkpt>
      <trkpt lat="47.02461" lon="18.01119">
        <ele>97.55</ele>
      </trkpt>
      <trkpt lat="47.02436" lon="18.01103">
        <ele>95.27</ele>
      </trkpt>
      <trkpt lat="47.02465" lon="18.01002">
        <ele>130.81</ele>
      </trkpt>
      <trkpt lat="47.02483" lon="18.01004">
        <ele>132.71</ele>
      </trkpt>
      <trkpt lat="47.02494" lon="18.00992">
        <ele>133.2</ele>
      </trkpt>
      <trkpt lat="47.02445" lon="18.00959">
        <ele>133.14</ele>
      </trkpt>
      <trkpt lat="47.02395" lon="18.00926">
        <ele>130.39</ele>
      </trkpt>
      <trkpt lat="47.02364" lon="18.00902">
        <ele>120.07</ele>
      </trkpt>
      <trkpt lat="47.023" lon="18.00875">
        <ele>106.4</ele>
      </trkpt>
      <trkpt lat="47.02266" lon="18.00916">
        <ele>98.63</ele>
      </trkpt>
      <trkpt lat="47.02263" lon="18.00916">
        <ele>98.51</ele>
      </trkpt>
      <trkpt lat="47.02236" lon="18.00903">
        <ele>96.99</ele>
      </trkpt>
      <trkpt lat="47.02236" lon="18.00902">
        <ele>96.99</ele>
      </trkpt>
      <trkpt lat="47.02219" lon="18.00894">
        <ele>94.72</ele>
      </trkpt>
      <trkpt lat="47.02177" lon="18.00872">
        <ele>88.98</ele>
      </trkpt>
      <trkpt lat="47.02161" lon="18.00862">
        <ele>86.49</ele>
      </trkpt>
      <trkpt lat="47.02157" lon="18.00857">
        <ele>85.71</ele>
      </trkpt>
      <trkpt lat="47.02151" lon="18.00845">
        <ele>84.48</ele>
      </trkpt>
      <trkpt lat="47.02139" lon="18.00839">
        <ele>83.21</ele>
      </trkpt>
      <trkpt lat="47.02132" lon="18.00838">
        <ele>85.03</ele>
      </trkpt>
      <trkpt lat="47.02067" lon="18.00828">
        <ele>90.54</ele>
      </trkpt>
      <trkpt lat="47.02032" lon="18.00821">
        <ele>89.58</ele>
      </trkpt>
      <trkpt lat="47.02032" lon="18.00821">
        <ele>89.58</ele>
      </trkpt>
      <trkpt lat="47.01991" lon="18.00813">
        <ele>89.56</ele>
      </trkpt>
      <trkpt lat="47.01983" lon="18.00813">
        <ele>87.93</ele>
      </trkpt>
      <trkpt lat="47.01906" lon="18.008">
        <ele>86.77</ele>
      </trkpt>
      <trkpt lat="47.01877" lon="18.00789">
        <ele>86.02</ele>
      </trkpt>
      <trkpt lat="47.01812" lon="18.00779">
        <ele>83.97</ele>
      </trkpt>
      <trkpt lat="47.01777" lon="18.00776">
        <ele>85.18</ele>
      </trkpt>
      <trkpt lat="47.01763" lon="18.00777">
        <ele>86.12</ele>
      </trkpt>
      <trkpt lat="47.01752" lon="18.0078">
        <ele>86.78</ele>
      </trkpt>
      <trkpt lat="47.01739" lon="18.00783">
        <ele>86.64</ele>
      </trkpt>
      <trkpt lat="47.01731" lon="18.00785">
        <ele>86.59</ele>
      </trkpt>
      <trkpt lat="47.0172" lon="18.00787">
        <ele>86.64</ele>
      </trkpt>
      <trkpt lat="47.01639" lon="18.00798">
        <ele>84.63</ele>
      </trkpt>
      <trkpt lat="47.01614" lon="18.00802">
        <ele>87.45</ele>
      </trkpt>
      <trkpt lat="47.01592" lon="18.00806">
        <ele>87.28</ele>
      </trkpt>
      <trkpt lat="47.01592" lon="18.00806">
        <ele>87.28</ele>
      </trkpt>
      <trkpt lat="47.01584" lon="18.00805">
        <ele>87.1</ele>
      </trkpt>
      <trkpt lat="47.01517" lon="18.00794">
        <ele>80.65</ele>
      </trkpt>
      <trkpt lat="47.01435" lon="18.00782">
        <ele>93.14</ele>
      </trkpt>
      <trkpt lat="47.01424" lon="18.00779">
        <ele>97.2</ele>
      </trkpt>
      <trkpt lat="47.01409" lon="18.00771">
        <ele>100.86</ele>
      </trkpt>
      <trkpt lat="47.0131" lon="18.00694">
        <ele>132.54</ele>
      </trkpt>
      <trkpt lat="47.01292" lon="18.00681">
        <ele>126.07</ele>
      </trkpt>
      <trkpt lat="47.01292" lon="18.00681">
        <ele>126.07</ele>
      </trkpt>
      <trkpt lat="47.01138" lon="18.00565">
        <ele>102.09</ele>
      </trkpt>
      <trkpt lat="47.01132" lon="18.0056">
        <ele>101.37</ele>
      </trkpt>
      <trkpt lat="47.01129" lon="18.00555">
        <ele>101.21</ele>
      </trkpt>
      <trkpt lat="47.01128" lon="18.00549">
        <ele>101.53</ele>
      </trkpt>
      <trkpt lat="47.0113" lon="18.00538">
        <ele>103.36</ele>
      </trkpt>
      <trkpt lat="47.01133" lon="18.00528">
        <ele>105.64</ele>
      </trkpt>
      <trkpt lat="47.01134" lon="18.00521">
        <ele>107.4</ele>
      </trkpt>
      <trkpt lat="47.01134" lon="18.00513">
        <ele>108.98</ele>
      </trkpt>
      <trkpt lat="47.01133" lon="18.0051">
        <ele>109.1</ele>
      </trkpt>
      <trkpt lat="47.01132" lon="18.00504">
        <ele>109.77</ele>
      </trkpt>
      <trkpt lat="47.01129" lon="18.005">
        <ele>109.02</ele>
      </trkpt>
      <trkpt lat="47.01126" lon="18.00497">
        <ele>108.08</ele>
      </trkpt>
      <trkpt lat="47.01008" lon="18.00406">
        <ele>104.03</ele>
      </trkpt>
      <trkpt lat="47.00972" lon="18.00381">
        <ele>101.48</ele>
      </trkpt>
      <trkpt lat="47.00929" lon="18.00358">
        <ele>90.6</ele>
      </trkpt>
      <trkpt lat="47.0093" lon="18.00352">
        <ele>89.85</ele>
      </trkpt>
      <trkpt lat="47.0093" lon="18.00349">
        <ele>89.47</ele>
      </trkpt>
      <trkpt lat="47.00931" lon="18.00346">
        <ele>89.1</ele>
      </trkpt>
      <trkpt lat="47.00931" lon="18.00342">
        <ele>88.6</ele>
      </trkpt>
      <trkpt lat="47.00932" lon="18.00334">
        <ele>87.63</ele>
      </trkpt>
      <trkpt lat="47.00926" lon="18.0033">
        <ele>87.18</ele>
      </trkpt>
      <trkpt lat="47.00921" lon="18.00328">
        <ele>86.73</ele>
      </trkpt>
      <trkpt lat="47.00889" lon="18.00323">
        <ele>85.63</ele>
      </trkpt>
      <trkpt lat="47.00889" lon="18.00323">
        <ele>85.63</ele>
      </trkpt>
      <trkpt lat="47.00882" lon="18.00322">
        <ele>84.66</ele>
      </trkpt>
      <trkpt lat="47.0085" lon="18.00317">
        <ele>83.07</ele>
      </trkpt>
      <trkpt lat="47.00736" lon="18.0031">
        <ele>94.97</ele>
      </trkpt>
      <trkpt lat="47.00699" lon="18.00308">
        <ele>93.42</ele>
      </trkpt>
      <trkpt lat="47.00688" lon="18.00306">
        <ele>92.04</ele>
      </trkpt>
      <trkpt lat="47.00678" lon="18.00304">
        <ele>90.82</ele>
      </trkpt>
      <trkpt lat="47.00672" lon="18.003">
        <ele>90.41</ele>
      </trkpt>
      <trkpt lat="47.00662" lon="18.00297">
        <ele>89.59</ele>
      </trkpt>
      <trkpt lat="47.00647" lon="18.00294">
        <ele>88.83</ele>
      </trkpt>
      <trkpt lat="47.00614" lon="18.00291">
        <ele>84.99</ele>
      </trkpt>
      <trkpt lat="47.00554" lon="18.00277">
        <ele>99.97</ele>
      </trkpt>
      <trkpt lat="47.00497" lon="18.0026">
        <ele>100.94</ele>
      </trkpt>
      <trkpt lat="47.00444" lon="18.00243">
        <ele>114.08</ele>
      </trkpt>
      <trkpt lat="47.00435" lon="18.0024">
        <ele>116.06</ele>
      </trkpt>
      <trkpt lat="47.00435" lon="18.00239">
        <ele>116.27</ele>
      </trkpt>
      <trkpt lat="47.0039" lon="18.00217">
        <ele>119.1</ele>
      </trkpt>
      <trkpt lat="47.00326" lon="18.00173">
        <ele>124.33</ele>
      </trkpt>
      <trkpt lat="47.00275" lon="18.00126">
        <ele>114.67</ele>
      </trkpt>
      <trkpt lat="47.00238" lon="18.00084">
        <ele>114.05</ele>
      </trkpt>
      <trkpt lat="47.00182" lon="18.00019">
        <ele>116.37</ele>
      </trkpt>
      <trkpt lat="47.00165" lon="18.0">
        <ele>114.94</ele>
      </trkpt>
      <trkpt lat="47.00126" lon="17.99948">
        <ele>112.06</ele>
      </trkpt>
      <trkpt lat="47.00084" lon="17.9989">
        <ele>112.88</ele>
      </trkpt>
      <trkpt lat="47.00065" lon="17.99864">
        <ele>111.55</ele>
      </trkpt>
      <trkpt lat="47.00013" lon="17.99785">
        <ele>107.82</ele>
      </trkpt>
      <trkpt lat="46.99964" lon="17.99704">
        <ele>105.23</ele>
      </trkpt>
      <trkpt lat="46.99924" lon="17.99631">
        <ele>107.66</ele>
      </trkpt>
      <trkpt lat="46.99911" lon="17.9961">
        <ele>107.73</ele>
      </trkpt>
      <trkpt lat="46.99911" lon="17.9961">
        <ele>107.73</ele>
      </trkpt>
      <trkpt lat="46.99881" lon="17.99559">
        <ele>108.35</ele>
      </trkpt>
      <trkpt lat="46.99869" lon="17.99543">
        <ele>109.03</ele>
      </trkpt>
      <trkpt lat="46.99838" lon="17.99509">
        <ele>105.32</ele>
      </trkpt>
      <trkpt lat="46.99834" lon="17.99504">
        <ele>105.13</ele>
      </trkpt>
      <trkpt lat="46.99795" lon="17.99451">
        <ele>102.19</ele>
      </trkpt>
      <trkpt lat="46.99771" lon="17.99418">
        <ele>105.51</ele>
      </trkpt>
      <trkpt lat="46.99735" lon="17.99367">
        <ele>103.99</ele>
      </trkpt>
      <trkpt lat="46.997" lon="17.99315">
        <ele>104.02</ele>
      </trkpt>
      <trkpt lat="46.99664" lon="17.99264">
        <ele>107.04</ele>
      </trkpt>
      <trkpt lat="46.99628" lon="17.99212">
        <ele>106.86</ele>
      </trkpt>
      <trkpt lat="46.99596" lon="17.99163">
        <ele>109.21</ele>
      </trkpt>
      <trkpt lat="46.99564" lon="17.99113">
        <ele>111.31</ele>
      </trkpt>
      <trkpt lat="46.99531" lon="17.99064">
        <ele>115.03</ele>
      </trkpt>
      <trkpt lat="46.99499" lon="17.99014">
        <ele>122.86</ele>
      </trkpt>
      <trkpt lat="46.99464" lon="17.98965">
        <ele>115.86</ele>
      </trkpt>
      <trkpt lat="46.99431" lon="17.98923">
        <ele>105.03</ele>
      </trkpt>
      <trkpt lat="46.99397" lon="17.98882">
        <ele>105.8</ele>
      </trkpt>
      <trkpt lat="46.99362" lon="17.98847">
        <ele>116.82</ele>
      </trkpt>
      <trkpt lat="46.99329" lon="17.98817">
        <ele>114.05</ele>
      </trkpt>
      <trkpt lat="46.9931" lon="17.98803">
        <ele>107.38</ele>
      </trkpt>
      <trkpt lat="46.9931" lon="17.98803">
        <ele>107.38</ele>
      </trkpt>
      <trkpt lat="46.993" lon="17.98796">
        <ele>103.62</ele>
      </trkpt>
      <trkpt lat="46.99261" lon="17.9877">
        <ele>93.89</ele>
      </trkpt>
      <trkpt lat="46.99163" lon="17.98713">
        <ele>101.1</ele>
      </trkpt>
      <trkpt lat="46.99036" lon="17.98642">
        <ele>104.17</ele>
      </trkpt>
      <trkpt lat="46.98925" lon="17.98588">
        <ele>116.11</ele>
      </trkpt>
      <trkpt lat="46.98906" lon="17.9858">
        <ele>120.77</ele>
      </trkpt>
      <trkpt lat="46.98886" lon="17.98573">
        <ele>123.25</ele>
      </trkpt>
      <trkpt lat="46.98866" lon="17.98563">
        <ele>116.26</ele>
      </trkpt>
      <trkpt lat="46.98837" lon="17.98542">
        <ele>113.56</ele>
      </trkpt>
      <trkpt lat="46.98833" lon="17.98538">
        <ele>112.45</ele>
      </trkpt>
      <trkpt lat="46.98829" lon="17.98535">
        <ele>111.8</ele>
      </trkpt>
      <trkpt lat="46.98804" lon="17.98517">
        <ele>111.61</ele>
      </trkpt>
      <trkpt lat="46.9878" lon="17.98494">
        <ele>121.49</ele>
      </trkpt>
      <trkpt lat="46.98762" lon="17.98476">
        <ele>124.23</ele>
      </trkpt>
      <trkpt lat="46.98745" lon="17.98458">
        <ele>119.58</ele>
      </trkpt>
      <trkpt lat="46.98719" lon="17.98419">
        <ele>112.16</ele>
      </trkpt>
      <trkpt lat="46.98699" lon="17.98382">
        <ele>105.05</ele>
      </trkpt>
      <trkpt lat="46.98683" lon="17.98347">
        <ele>101.01</ele>
      </trkpt>
      <trkpt lat="46.9867" lon="17.98307">
        <ele>100.34</ele>
      </trkpt>
      <trkpt lat="46.9865" lon="17.98241">
        <ele>101.51</ele>
      </trkpt>
      <trkpt lat="46.98641" lon="17.98208">
        <ele>103.04</ele>
      </trkpt>
      <trkpt lat="46.98641" lon="17.98208">
        <ele>103.04</ele>
      </trkpt>
      <trkpt lat="46.98595" lon="17.98034">
        <ele>99.8</ele>
      </trkpt>
      <trkpt lat="46.98577" lon="17.97962">
        <ele>96.72</ele>
      </trkpt>
      <trkpt lat="46.98573" lon="17.9795">
        <ele>96.07</ele>
      </trkpt>
      <trkpt lat="46.9857" lon="17.97943">
        <ele>95.65</ele>
      </trkpt>
      <trkpt lat="46.98568" lon="17.97935">
        <ele>95.58</ele>
      </trkpt>
      <trkpt lat="46.98569" lon="17.97929">
        <ele>95.98</ele>
      </trkpt>
      <trkpt lat="46.98562" lon="17.97931">
        <ele>94.64</ele>
      </trkpt>
      <trkpt lat="46.98559" lon="17.97933">
        <ele>94.03</ele>
      </trkpt>
      <trkpt lat="46.98556" lon="17.97934">
        <ele>93.46</ele>
      </trkpt>
      <trkpt lat="46.98548" lon="17.97937">
        <ele>92.13</ele>
      </trkpt>
      <trkpt lat="46.98539" lon="17.97936">
        <ele>90.87</ele>
      </trkpt>
      <trkpt lat="46.98534" lon="17.97933">
        <ele>90.49</ele>
      </trkpt>
      <trkpt lat="46.98531" lon="17.97929">
        <ele>90.61</ele>
      </trkpt>
      <trkpt lat="46.98529" lon="17.97922">
        <ele>91.35</ele>
      </trkpt>
      <trkpt lat="46.98526" lon="17.97887">
        <ele>95.82</ele>
      </trkpt>
      <trkpt lat="46.98523" lon="17.97858">
        <ele>99.02</ele>
      </trkpt>
      <trkpt lat="46.98514" lon="17.97784">
        <ele>98.01</ele>
      </trkpt>
      <trkpt lat="46.98513" lon="17.97782">
        <ele>97.93</ele>
      </trkpt>
      <trkpt lat="46.98513" lon="17.97782">
        <ele>97.93</ele>
      </trkpt>
      <trkpt lat="46.9851" lon="17.97758">
        <ele>97.66</ele>
      </trkpt>
      <trkpt lat="46.98508" lon="17.9775">
        <ele>97.71</ele>
      </trkpt>
      <trkpt lat="46.98506" lon="17.97742">
        <ele>97.56</ele>
      </trkpt>
      <trkpt lat="46.98499" lon="17.97727">
        <ele>97.21</ele>
      </trkpt>
      <trkpt lat="46.98494" lon="17.97719">
        <ele>97.44</ele>
      </trkpt>
      <trkpt lat="46.98491" lon="17.97711">
        <ele>97.88</ele>
      </trkpt>
      <trkpt lat="46.98488" lon="17.97695">
        <ele>98.26</ele>
      </trkpt>
      <trkpt lat="46.98485" lon="17.97676">
        <ele>99.22</ele>
      </trkpt>
      <trkpt lat="46.98468" lon="17.97554">
        <ele>99.47</ele>
      </trkpt>
      <trkpt lat="46.98461" lon="17.97499">
        <ele>103.87</ele>
      </trkpt>
      <trkpt lat="46.9846" lon="17.97492">
        <ele>104.33</ele>
      </trkpt>
      <trkpt lat="46.98452" lon="17.97444">
        <ele>106.91</ele>
      </trkpt>
      <trkpt lat="46.98439" lon="17.97369">
        <ele>104.0</ele>
      </trkpt>
      <trkpt lat="46.98414" lon="17.9725">
        <ele>99.1</ele>
      </trkpt>
      <trkpt lat="46.9841" lon="17.97233">
        <ele>99.85</ele>
      </trkpt>
      <trkpt lat="46.9841" lon="17.97233">
        <ele>99.85</ele>
      </trkpt>
      <trkpt lat="46.98393" lon="17.97165">
        <ele>103.22</ele>
      </trkpt>
      <trkpt lat="46.98366" lon="17.97056">
        <ele>104.51</ele>
      </trkpt>
      <trkpt lat="46.98362" lon="17.97038">
        <ele>105.32</ele>
      </trkpt>
      <trkpt lat="46.9831" lon="17.96871">
        <ele>107.21</ele>
      </trkpt>
      <trkpt lat="46.98303" lon="17.96856">
        <ele>108.92</ele>
      </trkpt>
      <trkpt lat="46.98296" lon="17.96849">
        <ele>110.68</ele>
      </trkpt>
      <trkpt lat="46.98286" lon="17.96838">
        <ele>113.31</ele>
      </trkpt>
      <trkpt lat="46.98281" lon="17.9683">
        <ele>114.15</ele>
      </trkpt>
      <trkpt lat="46.98277" lon="17.96816">
        <ele>112.33</ele>
      </trkpt>
      <trkpt lat="46.98274" lon="17.96799">
        <ele>111.37</ele>
      </trkpt>
      <trkpt lat="46.98271" lon="17.96773">
        <ele>113.18</ele>
      </trkpt>
      <trkpt lat="46.98268" lon="17.9676">
        <ele>111.13</ele>
      </trkpt>
      <trkpt lat="46.98262" lon="17.96746">
        <ele>108.64</ele>
      </trkpt>
      <trkpt lat="46.98254" lon="17.96728">
        <ele>104.59</ele>
      </trkpt>
      <trkpt lat="46.98248" lon="17.96713">
        <ele>102.64</ele>
      </trkpt>
      <trkpt lat="46.98241" lon="17.96689">
        <ele>101.57</ele>
      </trkpt>
      <trkpt lat="46.98237" lon="17.96646">
        <ele>102.76</ele>
      </trkpt>
      <trkpt lat="46.98234" lon="17.96631">
        <ele>103.49</ele>
      </trkpt>
      <trkpt lat="46.98229" lon="17.96617">
        <ele>104.79</ele>
      </trkpt>
      <trkpt lat="46.98221" lon="17.96606">
        <ele>106.15</ele>
      </trkpt>
      <trkpt lat="46.98196" lon="17.96582">
        <ele>107.05</ele>
      </trkpt>
      <trkpt lat="46.98187" lon="17.96573">
        <ele>106.94</ele>
      </trkpt>
      <trkpt lat="46.98182" lon="17.96563">
        <ele>107.16</ele>
      </trkpt>
      <trkpt lat="46.98178" lon="17.9655">
        <ele>107.49</ele>
      </trkpt>
      <trkpt lat="46.98169" lon="17.96512">
        <ele>107.69</ele>
      </trkpt>
      <trkpt lat="46.98164" lon="17.9649">
        <ele>107.72</ele>
      </trkpt>
      <trkpt lat="46.98156" lon="17.96469">
        <ele>106.83</ele>
      </trkpt>
      <trkpt lat="46.9814" lon="17.96436">
        <ele>106.7</ele>
      </trkpt>
      <trkpt lat="46.98123" lon="17.96404">
        <ele>108.65</ele>
      </trkpt>
      <trkpt lat="46.98102" lon="17.96402">
        <ele>108.55</ele>
      </trkpt>
      <trkpt lat="46.98086" lon="17.96395">
        <ele>109.29</ele>
      </trkpt>
      <trkpt lat="46.98067" lon="17.9638">
        <ele>107.3</ele>
      </trkpt>
      <trkpt lat="46.98051" lon="17.96362">
        <ele>106.25</ele>
      </trkpt>
      <trkpt lat="46.98051" lon="17.96362">
        <ele>106.25</ele>
      </trkpt>
      <trkpt lat="46.98043" lon="17.96349">
        <ele>105.83</ele>
      </trkpt>
      <trkpt lat="46.98036" lon="17.96335">
        <ele>105.79</ele>
      </trkpt>
      <trkpt lat="46.98027" lon="17.96304">
        <ele>107.0</ele>
      </trkpt>
      <trkpt lat="46.98024" lon="17.96284">
        <ele>107.4</ele>
      </trkpt>
      <trkpt lat="46.98021" lon="17.96261">
        <ele>108.77</ele>
      </trkpt>
      <trkpt lat="46.98019" lon="17.96232">
        <ele>111.83</ele>
      </trkpt>
      <trkpt lat="46.98015" lon="17.96204">
        <ele>114.97</ele>
      </trkpt>
      <trkpt lat="46.98011" lon="17.96184">
        <ele>116.23</ele>
      </trkpt>
      <trkpt lat="46.98006" lon="17.96163">
        <ele>117.02</ele>
      </trkpt>
      <trkpt lat="46.97996" lon="17.96136">
        <ele>119.06</ele>
      </trkpt>
      <trkpt lat="46.9798" lon="17.96097">
        <ele>120.0</ele>
      </trkpt>
      <trkpt lat="46.97903" lon="17.95942">
        <ele>117.78</ele>
      </trkpt>
      <trkpt lat="46.97879" lon="17.95892">
        <ele>117.14</ele>
      </trkpt>
      <trkpt lat="46.97844" lon="17.95818">
        <ele>116.87</ele>
      </trkpt>
      <trkpt lat="46.97802" lon="17.95732">
        <ele>112.32</ele>
      </trkpt>
      <trkpt lat="46.97773" lon="17.9567">
        <ele>106.87</ele>
      </trkpt>
      <trkpt lat="46.97758" lon="17.9564">
        <ele>107.25</ele>
      </trkpt>
      <trkpt lat="46.97755" lon="17.95634">
        <ele>107.21</ele>
      </trkpt>
      <trkpt lat="46.97737" lon="17.95596">
        <ele>106.28</ele>
      </trkpt>
      <trkpt lat="46.97719" lon="17.9555">
        <ele>102.04</ele>
      </trkpt>
      <trkpt lat="46.97702" lon="17.955">
        <ele>98.82</ele>
      </trkpt>
      <trkpt lat="46.97689" lon="17.95445">
        <ele>102.55</ele>
      </trkpt>
      <trkpt lat="46.97687" lon="17.95438">
        <ele>102.87</ele>
      </trkpt>
      <trkpt lat="46.97682" lon="17.95398">
        <ele>102.17</ele>
      </trkpt>
      <trkpt lat="46.97681" lon="17.95349">
        <ele>100.29</ele>
      </trkpt>
      <trkpt lat="46.97683" lon="17.95303">
        <ele>96.21</ele>
      </trkpt>
      <trkpt lat="46.97688" lon="17.95256">
        <ele>93.57</ele>
      </trkpt>
      <trkpt lat="46.97696" lon="17.95213">
        <ele>92.94</ele>
      </trkpt>
      <trkpt lat="46.97707" lon="17.95172">
        <ele>92.11</ele>
      </trkpt>
      <trkpt lat="46.97722" lon="17.95131">
        <ele>89.73</ele>
      </trkpt>
      <trkpt lat="46.97741" lon="17.95092">
        <ele>91.06</ele>
      </trkpt>
      <trkpt lat="46.97769" lon="17.9505">
        <ele>94.59</ele>
      </trkpt>
      <trkpt lat="46.97786" lon="17.95029">
        <ele>95.31</ele>
      </trkpt>
      <trkpt lat="46.97826" lon="17.94982">
        <ele>95.83</ele>
      </trkpt>
      <trkpt lat="46.97836" lon="17.94968">
        <ele>95.94</ele>
      </trkpt>
      <trkpt lat="46.97843" lon="17.94951">
        <ele>95.58</ele>
      </trkpt>
      <trkpt lat="46.97853" lon="17.94921">
        <ele>94.27</ele>
      </trkpt>
      <trkpt lat="46.97863" lon="17.94891">
        <ele>93.14</ele>
      </trkpt>
      <trkpt lat="46.97867" lon="17.94875">
        <ele>92.11</ele>
      </trkpt>
      <trkpt lat="46.97893" lon="17.94773">
        <ele>92.44</ele>
      </trkpt>
      <trkpt lat="46.97896" lon="17.94756">
        <ele>93.1</ele>
      </trkpt>
      <trkpt lat="46.97909" lon="17.94693">
        <ele>94.91</ele>
      </trkpt>
      <trkpt lat="46.97916" lon="17.9466">
        <ele>93.25</ele>
      </trkpt>
      <trkpt lat="46.97922" lon="17.9462">
        <ele>95.09</ele>
      </trkpt>
      <trkpt lat="46.97922" lon="17.9462">
        <ele>95.09</ele>
      </trkpt>
      <trkpt lat="46.97926" lon="17.94595">
        <ele>96.79</ele>
      </trkpt>
      <trkpt lat="46.97932" lon="17.94546">
        <ele>97.72</ele>
      </trkpt>
      <trkpt lat="46.97932" lon="17.94522">
        <ele>97.77</ele>
      </trkpt>
      <trkpt lat="46.97935" lon="17.94513">
        <ele>98.33</ele>
      </trkpt>
      <trkpt lat="46.97936" lon="17.94506">
        <ele>98.63</ele>
      </trkpt>
      <trkpt lat="46.97938" lon="17.94494">
        <ele>99.34</ele>
      </trkpt>
      <trkpt lat="46.97937" lon="17.94485">
        <ele>99.61</ele>
      </trkpt>
      <trkpt lat="46.97931" lon="17.9443">
        <ele>102.07</ele>
      </trkpt>
      <trkpt lat="46.97931" lon="17.94422">
        <ele>102.36</ele>
      </trkpt>
      <trkpt lat="46.97936" lon="17.94411">
        <ele>103.35</ele>
      </trkpt>
      <trkpt lat="46.97938" lon="17.94401">
        <ele>104.0</ele>
      </trkpt>
      <trkpt lat="46.97937" lon="17.94372">
        <ele>103.86</ele>
      </trkpt>
      <trkpt lat="46.97933" lon="17.94312">
        <ele>103.53</ele>
      </trkpt>
      <trkpt lat="46.97931" lon="17.94292">
        <ele>103.78</ele>
      </trkpt>
      <trkpt lat="46.97929" lon="17.94282">
        <ele>103.8</ele>
      </trkpt>
      <trkpt lat="46.97927" lon="17.94274">
        <ele>103.64</ele>
      </trkpt>
      <trkpt lat="46.97923" lon="17.94253">
        <ele>103.05</ele>
      </trkpt>
      <trkpt lat="46.97922" lon="17.94241">
        <ele>102.61</ele>
      </trkpt>
      <trkpt lat="46.9792" lon="17.94229">
        <ele>102.15</ele>
      </trkpt>
      <trkpt lat="46.97908" lon="17.94172">
        <ele>100.44</ele>
      </trkpt>
      <trkpt lat="46.9789" lon="17.94108">
        <ele>102.76</ele>
      </trkpt>
      <trkpt lat="46.97879" lon="17.94075">
        <ele>101.83</ele>
      </trkpt>
      <trkpt lat="46.97875" lon="17.94063">
        <ele>102.0</ele>
      </trkpt>
      <trkpt lat="46.97869" lon="17.94052">
        <ele>102.88</ele>
      </trkpt>
      <trkpt lat="46.97865" lon="17.94042">
        <ele>103.72</ele>
      </trkpt>
      <trkpt lat="46.97861" lon="17.94032">
        <ele>104.84</ele>
      </trkpt>
      <trkpt lat="46.97855" lon="17.94012">
        <ele>105.03</ele>
      </trkpt>
      <trkpt lat="46.97841" lon="17.93971">
        <ele>107.16</ele>
      </trkpt>
      <trkpt lat="46.97775" lon="17.938">
        <ele>106.8</ele>
      </trkpt>
      <trkpt lat="46.97728" lon="17.93688">
        <ele>107.21</ele>
      </trkpt>
      <trkpt lat="46.97658" lon="17.93555">
        <ele>112.38</ele>
      </trkpt>
      <trkpt lat="46.97652" lon="17.93549">
        <ele>112.21</ele>
      </trkpt>
      <trkpt lat="46.97641" lon="17.93543">
        <ele>112.37</ele>
      </trkpt>
      <trkpt lat="46.97635" lon="17.93537">
        <ele>112.12</ele>
      </trkpt>
      <trkpt lat="46.97628" lon="17.93523">
        <ele>112.21</ele>
      </trkpt>
      <trkpt lat="46.97614" lon="17.93537">
        <ele>107.33</ele>
      </trkpt>
      <trkpt lat="46.97565" lon="17.93582">
        <ele>96.69</ele>
      </trkpt>
      <trkpt lat="46.97565" lon="17.93582">
        <ele>96.69</ele>
      </trkpt>
      <trkpt lat="46.97561" lon="17.93586">
        <ele>96.79</ele>
      </trkpt>
      <trkpt lat="46.9749" lon="17.93652">
        <ele>94.52</ele>
      </trkpt>
      <trkpt lat="46.9743" lon="17.93707">
        <ele>97.6</ele>
      </trkpt>
      <trkpt lat="46.97346" lon="17.93784">
        <ele>97.63</ele>
      </trkpt>
      <trkpt lat="46.97232" lon="17.93889">
        <ele>97.29</ele>
      </trkpt>
      <trkpt lat="46.972" lon="17.93919">
        <ele>98.08</ele>
      </trkpt>
      <trkpt lat="46.97156" lon="17.9396">
        <ele>91.0</ele>
      </trkpt>
      <trkpt lat="46.97149" lon="17.93963">
        <ele>91.0</ele>
      </trkpt>
      <trkpt lat="46.97141" lon="17.93961">
        <ele>91.0</ele>
      </trkpt>
      <trkpt lat="46.97135" lon="17.93957">
        <ele>91.0</ele>
      </trkpt>
      <trkpt lat="46.97082" lon="17.939">
        <ele>91.0</ele>
      </trkpt>
      <trkpt lat="46.97059" lon="17.93858">
        <ele>91.04</ele>
      </trkpt>
      <trkpt lat="46.97054" lon="17.93849">
        <ele>91.0</ele>
      </trkpt>
      <trkpt lat="46.97045" lon="17.93832">
        <ele>91.0</ele>
      </trkpt>
      <trkpt lat="46.97034" lon="17.93812">
        <ele>91.0</ele>
      </trkpt>
      <trkpt lat="46.97038" lon="17.93806">
        <ele>91.0</ele>
      </trkpt>
      <trkpt lat="46.9699" lon="17.93716">
        <ele>91.0</ele>
      </trkpt>
      <trkpt lat="46.96974" lon="17.93685">
        <ele>91.0</ele>
      </trkpt>
      <trkpt lat="46.96974" lon="17.93685">
        <ele>91.0</ele>
      </trkpt>
      <trkpt lat="46.96953" lon="17.93644">
        <ele>91.25</ele>
      </trkpt>
      <trkpt lat="46.96927" lon="17.93595">
        <ele>91.0</ele>
      </trkpt>
      <trkpt lat="46.96926" lon="17.93593">
        <ele>91.0</ele>
      </trkpt>
      <trkpt lat="46.96944" lon="17.93575">
        <ele>91.0</ele>
      </trkpt>
      <trkpt lat="46.96934" lon="17.93555">
        <ele>91.07</ele>
      </trkpt>
      <trkpt lat="46.96932" lon="17.93549">
        <ele>91.78</ele>
      </trkpt>
      <trkpt lat="46.96873" lon="17.93431">
        <ele>91.0</ele>
      </trkpt>
      <trkpt lat="46.96813" lon="17.93303">
        <ele>91.0</ele>
      </trkpt>
      <trkpt lat="46.96779" lon="17.9323">
        <ele>91.0</ele>
      </trkpt>
      <trkpt lat="46.96754" lon="17.93162">
        <ele>91.98</ele>
      </trkpt>
      <trkpt lat="46.96754" lon="17.93162">
        <ele>91.98</ele>
      </trkpt>
      <trkpt lat="46.96728" lon="17.93067">
        <ele>92.66</ele>
      </trkpt>
      <trkpt lat="46.96728" lon="17.93067">
        <ele>92.66</ele>
      </trkpt>
      <trkpt lat="46.96636" lon="17.92835">
        <ele>93.07</ele>
      </trkpt>
      <trkpt lat="46.96637" lon="17.92823">
        <ele>92.59</ele>
      </trkpt>
      <trkpt lat="46.96649" lon="17.92791">
        <ele>91.06</ele>
      </trkpt>
      <trkpt lat="46.96649" lon="17.92791">
        <ele>91.06</ele>
      </trkpt>
      <trkpt lat="46.9668" lon="17.92711">
        <ele>91.48</ele>
      </trkpt>
      <trkpt lat="46.96705" lon="17.92684">
        <ele>91.77</ele>
      </trkpt>
      <trkpt lat="46.96732" lon="17.9264">
        <ele>92.0</ele>
      </trkpt>
      <trkpt lat="46.96752" lon="17.92596">
        <ele>92.1</ele>
      </trkpt>
      <trkpt lat="46.96779" lon="17.92536">
        <ele>92.52</ele>
      </trkpt>
      <trkpt lat="46.96786" lon="17.92529">
        <ele>93.52</ele>
      </trkpt>
      <trkpt lat="46.96797" lon="17.9253">
        <ele>95.54</ele>
      </trkpt>
      <trkpt lat="46.96843" lon="17.92548">
        <ele>101.58</ele>
      </trkpt>
      <trkpt lat="46.96851" lon="17.92547">
        <ele>101.04</ele>
      </trkpt>
      <trkpt lat="46.96963" lon="17.92514">
        <ele>99.83</ele>
      </trkpt>
      <trkpt lat="46.96963" lon="17.92514">
        <ele>99.83</ele>
      </trkpt>
      <trkpt lat="46.96978" lon="17.9251">
        <ele>98.94</ele>
      </trkpt>
      <trkpt lat="46.96978" lon="17.9251">
        <ele>98.94</ele>
      </trkpt>
      <trkpt lat="46.9698" lon="17.92509">
        <ele>98.75</ele>
      </trkpt>
      <trkpt lat="46.96977" lon="17.92485">
        <ele>99.67</ele>
      </trkpt>
      <trkpt lat="46.96974" lon="17.92459">
        <ele>99.04</ele>
      </trkpt>
      <trkpt lat="46.96969" lon="17.92413">
        <ele>94.98</ele>
      </trkpt>
      <trkpt lat="46.96969" lon="17.92407">
        <ele>94.77</ele>
      </trkpt>
      <trkpt lat="46.96969" lon="17.92413">
        <ele>94.98</ele>
      </trkpt>
      <trkpt lat="46.96968" lon="17.92391">
        <ele>94.23</ele>
      </trkpt>
      <trkpt lat="46.96964" lon="17.92344">
        <ele>92.45</ele>
      </trkpt>
      <trkpt lat="46.96963" lon="17.92325">
        <ele>91.53</ele>
      </trkpt>
      <trkpt lat="46.9696" lon="17.92286">
        <ele>88.4</ele>
      </trkpt>
      <trkpt lat="46.96967" lon="17.92284">
        <ele>86.76</ele>
      </trkpt>
      <trkpt lat="46.96969" lon="17.92282">
        <ele>86.13</ele>
      </trkpt>
      <trkpt lat="46.9697" lon="17.92277">
        <ele>85.45</ele>
      </trkpt>
      <trkpt lat="46.96969" lon="17.92254">
        <ele>84.84</ele>
      </trkpt>
      <trkpt lat="46.96972" lon="17.92238">
        <ele>84.91</ele>
      </trkpt>
      <trkpt lat="46.96977" lon="17.92222">
        <ele>85.0</ele>
      </trkpt>
      <trkpt lat="46.96987" lon="17.92211">
        <ele>84.88</ele>
      </trkpt>
      <trkpt lat="46.96997" lon="17.92208">
        <ele>84.01</ele>
      </trkpt>
      <trkpt lat="46.97026" lon="17.922">
        <ele>86.72</ele>
      </trkpt>
      <trkpt lat="46.97026" lon="17.922">
        <ele>86.72</ele>
      </trkpt>
      <trkpt lat="46.97061" lon="17.92189">
        <ele>96.06</ele>
      </trkpt>
      <trkpt lat="46.97071" lon="17.92188">
        <ele>97.3</ele>
      </trkpt>
      <trkpt lat="46.97084" lon="17.92189">
        <ele>98.8</ele>
      </trkpt>
      <trkpt lat="46.97092" lon="17.92188">
        <ele>98.77</ele>
      </trkpt>
      <trkpt lat="46.97096" lon="17.92187">
        <ele>98.73</ele>
      </trkpt>
      <trkpt lat="46.97101" lon="17.92186">
        <ele>98.7</ele>
      </trkpt>
      <trkpt lat="46.97209" lon="17.92157">
        <ele>90.61</ele>
      </trkpt>
      <trkpt lat="46.97217" lon="17.92152">
        <ele>89.99</ele>
      </trkpt>
      <trkpt lat="46.97221" lon="17.92143">
        <ele>89.95</ele>
      </trkpt>
      <trkpt lat="46.97221" lon="17.92129">
        <ele>91.39</ele>
      </trkpt>
      <trkpt lat="46.97222" lon="17.92118">
        <ele>92.98</ele>
      </trkpt>
      <trkpt lat="46.97226" lon="17.92115">
        <ele>94.35</ele>
      </trkpt>
      <trkpt lat="46.97234" lon="17.92113">
        <ele>96.64</ele>
      </trkpt>
      <trkpt lat="46.97257" lon="17.92111">
        <ele>99.99</ele>
      </trkpt>
      <trkpt lat="46.97261" lon="17.92108">
        <ele>99.48</ele>
      </trkpt>
      <trkpt lat="46.97263" lon="17.92104">
        <ele>99.26</ele>
      </trkpt>
      <trkpt lat="46.97265" lon="17.92096">
        <ele>99.09</ele>
      </trkpt>
      <trkpt lat="46.97263" lon="17.92059">
        <ele>98.21</ele>
      </trkpt>
      <trkpt lat="46.97263" lon="17.92052">
        <ele>98.13</ele>
      </trkpt>
      <trkpt lat="46.97263" lon="17.92046">
        <ele>98.34</ele>
      </trkpt>
      <trkpt lat="46.97258" lon="17.9197">
        <ele>98.98</ele>
      </trkpt>
      <trkpt lat="46.97243" lon="17.91741">
        <ele>103.83</ele>
      </trkpt>
      <trkpt lat="46.97239" lon="17.91692">
        <ele>103.8</ele>
      </trkpt>
      <trkpt lat="46.97236" lon="17.91672">
        <ele>102.9</ele>
      </trkpt>
      <trkpt lat="46.97236" lon="17.91672">
        <ele>102.9</ele>
      </trkpt>
      <trkpt lat="46.97233" lon="17.91646">
        <ele>103.64</ele>
      </trkpt>
      <trkpt lat="46.97225" lon="17.91605">
        <ele>105.56</ele>
      </trkpt>
      <trkpt lat="46.97216" lon="17.91567">
        <ele>103.22</ele>
      </trkpt>
      <trkpt lat="46.972" lon="17.91521">
        <ele>105.24</ele>
      </trkpt>
      <trkpt lat="46.97179" lon="17.91469">
        <ele>108.28</ele>
      </trkpt>
      <trkpt lat="46.97082" lon="17.9127">
        <ele>109.38</ele>
      </trkpt>
      <trkpt lat="46.97019" lon="17.91145">
        <ele>119.01</ele>
      </trkpt>
      <trkpt lat="46.97014" lon="17.91139">
        <ele>119.5</ele>
      </trkpt>
      <trkpt lat="46.97008" lon="17.91137">
        <ele>119.06</ele>
      </trkpt>
      <trkpt lat="46.97008" lon="17.91137">
        <ele>119.06</ele>
      </trkpt>
      <trkpt lat="46.97005" lon="17.91137">
        <ele>118.71</ele>
      </trkpt>
      <trkpt lat="46.96998" lon="17.9114">
        <ele>117.78</ele>
      </trkpt>
      <trkpt lat="46.96994" lon="17.9114">
        <ele>117.5</ele>
      </trkpt>
      <trkpt lat="46.9699" lon="17.91138">
        <ele>117.34</ele>
      </trkpt>
      <trkpt lat="46.96987" lon="17.91135">
        <ele>117.34</ele>
      </trkpt>
      <trkpt lat="46.96982" lon="17.91128">
        <ele>117.49</ele>
      </trkpt>
      <trkpt lat="46.96971" lon="17.91106">
        <ele>118.43</ele>
      </trkpt>
      <trkpt lat="46.96965" lon="17.91088">
        <ele>119.93</ele>
      </trkpt>
      <trkpt lat="46.96959" lon="17.91057">
        <ele>121.9</ele>
      </trkpt>
      <trkpt lat="46.96953" lon="17.91042">
        <ele>122.83</ele>
      </trkpt>
      <trkpt lat="46.96946" lon="17.91032">
        <ele>123.65</ele>
      </trkpt>
      <trkpt lat="46.96927" lon="17.9101">
        <ele>124.82</ele>
      </trkpt>
      <trkpt lat="46.96813" lon="17.90895">
        <ele>132.93</ele>
      </trkpt>
      <trkpt lat="46.96775" lon="17.90859">
        <ele>130.75</ele>
      </trkpt>
      <trkpt lat="46.96706" lon="17.90795">
        <ele>128.68</ele>
      </trkpt>
      <trkpt lat="46.96706" lon="17.90795">
        <ele>128.68</ele>
      </trkpt>
      <trkpt lat="46.96689" lon="17.90779">
        <ele>126.81</ele>
      </trkpt>
      <trkpt lat="46.96636" lon="17.90734">
        <ele>131.1</ele>
      </trkpt>
      <trkpt lat="46.96631" lon="17.90732">
        <ele>130.68</ele>
      </trkpt>
      <trkpt lat="46.96622" lon="17.90732">
        <ele>130.58</ele>
      </trkpt>
      <trkpt lat="46.96617" lon="17.90731">
        <ele>130.29</ele>
      </trkpt>
      <trkpt lat="46.96611" lon="17.90723">
        <ele>128.21</ele>
      </trkpt>
      <trkpt lat="46.96609" lon="17.90716">
        <ele>127.91</ele>
      </trkpt>
      <trkpt lat="46.96606" lon="17.90712">
        <ele>128.2</ele>
      </trkpt>
      <trkpt lat="46.96584" lon="17.90696">
        <ele>132.78</ele>
      </trkpt>
      <trkpt lat="46.96575" lon="17.90693">
        <ele>132.11</ele>
      </trkpt>
      <trkpt lat="46.96568" lon="17.90689">
        <ele>131.58</ele>
      </trkpt>
      <trkpt lat="46.96562" lon="17.90682">
        <ele>131.62</ele>
      </trkpt>
      <trkpt lat="46.96447" lon="17.90591">
        <ele>134.17</ele>
      </trkpt>
      <trkpt lat="46.96441" lon="17.9059">
        <ele>133.51</ele>
      </trkpt>
      <trkpt lat="46.96436" lon="17.90591">
        <ele>132.75</ele>
      </trkpt>
      <trkpt lat="46.96432" lon="17.90596">
        <ele>131.84</ele>
      </trkpt>
      <trkpt lat="46.96426" lon="17.90611">
        <ele>129.36</ele>
      </trkpt>
      <trkpt lat="46.96421" lon="17.90618">
        <ele>127.31</ele>
      </trkpt>
      <trkpt lat="46.96415" lon="17.90623">
        <ele>125.22</ele>
      </trkpt>
      <trkpt lat="46.96415" lon="17.90623">
        <ele>125.22</ele>
      </trkpt>
      <trkpt lat="46.96399" lon="17.90638">
        <ele>117.8</ele>
      </trkpt>
      <trkpt lat="46.96395" lon="17.90639">
        <ele>116.19</ele>
      </trkpt>
      <trkpt lat="46.96391" lon="17.90639">
        <ele>114.75</ele>
      </trkpt>
      <trkpt lat="46.96386" lon="17.90636">
        <ele>114.49</ele>
      </trkpt>
      <trkpt lat="46.96378" lon="17.90652">
        <ele>113.03</ele>
      </trkpt>
      <trkpt lat="46.9637" lon="17.90666">
        <ele>112.7</ele>
      </trkpt>
      <trkpt lat="46.96359" lon="17.90679">
        <ele>113.68</ele>
      </trkpt>
      <trkpt lat="46.96267" lon="17.90759">
        <ele>111.71</ele>
      </trkpt>
      <trkpt lat="46.96234" lon="17.90788">
        <ele>112.3</ele>
      </trkpt>
      <trkpt lat="46.96218" lon="17.90802">
        <ele>110.47</ele>
      </trkpt>
      <trkpt lat="46.96169" lon="17.90844">
        <ele>109.21</ele>
      </trkpt>
      <trkpt lat="46.96135" lon="17.90874">
        <ele>106.75</ele>
      </trkpt>
      <trkpt lat="46.96121" lon="17.90886">
        <ele>105.96</ele>
      </trkpt>
      <trkpt lat="46.96077" lon="17.90925">
        <ele>102.18</ele>
      </trkpt>
      <trkpt lat="46.96035" lon="17.90961">
        <ele>96.29</ele>
      </trkpt>
      <trkpt lat="46.95989" lon="17.91">
        <ele>94.19</ele>
      </trkpt>
      <trkpt lat="46.9596" lon="17.91026">
        <ele>98.5</ele>
      </trkpt>
      <trkpt lat="46.95948" lon="17.91032">
        <ele>100.78</ele>
      </trkpt>
      <trkpt lat="46.95938" lon="17.91031">
        <ele>101.01</ele>
      </trkpt>
      <trkpt lat="46.95934" lon="17.91044">
        <ele>97.62</ele>
      </trkpt>
      <trkpt lat="46.95928" lon="17.91056">
        <ele>95.79</ele>
      </trkpt>
      <trkpt lat="46.95917" lon="17.91065">
        <ele>97.3</ele>
      </trkpt>
      <trkpt lat="46.95917" lon="17.91065">
        <ele>97.3</ele>
      </trkpt>
      <trkpt lat="46.95865" lon="17.9111">
        <ele>102.63</ele>
      </trkpt>
      <trkpt lat="46.95836" lon="17.91135">
        <ele>105.96</ele>
      </trkpt>
      <trkpt lat="46.95821" lon="17.91148">
        <ele>106.81</ele>
      </trkpt>
      <trkpt lat="46.95777" lon="17.9119">
        <ele>108.02</ele>
      </trkpt>
      <trkpt lat="46.95771" lon="17.912">
        <ele>107.94</ele>
      </trkpt>
      <trkpt lat="46.9576" lon="17.91199">
        <ele>108.52</ele>
      </trkpt>
      <trkpt lat="46.95699" lon="17.91091">
        <ele>97.32</ele>
      </trkpt>
      <trkpt lat="46.95699" lon="17.91091">
        <ele>97.32</ele>
      </trkpt>
      <trkpt lat="46.95675" lon="17.91049">
        <ele>103.1</ele>
      </trkpt>
      <trkpt lat="46.95673" lon="17.91043">
        <ele>103.57</ele>
      </trkpt>
      <trkpt lat="46.95671" lon="17.91039">
        <ele>103.94</ele>
      </trkpt>
      <trkpt lat="46.95643" lon="17.90973">
        <ele>107.38</ele>
      </trkpt>
      <trkpt lat="46.95624" lon="17.90928">
        <ele>100.69</ele>
      </trkpt>
      <trkpt lat="46.95609" lon="17.90891">
        <ele>98.69</ele>
      </trkpt>
      <trkpt lat="46.95598" lon="17.90859">
        <ele>104.76</ele>
      </trkpt>
      <trkpt lat="46.95595" lon="17.90851">
        <ele>104.62</ele>
      </trkpt>
      <trkpt lat="46.95592" lon="17.90817">
        <ele>103.7</ele>
      </trkpt>
      <trkpt lat="46.95589" lon="17.90762">
        <ele>99.13</ele>
      </trkpt>
      <trkpt lat="46.95591" lon="17.90727">
        <ele>98.14</ele>
      </trkpt>
      <trkpt lat="46.95588" lon="17.90661">
        <ele>95.83</ele>
      </trkpt>
      <trkpt lat="46.95588" lon="17.90626">
        <ele>95.83</ele>
      </trkpt>
      <trkpt lat="46.95588" lon="17.90553">
        <ele>96.24</ele>
      </trkpt>
      <trkpt lat="46.9559" lon="17.90521">
        <ele>93.15</ele>
      </trkpt>
      <trkpt lat="46.95595" lon="17.90489">
        <ele>91.94</ele>
      </trkpt>
      <trkpt lat="46.95634" lon="17.90323">
        <ele>92.53</ele>
      </trkpt>
      <trkpt lat="46.9564" lon="17.90297">
        <ele>96.51</ele>
      </trkpt>
      <trkpt lat="46.95643" lon="17.9029">
        <ele>97.3</ele>
      </trkpt>
      <trkpt lat="46.95643" lon="17.9029">
        <ele>97.3</ele>
      </trkpt>
      <trkpt lat="46.95648" lon="17.90281">
        <ele>98.52</ele>
      </trkpt>
      <trkpt lat="46.95665" lon="17.90266">
        <ele>101.38</ele>
      </trkpt>
      <trkpt lat="46.95673" lon="17.90256">
        <ele>100.08</ele>
      </trkpt>
      <trkpt lat="46.9566" lon="17.90217">
        <ele>100.62</ele>
      </trkpt>
      <trkpt lat="46.95625" lon="17.90119">
        <ele>92.36</ele>
      </trkpt>
      <trkpt lat="46.95619" lon="17.90099">
        <ele>92.22</ele>
      </trkpt>
      <trkpt lat="46.95619" lon="17.90099">
        <ele>92.22</ele>
      </trkpt>
      <trkpt lat="46.95588" lon="17.90008">
        <ele>93.37</ele>
      </trkpt>
      <trkpt lat="46.95558" lon="17.89917">
        <ele>92.05</ele>
      </trkpt>
      <trkpt lat="46.95537" lon="17.89854">
        <ele>91.0</ele>
      </trkpt>
      <trkpt lat="46.95536" lon="17.89851">
        <ele>91.0</ele>
      </trkpt>
      <trkpt lat="46.95481" lon="17.89683">
        <ele>91.0</ele>
      </trkpt>
      <trkpt lat="46.95445" lon="17.89578">
        <ele>91.0</ele>
      </trkpt>
      <trkpt lat="46.95433" lon="17.89544">
        <ele>91.0</ele>
      </trkpt>
      <trkpt lat="46.954" lon="17.89449">
        <ele>95.67</ele>
      </trkpt>
      <trkpt lat="46.95388" lon="17.89412">
        <ele>91.49</ele>
      </trkpt>
      <trkpt lat="46.95381" lon="17.89393">
        <ele>93.07</ele>
      </trkpt>
      <trkpt lat="46.95377" lon="17.89376">
        <ele>93.28</ele>
      </trkpt>
      <trkpt lat="46.95377" lon="17.89366">
        <ele>93.38</ele>
      </trkpt>
      <trkpt lat="46.95379" lon="17.89349">
        <ele>94.38</ele>
      </trkpt>
      <trkpt lat="46.95381" lon="17.89334">
        <ele>95.51</ele>
      </trkpt>
      <trkpt lat="46.95381" lon="17.89328">
        <ele>96.91</ele>
      </trkpt>
      <trkpt lat="46.95381" lon="17.89319">
        <ele>99.18</ele>
      </trkpt>
      <trkpt lat="46.95381" lon="17.89319">
        <ele>99.18</ele>
      </trkpt>
      <trkpt lat="46.95382" lon="17.89315">
        <ele>100.12</ele>
      </trkpt>
      <trkpt lat="46.95381" lon="17.89311">
        <ele>101.2</ele>
      </trkpt>
      <trkpt lat="46.9538" lon="17.89305">
        <ele>102.79</ele>
      </trkpt>
      <trkpt lat="46.95361" lon="17.8926">
        <ele>113.52</ele>
      </trkpt>
      <trkpt lat="46.95356" lon="17.89248">
        <ele>112.8</ele>
      </trkpt>
      <trkpt lat="46.95348" lon="17.89229">
        <ele>108.61</ele>
      </trkpt>
      <trkpt lat="46.95322" lon="17.89173">
        <ele>96.28</ele>
      </trkpt>
      <trkpt lat="46.9532" lon="17.89167">
        <ele>95.18</ele>
      </trkpt>
      <trkpt lat="46.95319" lon="17.89165">
        <ele>94.84</ele>
      </trkpt>
      <trkpt lat="46.9531" lon="17.89147">
        <ele>92.17</ele>
      </trkpt>
      <trkpt lat="46.95251" lon="17.8904">
        <ele>99.05</ele>
      </trkpt>
      <trkpt lat="46.95229" lon="17.89">
        <ele>103.02</ele>
      </trkpt>
      <trkpt lat="46.95228" lon="17.88998">
        <ele>103.21</ele>
      </trkpt>
      <trkpt lat="46.95223" lon="17.8899">
        <ele>103.92</ele>
      </trkpt>
      <trkpt lat="46.95219" lon="17.88985">
        <ele>103.72</ele>
      </trkpt>
      <trkpt lat="46.95215" lon="17.88979">
        <ele>103.55</ele>
      </trkpt>
      <trkpt lat="46.95214" lon="17.88978">
        <ele>103.52</ele>
      </trkpt>
      <trkpt lat="46.95208" lon="17.88965">
        <ele>103.88</ele>
      </trkpt>
      <trkpt lat="46.95204" lon="17.88955">
        <ele>104.37</ele>
      </trkpt>
      <trkpt lat="46.95202" lon="17.88952">
        <ele>104.53</ele>
      </trkpt>
      <trkpt lat="46.95198" lon="17.88944">
        <ele>105.0</ele>
      </trkpt>
      <trkpt lat="46.95192" lon="17.88936">
        <ele>104.94</ele>
      </trkpt>
      <trkpt lat="46.95186" lon="17.88925">
        <ele>104.91</ele>
      </trkpt>
      <trkpt lat="46.95173" lon="17.889">
        <ele>106.99</ele>
      </trkpt>
      <trkpt lat="46.95128" lon="17.88803">
        <ele>103.71</ele>
      </trkpt>
      <trkpt lat="46.95125" lon="17.88793">
        <ele>103.05</ele>
      </trkpt>
      <trkpt lat="46.95123" lon="17.8878">
        <ele>102.5</ele>
      </trkpt>
      <trkpt lat="46.95122" lon="17.88773">
        <ele>102.26</ele>
      </trkpt>
      <trkpt lat="46.9512" lon="17.88764">
        <ele>102.0</ele>
      </trkpt>
      <trkpt lat="46.95113" lon="17.88751">
        <ele>101.94</ele>
      </trkpt>
      <trkpt lat="46.95113" lon="17.88751">
        <ele>101.94</ele>
      </trkpt>
      <trkpt lat="46.95106" lon="17.8874">
        <ele>102.31</ele>
      </trkpt>
      <trkpt lat="46.95099" lon="17.88721">
        <ele>103.46</ele>
      </trkpt>
      <trkpt lat="46.95078" lon="17.88664">
        <ele>104.9</ele>
      </trkpt>
      <trkpt lat="46.95049" lon="17.88582">
        <ele>102.59</ele>
      </trkpt>
      <trkpt lat="46.95033" lon="17.88535">
        <ele>106.15</ele>
      </trkpt>
      <trkpt lat="46.95015" lon="17.88487">
        <ele>103.11</ele>
      </trkpt>
      <trkpt lat="46.95009" lon="17.88469">
        <ele>102.09</ele>
      </trkpt>
      <trkpt lat="46.94998" lon="17.88446">
        <ele>100.07</ele>
      </trkpt>
      <trkpt lat="46.94993" lon="17.8844">
        <ele>99.92</ele>
      </trkpt>
      <trkpt lat="46.94982" lon="17.88409">
        <ele>100.85</ele>
      </trkpt>
      <trkpt lat="46.94983" lon="17.88399">
        <ele>101.5</ele>
      </trkpt>
      <trkpt lat="46.94951" lon="17.88309">
        <ele>103.05</ele>
      </trkpt>
      <trkpt lat="46.94897" lon="17.88155">
        <ele>103.89</ele>
      </trkpt>
      <trkpt lat="46.94874" lon="17.88089">
        <ele>105.17</ele>
      </trkpt>
      <trkpt lat="46.94874" lon="17.88089">
        <ele>105.17</ele>
      </trkpt>
      <trkpt lat="46.94852" lon="17.88028">
        <ele>106.68</ele>
      </trkpt>
      <trkpt lat="46.94808" lon="17.87906">
        <ele>106.58</ele>
      </trkpt>
      <trkpt lat="46.94806" lon="17.87903">
        <ele>106.94</ele>
      </trkpt>
      <trkpt lat="46.94803" lon="17.87898">
        <ele>107.38</ele>
      </trkpt>
      <trkpt lat="46.94797" lon="17.8789">
        <ele>108.2</ele>
      </trkpt>
      <trkpt lat="46.94758" lon="17.87826">
        <ele>109.24</ele>
      </trkpt>
      <trkpt lat="46.94711" lon="17.87749">
        <ele>112.65</ele>
      </trkpt>
      <trkpt lat="46.94685" lon="17.87706">
        <ele>113.68</ele>
      </trkpt>
      <trkpt lat="46.94639" lon="17.87631">
        <ele>105.73</ele>
      </trkpt>
      <trkpt lat="46.94633" lon="17.87621">
        <ele>105.14</ele>
      </trkpt>
      <trkpt lat="46.94648" lon="17.87608">
        <ele>106.24</ele>
      </trkpt>
      <trkpt lat="46.94681" lon="17.87585">
        <ele>106.09</ele>
      </trkpt>
      <trkpt lat="46.94688" lon="17.87569">
        <ele>104.43</ele>
      </trkpt>
      <trkpt lat="46.94697" lon="17.87565">
        <ele>103.52</ele>
      </trkpt>
      <trkpt lat="46.94709" lon="17.87571">
        <ele>102.66</ele>
      </trkpt>
      <trkpt lat="46.94706" lon="17.87567">
        <ele>102.97</ele>
      </trkpt>
      <trkpt lat="46.94702" lon="17.87563">
        <ele>103.17</ele>
      </trkpt>
      <trkpt lat="46.94697" lon="17.87561">
        <ele>103.3</ele>
      </trkpt>
      <trkpt lat="46.94692" lon="17.87562">
        <ele>103.64</ele>
      </trkpt>
      <trkpt lat="46.94687" lon="17.87565">
        <ele>104.22</ele>
      </trkpt>
      <trkpt lat="46.94684" lon="17.8757">
        <ele>104.79</ele>
      </trkpt>
      <trkpt lat="46.94681" lon="17.8758">
        <ele>105.73</ele>
      </trkpt>
      <trkpt lat="46.94682" lon="17.87586">
        <ele>106.09</ele>
      </trkpt>
      <trkpt lat="46.94683" lon="17.87592">
        <ele>106.45</ele>
      </trkpt>
      <trkpt lat="46.94685" lon="17.87597">
        <ele>106.66</ele>
      </trkpt>
      <trkpt lat="46.94689" lon="17.87601">
        <ele>106.66</ele>
      </trkpt>
      <trkpt lat="46.94694" lon="17.87603">
        <ele>106.45</ele>
      </trkpt>
      <trkpt lat="46.94699" lon="17.87603">
        <ele>105.36</ele>
      </trkpt>
      <trkpt lat="46.94704" lon="17.876">
        <ele>104.07</ele>
      </trkpt>
      <trkpt lat="46.94707" lon="17.87596">
        <ele>103.24</ele>
      </trkpt>
      <trkpt lat="46.94709" lon="17.87591">
        <ele>102.64</ele>
      </trkpt>
      <trkpt lat="46.9471" lon="17.87586">
        <ele>102.28</ele>
      </trkpt>
      <trkpt lat="46.94717" lon="17.87578">
        <ele>101.34</ele>
      </trkpt>
      <trkpt lat="46.94728" lon="17.87572">
        <ele>100.35</ele>
      </trkpt>
      <trkpt lat="46.94739" lon="17.8757">
        <ele>98.76</ele>
      </trkpt>
      <trkpt lat="46.94761" lon="17.87561">
        <ele>97.08</ele>
      </trkpt>
      <trkpt lat="46.94787" lon="17.87552">
        <ele>97.77</ele>
      </trkpt>
      <trkpt lat="46.94821" lon="17.8754">
        <ele>102.07</ele>
      </trkpt>
      <trkpt lat="46.94844" lon="17.87531">
        <ele>105.04</ele>
      </trkpt>
      <trkpt lat="46.94902" lon="17.87509">
        <ele>107.5</ele>
      </trkpt>
      <trkpt lat="46.94902" lon="17.87509">
        <ele>107.5</ele>
      </trkpt>
      <trkpt lat="46.949" lon="17.87497">
        <ele>106.99</ele>
      </trkpt>
      <trkpt lat="46.94899" lon="17.87496">
        <ele>107.18</ele>
      </trkpt>
      <trkpt lat="46.94891" lon="17.87474">
        <ele>110.37</ele>
      </trkpt>
      <trkpt lat="46.94876" lon="17.8744">
        <ele>113.07</ele>
      </trkpt>
      <trkpt lat="46.94864" lon="17.87406">
        <ele>114.28</ele>
      </trkpt>
      <trkpt lat="46.94857" lon="17.87387">
        <ele>114.85</ele>
      </trkpt>
      <trkpt lat="46.94849" lon="17.87365">
        <ele>114.56</ele>
      </trkpt>
      <trkpt lat="46.94841" lon="17.87343">
        <ele>114.46</ele>
      </trkpt>
      <trkpt lat="46.94833" lon="17.87322">
        <ele>112.71</ele>
      </trkpt>
      <trkpt lat="46.94825" lon="17.873">
        <ele>109.94</ele>
      </trkpt>
      <trkpt lat="46.94817" lon="17.87278">
        <ele>109.06</ele>
      </trkpt>
      <trkpt lat="46.94809" lon="17.87258">
        <ele>108.24</ele>
      </trkpt>
      <trkpt lat="46.94812" lon="17.87255">
        <ele>108.79</ele>
      </trkpt>
      <trkpt lat="46.94809" lon="17.87258">
        <ele>108.24</ele>
      </trkpt>
      <trkpt lat="46.94821" lon="17.87248">
        <ele>110.1</ele>
      </trkpt>
    </trkseg>
  </trk>
</gpx>
